{
	"credit": "Made with Blockbench",
	"texture_size": [32, 32],
	"textures": {
		"0": "./brothers_last_breath",
		"particle": "block/texture"
	},
	"elements": [
		{
			"from": [7.75, 25.95, 7.75],
			"to": [8.75, 30.725, 8.25],
			"rotation": {"angle": 0, "axis": "y", "origin": [8.25, 22.95, 8.25]},
			"faces": {
				"north": {"uv": [0, 6, 0.5, 8.375], "texture": "#0"},
				"east": {"uv": [5, 6, 5.25, 8.375], "texture": "#0"},
				"south": {"uv": [5.5, 0, 6, 2.375], "texture": "#0"},
				"west": {"uv": [5.5, 6, 5.75, 8.375], "texture": "#0"},
				"up": {"uv": [5.75, 3, 5.5, 2.5], "rotation": 90, "texture": "#0"},
				"down": {"uv": [7.25, 2.5, 7, 3], "rotation": 270, "texture": "#0"}
			}
		},
		{
			"from": [7.6, 30.725, 7.575],
			"to": [8.9, 31.95, 8.425],
			"rotation": {"angle": 0, "axis": "y", "origin": [8.25, 22.95, 8.25]},
			"faces": {
				"north": {"uv": [7, 0, 7.625, 0.625], "texture": "#0"},
				"east": {"uv": [1.5, 7.5, 1.875, 8.125], "texture": "#0"},
				"south": {"uv": [6.5, 6, 7.125, 6.625], "texture": "#0"},
				"west": {"uv": [2, 7.5, 2.375, 8.125], "texture": "#0"},
				"up": {"uv": [7.875, 3.125, 7.5, 2.5], "rotation": 90, "texture": "#0"},
				"down": {"uv": [7.875, 3.5, 7.5, 4.125], "rotation": 270, "texture": "#0"}
			}
		},
		{
			"from": [6.75, 24.95, 7.75],
			"to": [9.75, 25.95, 8.25],
			"rotation": {"angle": 0, "axis": "y", "origin": [8.25, 22.95, 8.25]},
			"faces": {
				"north": {"uv": [6, 3.5, 7.5, 4], "texture": "#0"},
				"east": {"uv": [6.5, 8.5, 6.75, 9], "texture": "#0"},
				"south": {"uv": [6, 3, 7.5, 3.5], "texture": "#0"},
				"west": {"uv": [7, 8.5, 7.25, 9], "texture": "#0"},
				"up": {"uv": [7.25, 2.5, 7, 1], "rotation": 90, "texture": "#0"},
				"down": {"uv": [6.75, 7, 6.5, 8.5], "rotation": 270, "texture": "#0"}
			}
		},
		{
			"from": [9.44448, 24.41404, 7.85],
			"to": [11.44448, 25.41404, 8.15],
			"rotation": {"angle": -22.5, "axis": "z", "origin": [10.94448, 24.91404, 8]},
			"faces": {
				"north": {"uv": [6.5, 4.5, 7.5, 5], "texture": "#0"},
				"east": {"uv": [7.5, 9, 7.625, 9.5], "texture": "#0"},
				"south": {"uv": [6.5, 4, 7.5, 4.5], "texture": "#0"},
				"west": {"uv": [8, 9, 8.125, 9.5], "texture": "#0"},
				"up": {"uv": [8.625, 8.5, 8.5, 7.5], "rotation": 90, "texture": "#0"},
				"down": {"uv": [8.625, 8.5, 8.5, 9.5], "rotation": 270, "texture": "#0"}
			}
		},
		{
			"from": [4.9147, 25.122, 7.85],
			"to": [6.9147, 26.122, 8.15],
			"rotation": {"angle": 22.5, "axis": "z", "origin": [7.2647, 25.622, 8]},
			"faces": {
				"north": {"uv": [6.5, 5.5, 7.5, 6], "texture": "#0"},
				"east": {"uv": [9, 8, 9.125, 8.5], "texture": "#0"},
				"south": {"uv": [6.5, 5, 7.5, 5.5], "texture": "#0"},
				"west": {"uv": [9, 8.5, 9.125, 9], "texture": "#0"},
				"up": {"uv": [9.125, 1, 9, 0], "rotation": 90, "texture": "#0"},
				"down": {"uv": [0.625, 9, 0.5, 10], "rotation": 270, "texture": "#0"}
			}
		},
		{
			"from": [6.75, 22.6, 7.9],
			"to": [9.75, 24.95, 8.05],
			"rotation": {"angle": 0, "axis": "z", "origin": [8.25, 22.95, 8.25]},
			"faces": {
				"north": {"uv": [4, 1.5, 5.5, 2.625], "texture": "#0"},
				"east": {"uv": [8.5, 4.5, 8.625, 5.625], "texture": "#0"},
				"south": {"uv": [4, 0, 5.5, 1.125], "texture": "#0"},
				"west": {"uv": [5, 8.5, 5.125, 9.625], "texture": "#0"},
				"up": {"uv": [7.625, 6, 7.5, 4.5], "rotation": 90, "texture": "#0"},
				"down": {"uv": [7.625, 6, 7.5, 7.5], "rotation": 270, "texture": "#0"}
			}
		},
		{
			"from": [7.05, 9.15, 7.9],
			"to": [9.45, 20.3, 8.05],
			"rotation": {"angle": 0, "axis": "z", "origin": [8.25, 22.95, 8.25]},
			"faces": {
				"north": {"uv": [1.5, 0, 2.75, 5.625], "texture": "#0"},
				"east": {"uv": [2.5, 6, 2.625, 11.625], "texture": "#0"},
				"south": {"uv": [0, 0, 1.25, 5.625], "texture": "#0"},
				"west": {"uv": [6, 4, 6.125, 9.625], "texture": "#0"},
				"up": {"uv": [8.625, 1.25, 8.5, 0], "rotation": 90, "texture": "#0"},
				"down": {"uv": [1.625, 8.5, 1.5, 9.75], "rotation": 270, "texture": "#0"}
			}
		},
		{
			"from": [7.25, 20.3, 7.9],
			"to": [9.25, 22.65, 8.05],
			"rotation": {"angle": 0, "axis": "z", "origin": [8.25, 22.95, 8.25]},
			"faces": {
				"north": {"uv": [0.5, 6, 1.5, 7.125], "texture": "#0"},
				"east": {"uv": [5.5, 8.5, 5.625, 9.625], "texture": "#0"},
				"south": {"uv": [6, 0, 7, 1.125], "texture": "#0"},
				"west": {"uv": [8.5, 6, 8.625, 7.125], "texture": "#0"},
				"up": {"uv": [1.125, 10, 1, 9], "rotation": 90, "texture": "#0"},
				"down": {"uv": [9.125, 1, 9, 2], "rotation": 270, "texture": "#0"}
			}
		},
		{
			"from": [7.55, 6.325, 7.9],
			"to": [9.05, 9.175, 8.05],
			"rotation": {"angle": 0, "axis": "z", "origin": [8.25, 22.95, 8.25]},
			"faces": {
				"north": {"uv": [6, 1.5, 6.75, 2.875], "texture": "#0"},
				"east": {"uv": [7.5, 7.5, 7.625, 8.875], "texture": "#0"},
				"south": {"uv": [1.5, 6, 2.25, 7.375], "texture": "#0"},
				"west": {"uv": [8, 0, 8.125, 1.375], "texture": "#0"},
				"up": {"uv": [9.125, 4.75, 9, 4], "rotation": 90, "texture": "#0"},
				"down": {"uv": [9.125, 5, 9, 5.75], "rotation": 270, "texture": "#0"}
			}
		},
		{
			"from": [7.05, 6.325, 7.9],
			"to": [7.55, 9.15, 8.05],
			"rotation": {"angle": 0, "axis": "z", "origin": [7.325, 6.35, 7.975]},
			"faces": {
				"north": {"uv": [0.5, 7.5, 0.75, 8.875], "texture": "#0"},
				"east": {"uv": [8, 1.5, 8.125, 2.875], "texture": "#0"},
				"south": {"uv": [7, 7, 7.25, 8.375], "texture": "#0"},
				"west": {"uv": [8, 3, 8.125, 4.375], "texture": "#0"},
				"up": {"uv": [9.625, 0.75, 9.5, 0.5], "rotation": 90, "texture": "#0"},
				"down": {"uv": [9.625, 1, 9.5, 1.25], "rotation": 270, "texture": "#0"}
			}
		},
		{
			"from": [8.95, 6.325, 7.9],
			"to": [9.45, 9.15, 8.05],
			"rotation": {"angle": 0, "axis": "z", "origin": [7.325, 6.35, 7.975]},
			"faces": {
				"north": {"uv": [7.5, 1, 7.75, 2.375], "texture": "#0"},
				"east": {"uv": [8, 4.5, 8.125, 5.875], "texture": "#0"},
				"south": {"uv": [1, 7.5, 1.25, 8.875], "texture": "#0"},
				"west": {"uv": [8, 6, 8.125, 7.375], "texture": "#0"},
				"up": {"uv": [9.625, 1.75, 9.5, 1.5], "rotation": 90, "texture": "#0"},
				"down": {"uv": [2.125, 9.5, 2, 9.75], "rotation": 270, "texture": "#0"}
			}
		},
		{
			"from": [7.35, 3.65, 7.9],
			"to": [9.125, 6.4, 8.05],
			"rotation": {"angle": 0, "axis": "z", "origin": [7.325, 6.35, 7.975]},
			"faces": {
				"north": {"uv": [5, 4.5, 5.875, 5.875], "texture": "#0"},
				"east": {"uv": [8, 7.5, 8.125, 8.875], "texture": "#0"},
				"south": {"uv": [5, 3, 5.875, 4.375], "texture": "#0"},
				"west": {"uv": [0, 8.5, 0.125, 9.875], "texture": "#0"},
				"up": {"uv": [9.125, 2.875, 9, 2], "rotation": 90, "texture": "#0"},
				"down": {"uv": [9.125, 3, 9, 3.875], "rotation": 270, "texture": "#0"}
			}
		},
		{
			"from": [7.75, 0.9, 7.85],
			"to": [8.675, 24.975, 8.1],
			"rotation": {"angle": 0, "axis": "z", "origin": [7.325, 6.35, 7.975]},
			"faces": {
				"north": {"uv": [3.5, 0, 4, 12], "texture": "#0"},
				"east": {"uv": [4, 3, 4.125, 15], "texture": "#0"},
				"south": {"uv": [3, 0, 3.5, 12], "texture": "#0"},
				"west": {"uv": [4.5, 3, 4.625, 15], "texture": "#0"},
				"up": {"uv": [9.125, 9.5, 9, 9], "rotation": 90, "texture": "#0"},
				"down": {"uv": [9.625, 0, 9.5, 0.5], "rotation": 270, "texture": "#0"}
			}
		},
		{
			"from": [7.3, 21.8, 7.9],
			"to": [7.9, 23.1, 8.05],
			"rotation": {"angle": 22.5, "axis": "z", "origin": [8.25, 21.475, 9.975]},
			"faces": {
				"north": {"uv": [2, 8.5, 2.25, 9.125], "texture": "#0"},
				"east": {"uv": [9, 6, 9.125, 6.625], "texture": "#0"},
				"south": {"uv": [8.5, 1.5, 8.75, 2.125], "texture": "#0"},
				"west": {"uv": [6.5, 9, 6.625, 9.625], "texture": "#0"},
				"up": {"uv": [9.625, 2.25, 9.5, 2], "rotation": 90, "texture": "#0"},
				"down": {"uv": [9.625, 2.5, 9.5, 2.75], "rotation": 270, "texture": "#0"}
			}
		},
		{
			"from": [9.28935, 21.71587, 7.9],
			"to": [9.73935, 22.91587, 8.05],
			"rotation": {"angle": -22.5, "axis": "z", "origin": [8.93935, 22.81587, 7.975]},
			"faces": {
				"north": {"uv": [8.5, 3.5, 8.75, 4.125], "texture": "#0"},
				"east": {"uv": [7, 9, 7.125, 9.625], "texture": "#0"},
				"south": {"uv": [8.5, 2.5, 8.75, 3.125], "texture": "#0"},
				"west": {"uv": [9, 7, 9.125, 7.625], "texture": "#0"},
				"up": {"uv": [9.625, 3.25, 9.5, 3], "rotation": 90, "texture": "#0"},
				"down": {"uv": [9.625, 3.5, 9.5, 3.75], "rotation": 270, "texture": "#0"}
			}
		},
		{
			"from": [8.65, 19.9, 7.9],
			"to": [8.9, 20.4, 8.05],
			"rotation": {"angle": 22.5, "axis": "z", "origin": [8.25, 21.475, 9.975]},
			"faces": {
				"north": {"uv": [9.5, 5.5, 9.625, 5.75], "texture": "#0"},
				"east": {"uv": [9.5, 4, 9.625, 4.25], "texture": "#0"},
				"south": {"uv": [9.5, 4.5, 9.625, 4.75], "texture": "#0"},
				"west": {"uv": [9.5, 5, 9.625, 5.25], "texture": "#0"},
				"up": {"uv": [9.625, 7.625, 9.5, 7.5], "rotation": 90, "texture": "#0"},
				"down": {"uv": [8.125, 9.5, 8, 9.625], "rotation": 270, "texture": "#0"}
			}
		},
		{
			"from": [7.59209, 21.62677, 7.9],
			"to": [8.09209, 21.87677, 8.05],
			"rotation": {"angle": 45, "axis": "z", "origin": [9.24209, 20.45177, 7.975]},
			"faces": {
				"north": {"uv": [9.5, 6.5, 9.75, 6.625], "texture": "#0"},
				"east": {"uv": [9.5, 8, 9.625, 8.125], "texture": "#0"},
				"south": {"uv": [9.5, 6, 9.75, 6.125], "texture": "#0"},
				"west": {"uv": [8.5, 9.5, 8.625, 9.625], "texture": "#0"},
				"up": {"uv": [9.625, 7.25, 9.5, 7], "rotation": 90, "texture": "#0"},
				"down": {"uv": [7.625, 9.5, 7.5, 9.75], "rotation": 270, "texture": "#0"}
			}
		}
	],
	"display": {
		"thirdperson_righthand": {
			"rotation": [6, 71, -180],
			"translation": [-0.25, 20, 3.75]
		},
		"thirdperson_lefthand": {
			"rotation": [6, 71, -180],
			"translation": [-0.25, 20, 3.75]
		},
		"firstperson_righthand": {
			"rotation": [6, 71, -180],
			"translation": [-0.25, 20, 3.75]
		},
		"firstperson_lefthand": {
			"rotation": [6, 71, -180],
			"translation": [-0.25, 20, 3.75]
		},
		"gui": {
			"rotation": [0, 0, 41],
			"translation": [3.75, -4.75, 0],
			"scale": [0.77, 0.77, 0.77]
		},
		"head": {
			"rotation": [6, 71, -180],
			"translation": [-0.25, 20, 3.75]
		},
		"fixed": {
			"rotation": [0, 0, -46.25],
			"translation": [-6, -4.75, -0.75],
			"scale": [0.83984, 0.83984, 0.83984]
		}
	},
	"groups": [
		{
			"name": "base",
			"origin": [8, 8, 8],
			"children": [0, 1, 2, 3, 4]
		},
		{
			"name": "group",
			"origin": [8.25, 8.25, 8.25],
			"children": [5, 6, 7, 8, 9, 10, 11, 12, 13, 14, 15, 16]
		}
	]
}