{
	"credit": "Made with Blockbench",
	"textures": {
		"0": "block/yellow_concrete_powder",
		"1": "block/pink_concrete_powder",
		"particle": "block/yellow_concrete_powder"
	},
	"elements": [
		{
			"from": [4.71641, 0, 3.26188],
			"to": [4.91641, 1, 3.66188],
			"rotation": {"angle": 22.5, "axis": "y", "origin": [7.9844, 0.5, 2.17124]},
			"faces": {
				"north": {"uv": [0, 0, 0.2, 1], "texture": "#0"},
				"east": {"uv": [0, 0, 0.4, 1], "texture": "#0"},
				"south": {"uv": [0, 0, 0.2, 1], "texture": "#0"},
				"west": {"uv": [0, 0, 0.4, 1], "texture": "#0"},
				"up": {"uv": [0, 0, 0.2, 0.4], "texture": "#0"},
				"down": {"uv": [0, 0, 0.2, 0.4], "texture": "#0"}
			}
		},
		{
			"from": [6.03059, 0, 4.81115],
			"to": [6.53059, 1, 5.01115],
			"rotation": {"angle": 0, "axis": "y", "origin": [7.9844, 0.5, 2.17124]},
			"faces": {
				"north": {"uv": [0, 0, 0.5, 1], "texture": "#0"},
				"east": {"uv": [0, 0, 0.2, 1], "texture": "#0"},
				"south": {"uv": [0, 0, 0.5, 1], "texture": "#0"},
				"west": {"uv": [0, 0, 0.2, 1], "texture": "#0"},
				"up": {"uv": [0, 0, 0.2, 0.5], "rotation": 270, "texture": "#0"},
				"down": {"uv": [0, 0, 0.2, 0.5], "rotation": 90, "texture": "#0"}
			}
		},
		{
			"from": [7.37794, 0, 4.44369],
			"to": [7.87794, 1, 4.64369],
			"rotation": {"angle": 0, "axis": "y", "origin": [7.9844, 0.5, 2.17124]},
			"faces": {
				"north": {"uv": [0, 0, 0.5, 1], "texture": "#0"},
				"east": {"uv": [0, 0, 0.2, 1], "texture": "#0"},
				"south": {"uv": [0, 0, 0.5, 1], "texture": "#0"},
				"west": {"uv": [0, 0, 0.2, 1], "texture": "#0"},
				"up": {"uv": [0, 0, 0.2, 0.5], "rotation": 270, "texture": "#0"},
				"down": {"uv": [0, 0, 0.2, 0.5], "rotation": 90, "texture": "#0"}
			}
		},
		{
			"from": [6.05447, 0, 4.03863],
			"to": [6.55447, 1, 4.23863],
			"rotation": {"angle": 22.5, "axis": "y", "origin": [7.9844, 0.5, 2.17124]},
			"faces": {
				"north": {"uv": [0, 0, 0.5, 1], "texture": "#0"},
				"east": {"uv": [0, 0, 0.2, 1], "texture": "#0"},
				"south": {"uv": [0, 0, 0.5, 1], "texture": "#0"},
				"west": {"uv": [0, 0, 0.2, 1], "texture": "#0"},
				"up": {"uv": [0, 0, 0.2, 0.5], "rotation": 270, "texture": "#0"},
				"down": {"uv": [0, 0, 0.2, 0.5], "rotation": 90, "texture": "#0"}
			}
		},
		{
			"from": [5.55447, 0, 4.03863],
			"to": [6.05447, 1, 4.23863],
			"rotation": {"angle": 22.5, "axis": "y", "origin": [7.9844, 0.5, 2.17124]},
			"faces": {
				"north": {"uv": [0, 0, 0.5, 1], "texture": "#0"},
				"east": {"uv": [0, 0, 0.2, 1], "texture": "#0"},
				"south": {"uv": [0, 0, 0.5, 1], "texture": "#0"},
				"west": {"uv": [0, 0, 0.2, 1], "texture": "#0"},
				"up": {"uv": [0, 0, 0.2, 0.5], "rotation": 270, "texture": "#0"},
				"down": {"uv": [0, 0, 0.2, 0.5], "rotation": 90, "texture": "#0"}
			}
		},
		{
			"from": [5.74775, 0, 4.81115],
			"to": [6.04775, 1, 5.01115],
			"rotation": {"angle": 0, "axis": "y", "origin": [7.9844, 0.5, 2.17124]},
			"faces": {
				"north": {"uv": [0, 0, 0.3, 1], "texture": "#0"},
				"east": {"uv": [0, 0, 0.2, 1], "texture": "#0"},
				"south": {"uv": [0, 0, 0.3, 1], "texture": "#0"},
				"west": {"uv": [0, 0, 0.2, 1], "texture": "#0"},
				"up": {"uv": [0, 0, 0.2, 0.3], "rotation": 270, "texture": "#0"},
				"down": {"uv": [0, 0, 0.2, 0.3], "rotation": 90, "texture": "#0"}
			}
		},
		{
			"from": [8.11097, 0, 5.56092],
			"to": [8.41097, 1, 5.76092],
			"rotation": {"angle": -45, "axis": "y", "origin": [7.9844, 0.5, 2.17124]},
			"faces": {
				"north": {"uv": [0, 0, 0.3, 1], "texture": "#0"},
				"east": {"uv": [0, 0, 0.2, 1], "texture": "#0"},
				"south": {"uv": [0, 0, 0.3, 1], "texture": "#0"},
				"west": {"uv": [0, 0, 0.2, 1], "texture": "#0"},
				"up": {"uv": [0, 0, 0.2, 0.3], "rotation": 270, "texture": "#0"},
				"down": {"uv": [0, 0, 0.2, 0.3], "rotation": 90, "texture": "#0"}
			}
		},
		{
			"from": [5.67347, 0, 2.4669],
			"to": [5.87347, 1, 2.9669],
			"rotation": {"angle": 0, "axis": "y", "origin": [7.9844, 0.5, 2.17124]},
			"faces": {
				"north": {"uv": [0, 0, 0.2, 1], "texture": "#0"},
				"east": {"uv": [0, 0, 0.5, 1], "texture": "#0"},
				"south": {"uv": [0, 0, 0.2, 1], "texture": "#0"},
				"west": {"uv": [0, 0, 0.5, 1], "texture": "#0"},
				"up": {"uv": [0, 0, 0.2, 0.5], "texture": "#0"},
				"down": {"uv": [0, 0, 0.2, 0.5], "texture": "#0"}
			}
		},
		{
			"from": [6.13864, 0, 3.71416],
			"to": [6.33864, 1, 4.51416],
			"rotation": {"angle": -22.5, "axis": "y", "origin": [7.9844, 0.5, 2.17124]},
			"faces": {
				"north": {"uv": [0, 0, 0.2, 1], "texture": "#0"},
				"east": {"uv": [0, 0, 0.8, 1], "texture": "#0"},
				"south": {"uv": [0, 0, 0.2, 1], "texture": "#0"},
				"west": {"uv": [0, 0, 0.8, 1], "texture": "#0"},
				"up": {"uv": [0, 0, 0.2, 0.8], "texture": "#0"},
				"down": {"uv": [0, 0, 0.2, 0.8], "texture": "#0"}
			}
		},
		{
			"from": [5.38255, 0, 3.62947],
			"to": [5.58255, 1, 4.42947],
			"rotation": {"angle": 0, "axis": "y", "origin": [7.9844, 0.5, 2.17124]},
			"faces": {
				"north": {"uv": [0, 0, 0.2, 1], "texture": "#0"},
				"east": {"uv": [0, 0, 0.8, 1], "texture": "#0"},
				"south": {"uv": [0, 0, 0.2, 1], "texture": "#0"},
				"west": {"uv": [0, 0, 0.8, 1], "texture": "#0"},
				"up": {"uv": [0, 0, 0.2, 0.8], "texture": "#0"},
				"down": {"uv": [0, 0, 0.2, 0.8], "texture": "#0"}
			}
		},
		{
			"from": [9.57908, 0, 5.40409],
			"to": [9.97908, 1, 5.60409],
			"rotation": {"angle": 0, "axis": "y", "origin": [7.9844, 0.5, 2.17124]},
			"faces": {
				"north": {"uv": [0, 0, 0.4, 1], "texture": "#0"},
				"east": {"uv": [0, 0, 0.2, 1], "texture": "#0"},
				"south": {"uv": [0, 0, 0.4, 1], "texture": "#0"},
				"west": {"uv": [0, 0, 0.2, 1], "texture": "#0"},
				"up": {"uv": [0, 0, 0.2, 0.4], "rotation": 270, "texture": "#0"},
				"down": {"uv": [0, 0, 0.2, 0.4], "rotation": 90, "texture": "#0"}
			}
		},
		{
			"from": [11.15307, 0, 3.58448],
			"to": [11.35307, 1, 4.08448],
			"rotation": {"angle": -22.5, "axis": "y", "origin": [7.9844, 0.5, 2.17124]},
			"faces": {
				"north": {"uv": [0, 0, 0.2, 1], "texture": "#0"},
				"east": {"uv": [0, 0, 0.5, 1], "texture": "#0"},
				"south": {"uv": [0, 0, 0.2, 1], "texture": "#0"},
				"west": {"uv": [0, 0, 0.5, 1], "texture": "#0"},
				"up": {"uv": [0, 0, 0.2, 0.5], "rotation": 180, "texture": "#0"},
				"down": {"uv": [0, 0, 0.2, 0.5], "rotation": 180, "texture": "#0"}
			}
		},
		{
			"from": [10.35582, 0, 3.26603],
			"to": [10.55582, 1, 3.76603],
			"rotation": {"angle": 0, "axis": "y", "origin": [7.9844, 0.5, 2.17124]},
			"faces": {
				"north": {"uv": [0, 0, 0.2, 1], "texture": "#0"},
				"east": {"uv": [0, 0, 0.5, 1], "texture": "#0"},
				"south": {"uv": [0, 0, 0.2, 1], "texture": "#0"},
				"west": {"uv": [0, 0, 0.5, 1], "texture": "#0"},
				"up": {"uv": [0, 0, 0.2, 0.5], "rotation": 180, "texture": "#0"},
				"down": {"uv": [0, 0, 0.2, 0.5], "rotation": 180, "texture": "#0"}
			}
		},
		{
			"from": [10.59427, 0, 2.02519],
			"to": [10.79427, 1, 2.27519],
			"rotation": {"angle": -22.5, "axis": "y", "origin": [7.9844, 0.5, 2.17124]},
			"faces": {
				"north": {"uv": [0, 0, 0.2, 1], "texture": "#0"},
				"east": {"uv": [0, 0, 0.25, 1], "texture": "#0"},
				"south": {"uv": [0, 0, 0.2, 1], "texture": "#0"},
				"west": {"uv": [0, 0, 0.25, 1], "texture": "#0"},
				"up": {"uv": [0, 0, 0.2, 0.25], "rotation": 180, "texture": "#0"},
				"down": {"uv": [0, 0, 0.2, 0.25], "rotation": 180, "texture": "#0"}
			}
		},
		{
			"from": [10.33971, 0, 0.78756],
			"to": [10.53971, 1, 1.03756],
			"rotation": {"angle": -45, "axis": "y", "origin": [7.9844, 0.5, 2.17124]},
			"faces": {
				"north": {"uv": [0, 0, 0.2, 1], "texture": "#0"},
				"east": {"uv": [0, 0, 0.25, 1], "texture": "#0"},
				"south": {"uv": [0, 0, 0.2, 1], "texture": "#0"},
				"west": {"uv": [0, 0, 0.25, 1], "texture": "#0"},
				"up": {"uv": [0, 0, 0.2, 0.25], "rotation": 180, "texture": "#0"},
				"down": {"uv": [0, 0, 0.2, 0.25], "rotation": 180, "texture": "#0"}
			}
		},
		{
			"from": [10.1641, 0, 3.81775],
			"to": [10.4141, 1, 4.01775],
			"rotation": {"angle": 22.5, "axis": "y", "origin": [7.9844, 0.5, 2.17124]},
			"faces": {
				"north": {"uv": [0, 0, 0.25, 1], "texture": "#0"},
				"east": {"uv": [0, 0, 0.2, 1], "texture": "#0"},
				"south": {"uv": [0, 0, 0.25, 1], "texture": "#0"},
				"west": {"uv": [0, 0, 0.2, 1], "texture": "#0"},
				"up": {"uv": [0, 0, 0.2, 0.25], "rotation": 270, "texture": "#0"},
				"down": {"uv": [0, 0, 0.2, 0.25], "rotation": 90, "texture": "#0"}
			}
		},
		{
			"from": [10.44516, 0, 0.38312],
			"to": [10.62016, 1, 0.63312],
			"rotation": {"angle": -45, "axis": "y", "origin": [7.9844, 0.5, 2.17124]},
			"faces": {
				"north": {"uv": [0, 0, 0.175, 1], "texture": "#0"},
				"east": {"uv": [0, 0, 0.25, 1], "texture": "#0"},
				"south": {"uv": [0, 0, 0.175, 1], "texture": "#0"},
				"west": {"uv": [0, 0, 0.25, 1], "texture": "#0"},
				"up": {"uv": [0, 0, 0.175, 0.25], "rotation": 180, "texture": "#0"},
				"down": {"uv": [0, 0, 0.175, 0.25], "rotation": 180, "texture": "#0"}
			}
		},
		{
			"from": [10.35582, 0, 3.76603],
			"to": [10.55582, 1, 4.26603],
			"rotation": {"angle": 0, "axis": "y", "origin": [7.9844, 0.5, 2.17124]},
			"faces": {
				"north": {"uv": [0, 0, 0.2, 1], "texture": "#0"},
				"east": {"uv": [0, 0, 0.5, 1], "texture": "#0"},
				"south": {"uv": [0, 0, 0.2, 1], "texture": "#0"},
				"west": {"uv": [0, 0, 0.5, 1], "texture": "#0"},
				"up": {"uv": [0, 0, 0.2, 0.5], "rotation": 180, "texture": "#0"},
				"down": {"uv": [0, 0, 0.2, 0.5], "rotation": 180, "texture": "#0"}
			}
		},
		{
			"from": [10.35582, 0, 4.26603],
			"to": [10.55582, 1, 4.76603],
			"rotation": {"angle": 0, "axis": "y", "origin": [7.9844, 0.5, 2.17124]},
			"faces": {
				"north": {"uv": [0, 0, 0.2, 1], "texture": "#0"},
				"east": {"uv": [0, 0, 0.5, 1], "texture": "#0"},
				"south": {"uv": [0, 0, 0.2, 1], "texture": "#0"},
				"west": {"uv": [0, 0, 0.5, 1], "texture": "#0"},
				"up": {"uv": [0, 0, 0.2, 0.5], "rotation": 180, "texture": "#0"},
				"down": {"uv": [0, 0, 0.2, 0.5], "rotation": 180, "texture": "#0"}
			}
		},
		{
			"from": [11.15307, 0, 4.06732],
			"to": [11.35307, 1, 4.36732],
			"rotation": {"angle": -22.5, "axis": "y", "origin": [7.9844, 0.5, 2.17124]},
			"faces": {
				"north": {"uv": [0, 0, 0.2, 1], "texture": "#0"},
				"east": {"uv": [0, 0, 0.3, 1], "texture": "#0"},
				"south": {"uv": [0, 0, 0.2, 1], "texture": "#0"},
				"west": {"uv": [0, 0, 0.3, 1], "texture": "#0"},
				"up": {"uv": [0, 0, 0.2, 0.3], "rotation": 180, "texture": "#0"},
				"down": {"uv": [0, 0, 0.2, 0.3], "rotation": 180, "texture": "#0"}
			}
		},
		{
			"from": [8.51355, 0, 5.90611],
			"to": [8.81355, 1, 6.10611],
			"rotation": {"angle": 22.5, "axis": "y", "origin": [7.9844, 0.5, 2.17124]},
			"faces": {
				"north": {"uv": [0, 0, 0.3, 1], "texture": "#0"},
				"east": {"uv": [0, 0, 0.2, 1], "texture": "#0"},
				"south": {"uv": [0, 0, 0.3, 1], "texture": "#0"},
				"west": {"uv": [0, 0, 0.2, 1], "texture": "#0"},
				"up": {"uv": [0, 0, 0.2, 0.3], "rotation": 270, "texture": "#0"},
				"down": {"uv": [0, 0, 0.2, 0.3], "rotation": 90, "texture": "#0"}
			}
		},
		{
			"from": [8.90121, 0, 4.27987],
			"to": [9.40121, 1, 4.47987],
			"rotation": {"angle": -22.5, "axis": "y", "origin": [7.9844, 0.5, 2.17124]},
			"faces": {
				"north": {"uv": [0, 0, 0.5, 1], "texture": "#0"},
				"east": {"uv": [0, 0, 0.2, 1], "texture": "#0"},
				"south": {"uv": [0, 0, 0.5, 1], "texture": "#0"},
				"west": {"uv": [0, 0, 0.2, 1], "texture": "#0"},
				"up": {"uv": [0, 0, 0.2, 0.5], "rotation": 270, "texture": "#0"},
				"down": {"uv": [0, 0, 0.2, 0.5], "rotation": 90, "texture": "#0"}
			}
		},
		{
			"from": [7.87794, 0, 4.46869],
			"to": [8.02794, 1, 4.64369],
			"rotation": {"angle": 0, "axis": "y", "origin": [7.9844, 0.5, 2.17124]},
			"faces": {
				"north": {"uv": [0, 0, 0.15, 1], "texture": "#0"},
				"east": {"uv": [0, 0, 0.175, 1], "texture": "#0"},
				"south": {"uv": [0, 0, 0.15, 1], "texture": "#0"},
				"west": {"uv": [0, 0, 0.175, 1], "texture": "#0"},
				"up": {"uv": [0, 0, 0.175, 0.15], "rotation": 270, "texture": "#0"},
				"down": {"uv": [0, 0, 0.175, 0.15], "rotation": 90, "texture": "#0"}
			}
		},
		{
			"from": [10.1003, 0, 3.57717],
			"to": [10.8003, 1, 3.77717],
			"rotation": {"angle": -45, "axis": "y", "origin": [7.9844, 0.5, 2.17124]},
			"faces": {
				"north": {"uv": [0, 0, 0.7, 1], "texture": "#0"},
				"east": {"uv": [0, 0, 0.2, 1], "texture": "#0"},
				"south": {"uv": [0, 0, 0.7, 1], "texture": "#0"},
				"west": {"uv": [0, 0, 0.2, 1], "texture": "#0"},
				"up": {"uv": [0, 0, 0.2, 0.7], "rotation": 270, "texture": "#0"},
				"down": {"uv": [0, 0, 0.2, 0.7], "rotation": 90, "texture": "#0"}
			}
		},
		{
			"from": [9.97139, 0, 4.53252],
			"to": [10.77139, 1, 4.73252],
			"rotation": {"angle": -22.5, "axis": "y", "origin": [7.9844, 0.5, 2.17124]},
			"faces": {
				"north": {"uv": [0, 0, 0.8, 1], "texture": "#0"},
				"east": {"uv": [0, 0, 0.2, 1], "texture": "#0"},
				"south": {"uv": [0, 0, 0.8, 1], "texture": "#0"},
				"west": {"uv": [0, 0, 0.2, 1], "texture": "#0"},
				"up": {"uv": [0, 0, 0.2, 0.8], "rotation": 270, "texture": "#0"},
				"down": {"uv": [0, 0, 0.2, 0.8], "rotation": 90, "texture": "#0"}
			}
		},
		{
			"from": [11.35111, 0, 0.10355],
			"to": [11.55111, 1, 0.50355],
			"rotation": {"angle": -22.5, "axis": "y", "origin": [7.9844, 0.5, 2.17124]},
			"faces": {
				"north": {"uv": [0, 0, 0.2, 1], "texture": "#0"},
				"east": {"uv": [0, 0, 0.4, 1], "texture": "#0"},
				"south": {"uv": [0, 0, 0.2, 1], "texture": "#0"},
				"west": {"uv": [0, 0, 0.4, 1], "texture": "#0"},
				"up": {"uv": [0, 0, 0.2, 0.4], "rotation": 180, "texture": "#0"},
				"down": {"uv": [0, 0, 0.2, 0.4], "rotation": 180, "texture": "#0"}
			}
		},
		{
			"from": [9.49337, 0, -1.3161],
			"to": [9.99337, 1, -1.1161],
			"rotation": {"angle": -45, "axis": "y", "origin": [7.9844, 0.5, 2.17124]},
			"faces": {
				"north": {"uv": [0, 0, 0.5, 1], "texture": "#0"},
				"east": {"uv": [0, 0, 0.2, 1], "texture": "#0"},
				"south": {"uv": [0, 0, 0.5, 1], "texture": "#0"},
				"west": {"uv": [0, 0, 0.2, 1], "texture": "#0"},
				"up": {"uv": [0, 0, 0.2, 0.5], "rotation": 90, "texture": "#0"},
				"down": {"uv": [0, 0, 0.2, 0.5], "rotation": 270, "texture": "#0"}
			}
		},
		{
			"from": [9.11305, 0, -0.47319],
			"to": [9.71305, 1, -0.27319],
			"rotation": {"angle": -22.5, "axis": "y", "origin": [7.9844, 0.5, 2.17124]},
			"faces": {
				"north": {"uv": [0, 0, 0.6, 1], "texture": "#0"},
				"east": {"uv": [0, 0, 0.2, 1], "texture": "#0"},
				"south": {"uv": [0, 0, 0.6, 1], "texture": "#0"},
				"west": {"uv": [0, 0, 0.2, 1], "texture": "#0"},
				"up": {"uv": [0, 0, 0.2, 0.6], "rotation": 90, "texture": "#0"},
				"down": {"uv": [0, 0, 0.2, 0.6], "rotation": 270, "texture": "#0"}
			}
		},
		{
			"from": [7.9917, 0, -0.71903],
			"to": [8.0917, 1, -0.51903],
			"rotation": {"angle": -45, "axis": "y", "origin": [7.9844, 0.5, 2.17124]},
			"faces": {
				"north": {"uv": [0, 0, 0.1, 1], "texture": "#0"},
				"east": {"uv": [0, 0, 0.2, 1], "texture": "#0"},
				"south": {"uv": [0, 0, 0.1, 1], "texture": "#0"},
				"west": {"uv": [0, 0, 0.2, 1], "texture": "#0"},
				"up": {"uv": [0, 0, 0.2, 0.1], "rotation": 90, "texture": "#0"},
				"down": {"uv": [0, 0, 0.2, 0.1], "rotation": 270, "texture": "#0"}
			}
		},
		{
			"from": [10.37816, 0, 0.82891],
			"to": [10.57816, 1, 1.05391],
			"rotation": {"angle": 22.5, "axis": "y", "origin": [7.9844, 0.5, 2.17124]},
			"faces": {
				"north": {"uv": [0, 0, 0.2, 1], "texture": "#0"},
				"east": {"uv": [0, 0, 0.225, 1], "texture": "#0"},
				"south": {"uv": [0, 0, 0.2, 1], "texture": "#0"},
				"west": {"uv": [0, 0, 0.225, 1], "texture": "#0"},
				"up": {"uv": [0, 0, 0.2, 0.225], "rotation": 180, "texture": "#0"},
				"down": {"uv": [0, 0, 0.2, 0.225], "rotation": 180, "texture": "#0"}
			}
		},
		{
			"from": [7.7667, 0, -0.71903],
			"to": [7.9917, 1, -0.51903],
			"rotation": {"angle": -45, "axis": "y", "origin": [7.9844, 0.5, 2.17124]},
			"faces": {
				"north": {"uv": [0, 0, 0.225, 1], "texture": "#0"},
				"east": {"uv": [0, 0, 0.2, 1], "texture": "#0"},
				"south": {"uv": [0, 0, 0.225, 1], "texture": "#0"},
				"west": {"uv": [0, 0, 0.2, 1], "texture": "#0"},
				"up": {"uv": [0, 0, 0.2, 0.225], "rotation": 90, "texture": "#0"},
				"down": {"uv": [0, 0, 0.2, 0.225], "rotation": 270, "texture": "#0"}
			}
		},
		{
			"from": [9.71305, 0, -0.47319],
			"to": [10.21305, 1, -0.27319],
			"rotation": {"angle": -22.5, "axis": "y", "origin": [7.9844, 0.5, 2.17124]},
			"faces": {
				"north": {"uv": [0, 0, 0.5, 1], "texture": "#0"},
				"east": {"uv": [0, 0, 0.2, 1], "texture": "#0"},
				"south": {"uv": [0, 0, 0.5, 1], "texture": "#0"},
				"west": {"uv": [0, 0, 0.2, 1], "texture": "#0"},
				"up": {"uv": [0, 0, 0.2, 0.5], "rotation": 90, "texture": "#0"},
				"down": {"uv": [0, 0, 0.2, 0.5], "rotation": 270, "texture": "#0"}
			}
		},
		{
			"from": [10.21305, 0, -0.47319],
			"to": [10.71305, 1, -0.27319],
			"rotation": {"angle": -22.5, "axis": "y", "origin": [7.9844, 0.5, 2.17124]},
			"faces": {
				"north": {"uv": [0, 0, 0.5, 1], "texture": "#0"},
				"east": {"uv": [0, 0, 0.2, 1], "texture": "#0"},
				"south": {"uv": [0, 0, 0.5, 1], "texture": "#0"},
				"west": {"uv": [0, 0, 0.2, 1], "texture": "#0"},
				"up": {"uv": [0, 0, 0.2, 0.5], "rotation": 90, "texture": "#0"},
				"down": {"uv": [0, 0, 0.2, 0.5], "rotation": 270, "texture": "#0"}
			}
		},
		{
			"from": [9.97621, 0, -1.3161],
			"to": [10.27621, 1, -1.1161],
			"rotation": {"angle": -45, "axis": "y", "origin": [7.9844, 0.5, 2.17124]},
			"faces": {
				"north": {"uv": [0, 0, 0.3, 1], "texture": "#0"},
				"east": {"uv": [0, 0, 0.2, 1], "texture": "#0"},
				"south": {"uv": [0, 0, 0.3, 1], "texture": "#0"},
				"west": {"uv": [0, 0, 0.2, 1], "texture": "#0"},
				"up": {"uv": [0, 0, 0.2, 0.3], "rotation": 90, "texture": "#0"},
				"down": {"uv": [0, 0, 0.2, 0.3], "rotation": 270, "texture": "#0"}
			}
		},
		{
			"from": [11.87088, 0, 1.32587],
			"to": [12.07088, 1, 1.62587],
			"rotation": {"angle": 0, "axis": "y", "origin": [7.9844, 0.5, 2.17124]},
			"faces": {
				"north": {"uv": [0, 0, 0.2, 1], "texture": "#0"},
				"east": {"uv": [0, 0, 0.3, 1], "texture": "#0"},
				"south": {"uv": [0, 0, 0.2, 1], "texture": "#0"},
				"west": {"uv": [0, 0, 0.3, 1], "texture": "#0"},
				"up": {"uv": [0, 0, 0.2, 0.3], "rotation": 180, "texture": "#0"},
				"down": {"uv": [0, 0, 0.2, 0.3], "rotation": 180, "texture": "#0"}
			}
		},
		{
			"from": [10.44141, 0, 0.06558],
			"to": [10.64141, 1, 0.51558],
			"rotation": {"angle": -45, "axis": "y", "origin": [7.9844, 0.5, 2.17124]},
			"faces": {
				"north": {"uv": [0, 0, 0.2, 1], "texture": "#0"},
				"east": {"uv": [0, 0, 0.45, 1], "texture": "#0"},
				"south": {"uv": [0, 0, 0.2, 1], "texture": "#0"},
				"west": {"uv": [0, 0, 0.45, 1], "texture": "#0"},
				"up": {"uv": [0, 0, 0.2, 0.45], "rotation": 180, "texture": "#0"},
				"down": {"uv": [0, 0, 0.2, 0.45], "rotation": 180, "texture": "#0"}
			}
		},
		{
			"from": [10.44141, 0, -0.73442],
			"to": [10.64141, 1, 0.06558],
			"rotation": {"angle": -45, "axis": "y", "origin": [7.9844, 0.5, 2.17124]},
			"faces": {
				"north": {"uv": [0, 0, 0.2, 1], "texture": "#0"},
				"east": {"uv": [0, 0, 0.8, 1], "texture": "#0"},
				"south": {"uv": [0, 0, 0.2, 1], "texture": "#0"},
				"west": {"uv": [0, 0, 0.8, 1], "texture": "#0"},
				"up": {"uv": [0, 0, 0.2, 0.8], "rotation": 180, "texture": "#0"},
				"down": {"uv": [0, 0, 0.2, 0.8], "rotation": 180, "texture": "#0"}
			}
		},
		{
			"from": [6.81095, 0, -1.83737],
			"to": [7.21095, 1, -1.63737],
			"rotation": {"angle": -22.5, "axis": "y", "origin": [7.9844, 0.5, 2.17124]},
			"faces": {
				"north": {"uv": [0, 0, 0.4, 1], "texture": "#0"},
				"east": {"uv": [0, 0, 0.2, 1], "texture": "#0"},
				"south": {"uv": [0, 0, 0.4, 1], "texture": "#0"},
				"west": {"uv": [0, 0, 0.2, 1], "texture": "#0"},
				"up": {"uv": [0, 0, 0.2, 0.4], "rotation": 90, "texture": "#0"},
				"down": {"uv": [0, 0, 0.2, 0.4], "rotation": 270, "texture": "#0"}
			}
		},
		{
			"from": [5.15411, 0, -0.5882],
			"to": [5.35411, 1, -0.0882],
			"rotation": {"angle": -45, "axis": "y", "origin": [7.9844, 0.5, 2.17124]},
			"faces": {
				"north": {"uv": [0, 0, 0.2, 1], "texture": "#0"},
				"east": {"uv": [0, 0, 0.5, 1], "texture": "#0"},
				"south": {"uv": [0, 0, 0.2, 1], "texture": "#0"},
				"west": {"uv": [0, 0, 0.5, 1], "texture": "#0"},
				"up": {"uv": [0, 0, 0.2, 0.5], "texture": "#0"},
				"down": {"uv": [0, 0, 0.2, 0.5], "texture": "#0"}
			}
		},
		{
			"from": [5.52157, 0, 0.75914],
			"to": [5.72157, 1, 1.25914],
			"rotation": {"angle": -45, "axis": "y", "origin": [7.9844, 0.5, 2.17124]},
			"faces": {
				"north": {"uv": [0, 0, 0.2, 1], "texture": "#0"},
				"east": {"uv": [0, 0, 0.5, 1], "texture": "#0"},
				"south": {"uv": [0, 0, 0.2, 1], "texture": "#0"},
				"west": {"uv": [0, 0, 0.5, 1], "texture": "#0"},
				"up": {"uv": [0, 0, 0.2, 0.5], "texture": "#0"},
				"down": {"uv": [0, 0, 0.2, 0.5], "texture": "#0"}
			}
		},
		{
			"from": [6.23421, 0, -0.49932],
			"to": [6.43421, 1, 0.00068],
			"rotation": {"angle": -22.5, "axis": "y", "origin": [7.9844, 0.5, 2.17124]},
			"faces": {
				"north": {"uv": [0, 0, 0.2, 1], "texture": "#0"},
				"east": {"uv": [0, 0, 0.5, 1], "texture": "#0"},
				"south": {"uv": [0, 0, 0.2, 1], "texture": "#0"},
				"west": {"uv": [0, 0, 0.5, 1], "texture": "#0"},
				"up": {"uv": [0, 0, 0.2, 0.5], "texture": "#0"},
				"down": {"uv": [0, 0, 0.2, 0.5], "texture": "#0"}
			}
		},
		{
			"from": [6.23421, 0, -0.99932],
			"to": [6.43421, 1, -0.49932],
			"rotation": {"angle": -22.5, "axis": "y", "origin": [7.9844, 0.5, 2.17124]},
			"faces": {
				"north": {"uv": [0, 0, 0.2, 1], "texture": "#0"},
				"east": {"uv": [0, 0, 0.5, 1], "texture": "#0"},
				"south": {"uv": [0, 0, 0.2, 1], "texture": "#0"},
				"west": {"uv": [0, 0, 0.5, 1], "texture": "#0"},
				"up": {"uv": [0, 0, 0.2, 0.5], "texture": "#0"},
				"down": {"uv": [0, 0, 0.2, 0.5], "texture": "#0"}
			}
		},
		{
			"from": [5.15411, 0, -0.87104],
			"to": [5.35411, 1, -0.57104],
			"rotation": {"angle": -45, "axis": "y", "origin": [7.9844, 0.5, 2.17124]},
			"faces": {
				"north": {"uv": [0, 0, 0.2, 1], "texture": "#0"},
				"east": {"uv": [0, 0, 0.3, 1], "texture": "#0"},
				"south": {"uv": [0, 0, 0.2, 1], "texture": "#0"},
				"west": {"uv": [0, 0, 0.3, 1], "texture": "#0"},
				"up": {"uv": [0, 0, 0.2, 0.3], "texture": "#0"},
				"down": {"uv": [0, 0, 0.2, 0.3], "texture": "#0"}
			}
		},
		{
			"from": [8.13431, 0, -1.9813],
			"to": [8.43431, 1, -1.7813],
			"rotation": {"angle": 0, "axis": "y", "origin": [7.9844, 0.5, 2.17124]},
			"faces": {
				"north": {"uv": [0, 0, 0.3, 1], "texture": "#0"},
				"east": {"uv": [0, 0, 0.2, 1], "texture": "#0"},
				"south": {"uv": [0, 0, 0.3, 1], "texture": "#0"},
				"west": {"uv": [0, 0, 0.2, 1], "texture": "#0"},
				"up": {"uv": [0, 0, 0.2, 0.3], "rotation": 90, "texture": "#0"},
				"down": {"uv": [0, 0, 0.2, 0.3], "rotation": 270, "texture": "#0"}
			}
		},
		{
			"from": [10.37816, 0, 0.32891],
			"to": [10.57816, 1, 0.82891],
			"rotation": {"angle": 22.5, "axis": "y", "origin": [7.9844, 0.5, 2.17124]},
			"faces": {
				"north": {"uv": [0, 0, 0.2, 1], "texture": "#0"},
				"east": {"uv": [0, 0, 0.5, 1], "texture": "#0"},
				"south": {"uv": [0, 0, 0.2, 1], "texture": "#0"},
				"west": {"uv": [0, 0, 0.5, 1], "texture": "#0"},
				"up": {"uv": [0, 0, 0.2, 0.5], "rotation": 180, "texture": "#0"},
				"down": {"uv": [0, 0, 0.2, 0.5], "rotation": 180, "texture": "#0"}
			}
		},
		{
			"from": [10.37816, 0, -0.47109],
			"to": [10.57816, 1, 0.32891],
			"rotation": {"angle": 22.5, "axis": "y", "origin": [7.9844, 0.5, 2.17124]},
			"faces": {
				"north": {"uv": [0, 0, 0.2, 1], "texture": "#0"},
				"east": {"uv": [0, 0, 0.8, 1], "texture": "#0"},
				"south": {"uv": [0, 0, 0.2, 1], "texture": "#0"},
				"west": {"uv": [0, 0, 0.8, 1], "texture": "#0"},
				"up": {"uv": [0, 0, 0.2, 0.8], "rotation": 180, "texture": "#0"},
				"down": {"uv": [0, 0, 0.2, 0.8], "rotation": 180, "texture": "#0"}
			}
		},
		{
			"from": [5.7358, 0, -1.23625],
			"to": [6.5358, 1, -1.03625],
			"rotation": {"angle": -45, "axis": "y", "origin": [7.9844, 0.5, 2.17124]},
			"faces": {
				"north": {"uv": [0, 0, 0.8, 1], "texture": "#0"},
				"east": {"uv": [0, 0, 0.2, 1], "texture": "#0"},
				"south": {"uv": [0, 0, 0.8, 1], "texture": "#0"},
				"west": {"uv": [0, 0, 0.2, 1], "texture": "#0"},
				"up": {"uv": [0, 0, 0.2, 0.8], "rotation": 90, "texture": "#0"},
				"down": {"uv": [0, 0, 0.2, 0.8], "rotation": 270, "texture": "#0"}
			}
		},
		{
			"from": [4.25127, 0, 2.92158],
			"to": [4.45127, 1, 3.19658],
			"rotation": {"angle": -45, "axis": "y", "origin": [7.9844, 0.5, 2.17124]},
			"faces": {
				"north": {"uv": [0, 0, 0.2, 1], "texture": "#0"},
				"east": {"uv": [0, 0, 0.275, 1], "texture": "#0"},
				"south": {"uv": [0, 0, 0.2, 1], "texture": "#0"},
				"west": {"uv": [0, 0, 0.275, 1], "texture": "#0"},
				"up": {"uv": [0, 0, 0.2, 0.275], "texture": "#0"},
				"down": {"uv": [0, 0, 0.2, 0.275], "texture": "#0"}
			}
		},
		{
			"from": [5.85205, 0, -0.98131],
			"to": [6.05205, 1, -0.78131],
			"rotation": {"angle": 22.5, "axis": "y", "origin": [7.9844, 0.5, 2.17124]},
			"faces": {
				"north": {"uv": [0, 0, 0.2, 1], "texture": "#0"},
				"east": {"uv": [0, 0, 0.2, 1], "texture": "#0"},
				"south": {"uv": [0, 0, 0.2, 1], "texture": "#0"},
				"west": {"uv": [0, 0, 0.2, 1], "texture": "#0"},
				"up": {"uv": [0, 0, 0.2, 0.2], "rotation": 90, "texture": "#0"},
				"down": {"uv": [0, 0, 0.2, 0.2], "rotation": 270, "texture": "#0"}
			}
		},
		{
			"from": [4.61966, 0, 0.25654],
			"to": [4.81966, 1, 0.45654],
			"rotation": {"angle": 0, "axis": "y", "origin": [7.9844, 0.5, 2.17124]},
			"faces": {
				"north": {"uv": [0, 0, 0.2, 1], "texture": "#0"},
				"east": {"uv": [0, 0, 0.2, 1], "texture": "#0"},
				"south": {"uv": [0, 0, 0.2, 1], "texture": "#0"},
				"west": {"uv": [0, 0, 0.2, 1], "texture": "#0"},
				"up": {"uv": [0, 0, 0.2, 0.2], "texture": "#0"},
				"down": {"uv": [0, 0, 0.2, 0.2], "texture": "#0"}
			}
		},
		{
			"from": [6.05205, 0, -0.98131],
			"to": [6.25205, 1, -0.78131],
			"rotation": {"angle": 22.5, "axis": "y", "origin": [7.9844, 0.5, 2.17124]},
			"faces": {
				"north": {"uv": [0, 0, 0.2, 1], "texture": "#0"},
				"east": {"uv": [0, 0, 0.2, 1], "texture": "#0"},
				"south": {"uv": [0, 0, 0.2, 1], "texture": "#0"},
				"west": {"uv": [0, 0, 0.2, 1], "texture": "#0"},
				"up": {"uv": [0, 0, 0.2, 0.2], "rotation": 90, "texture": "#0"},
				"down": {"uv": [0, 0, 0.2, 0.2], "rotation": 270, "texture": "#0"}
			}
		},
		{
			"from": [5.38343, 0, -0.27148],
			"to": [5.58343, 1, 0.22852],
			"rotation": {"angle": 22.5, "axis": "y", "origin": [7.9844, 0.5, 2.17124]},
			"faces": {
				"north": {"uv": [0, 0, 0.2, 1], "texture": "#0"},
				"east": {"uv": [0, 0, 0.5, 1], "texture": "#0"},
				"south": {"uv": [0, 0, 0.2, 1], "texture": "#0"},
				"west": {"uv": [0, 0, 0.5, 1], "texture": "#0"},
				"up": {"uv": [0, 0, 0.2, 0.5], "texture": "#0"},
				"down": {"uv": [0, 0, 0.2, 0.5], "texture": "#0"}
			}
		},
		{
			"from": [5.75088, 0, 1.07586],
			"to": [5.95088, 1, 1.57586],
			"rotation": {"angle": 22.5, "axis": "y", "origin": [7.9844, 0.5, 2.17124]},
			"faces": {
				"north": {"uv": [0, 0, 0.2, 1], "texture": "#0"},
				"east": {"uv": [0, 0, 0.5, 1], "texture": "#0"},
				"south": {"uv": [0, 0, 0.2, 1], "texture": "#0"},
				"west": {"uv": [0, 0, 0.5, 1], "texture": "#0"},
				"up": {"uv": [0, 0, 0.2, 0.5], "texture": "#0"},
				"down": {"uv": [0, 0, 0.2, 0.5], "texture": "#0"}
			}
		},
		{
			"from": [5.67347, 0, 2.3669],
			"to": [5.87347, 1, 2.4669],
			"rotation": {"angle": 0, "axis": "y", "origin": [7.9844, 0.5, 2.17124]},
			"faces": {
				"north": {"uv": [0, 0, 0.2, 1], "texture": "#0"},
				"east": {"uv": [0, 0, 0.1, 1], "texture": "#0"},
				"south": {"uv": [0, 0, 0.2, 1], "texture": "#0"},
				"west": {"uv": [0, 0, 0.1, 1], "texture": "#0"},
				"up": {"uv": [0, 0, 0.2, 0.1], "texture": "#0"},
				"down": {"uv": [0, 0, 0.2, 0.1], "texture": "#0"}
			}
		},
		{
			"from": [5.69421, 0, 3.63078],
			"to": [6.19421, 1, 3.83078],
			"rotation": {"angle": -45, "axis": "y", "origin": [7.9844, 0.5, 2.17124]},
			"faces": {
				"north": {"uv": [0, 0, 0.5, 1], "texture": "#0"},
				"east": {"uv": [0, 0, 0.2, 1], "texture": "#0"},
				"south": {"uv": [0, 0, 0.5, 1], "texture": "#0"},
				"west": {"uv": [0, 0, 0.2, 1], "texture": "#0"},
				"up": {"uv": [0, 0, 0.2, 0.5], "rotation": 270, "texture": "#0"},
				"down": {"uv": [0, 0, 0.2, 0.5], "rotation": 90, "texture": "#0"}
			}
		},
		{
			"from": [5.19421, 0, 3.63078],
			"to": [5.69421, 1, 3.83078],
			"rotation": {"angle": -45, "axis": "y", "origin": [7.9844, 0.5, 2.17124]},
			"faces": {
				"north": {"uv": [0, 0, 0.5, 1], "texture": "#0"},
				"east": {"uv": [0, 0, 0.2, 1], "texture": "#0"},
				"south": {"uv": [0, 0, 0.5, 1], "texture": "#0"},
				"west": {"uv": [0, 0, 0.2, 1], "texture": "#0"},
				"up": {"uv": [0, 0, 0.2, 0.5], "rotation": 270, "texture": "#0"},
				"down": {"uv": [0, 0, 0.2, 0.5], "rotation": 90, "texture": "#0"}
			}
		},
		{
			"from": [5.38343, 0, -0.55432],
			"to": [5.58343, 1, -0.25432],
			"rotation": {"angle": 22.5, "axis": "y", "origin": [7.9844, 0.5, 2.17124]},
			"faces": {
				"north": {"uv": [0, 0, 0.2, 1], "texture": "#0"},
				"east": {"uv": [0, 0, 0.3, 1], "texture": "#0"},
				"south": {"uv": [0, 0, 0.2, 1], "texture": "#0"},
				"west": {"uv": [0, 0, 0.3, 1], "texture": "#0"},
				"up": {"uv": [0, 0, 0.2, 0.3], "texture": "#0"},
				"down": {"uv": [0, 0, 0.2, 0.3], "texture": "#0"}
			}
		},
		{
			"from": [4.21797, 0, 1.78314],
			"to": [4.41797, 1, 2.08314],
			"rotation": {"angle": -22.5, "axis": "y", "origin": [7.9844, 0.5, 2.17124]},
			"faces": {
				"north": {"uv": [0, 0, 0.2, 1], "texture": "#0"},
				"east": {"uv": [0, 0, 0.3, 1], "texture": "#0"},
				"south": {"uv": [0, 0, 0.2, 1], "texture": "#0"},
				"west": {"uv": [0, 0, 0.3, 1], "texture": "#0"},
				"up": {"uv": [0, 0, 0.2, 0.3], "texture": "#0"},
				"down": {"uv": [0, 0, 0.2, 0.3], "texture": "#0"}
			}
		},
		{
			"from": [7.46113, 0, -0.46839],
			"to": [7.96113, 1, -0.26839],
			"rotation": {"angle": 22.5, "axis": "y", "origin": [7.9844, 0.5, 2.17124]},
			"faces": {
				"north": {"uv": [0, 0, 0.5, 1], "texture": "#0"},
				"east": {"uv": [0, 0, 0.2, 1], "texture": "#0"},
				"south": {"uv": [0, 0, 0.5, 1], "texture": "#0"},
				"west": {"uv": [0, 0, 0.2, 1], "texture": "#0"},
				"up": {"uv": [0, 0, 0.2, 0.5], "rotation": 90, "texture": "#0"},
				"down": {"uv": [0, 0, 0.2, 0.5], "rotation": 270, "texture": "#0"}
			}
		},
		{
			"from": [5.76735, 0, -0.08243],
			"to": [6.56735, 1, 0.11757],
			"rotation": {"angle": 0, "axis": "y", "origin": [7.9844, 0.5, 2.17124]},
			"faces": {
				"north": {"uv": [0, 0, 0.8, 1], "texture": "#0"},
				"east": {"uv": [0, 0, 0.2, 1], "texture": "#0"},
				"south": {"uv": [0, 0, 0.8, 1], "texture": "#0"},
				"west": {"uv": [0, 0, 0.2, 1], "texture": "#0"},
				"up": {"uv": [0, 0, 0.2, 0.8], "rotation": 90, "texture": "#0"},
				"down": {"uv": [0, 0, 0.2, 0.8], "rotation": 270, "texture": "#0"}
			}
		},
		{
			"from": [5.17749, 0, -0.07839],
			"to": [5.97749, 1, 0.12161],
			"rotation": {"angle": 0, "axis": "y", "origin": [7.9844, 0.5, 2.17124]},
			"faces": {
				"north": {"uv": [0, 0, 0.8, 1], "texture": "#0"},
				"east": {"uv": [0, 0, 0.2, 1], "texture": "#0"},
				"south": {"uv": [0, 0, 0.8, 1], "texture": "#0"},
				"west": {"uv": [0, 0, 0.2, 1], "texture": "#0"},
				"up": {"uv": [0, 0, 0.2, 0.8], "rotation": 90, "texture": "#0"},
				"down": {"uv": [0, 0, 0.2, 0.8], "rotation": 270, "texture": "#0"}
			}
		},
		{
			"from": [5.725, 0, -0.525],
			"to": [10.35, 1, 3.575],
			"rotation": {"angle": -45, "axis": "y", "origin": [7.9844, 0.5, 2.17124]},
			"faces": {
				"north": {"uv": [0, 0, 4.625, 1], "texture": "#0"},
				"east": {"uv": [0, 0, 4.1, 1], "texture": "#0"},
				"south": {"uv": [0, 0, 4.625, 1], "texture": "#0"},
				"west": {"uv": [0, 0, 4.1, 1], "texture": "#0"},
				"up": {"uv": [0, 0, 4.625, 4.1], "texture": "#0"},
				"down": {"uv": [0, 0, 4.625, 4.1], "texture": "#0"}
			}
		},
		{
			"from": [7.025, 0, 3.575],
			"to": [9.25, 1, 4.2],
			"rotation": {"angle": -45, "axis": "y", "origin": [7.9844, 0.5, 2.17124]},
			"faces": {
				"north": {"uv": [0, 0, 2.225, 1], "texture": "#0"},
				"east": {"uv": [0, 0, 0.625, 1], "texture": "#0"},
				"south": {"uv": [0, 0, 2.225, 1], "texture": "#0"},
				"west": {"uv": [0, 0, 0.625, 1], "texture": "#0"},
				"up": {"uv": [0, 0, 2.225, 0.625], "texture": "#0"},
				"down": {"uv": [0, 0, 2.225, 0.625], "texture": "#0"}
			}
		},
		{
			"from": [9.225, 0, 3.575],
			"to": [9.475, 1, 3.9],
			"rotation": {"angle": -45, "axis": "y", "origin": [7.9844, 0.5, 2.17124]},
			"faces": {
				"north": {"uv": [0, 0, 0.25, 1], "texture": "#0"},
				"east": {"uv": [0, 0, 0.325, 1], "texture": "#0"},
				"south": {"uv": [0, 0, 0.25, 1], "texture": "#0"},
				"west": {"uv": [0, 0, 0.325, 1], "texture": "#0"},
				"up": {"uv": [0, 0, 0.25, 0.325], "texture": "#0"},
				"down": {"uv": [0, 0, 0.25, 0.325], "texture": "#0"}
			}
		},
		{
			"from": [9.45, 0, 3.675],
			"to": [9.725, 1, 3.9],
			"rotation": {"angle": -45, "axis": "y", "origin": [7.9844, 0.5, 2.17124]},
			"faces": {
				"north": {"uv": [0, 0, 0.275, 1], "texture": "#0"},
				"east": {"uv": [0, 0, 0.225, 1], "texture": "#0"},
				"south": {"uv": [0, 0, 0.275, 1], "texture": "#0"},
				"west": {"uv": [0, 0, 0.225, 1], "texture": "#0"},
				"up": {"uv": [0, 0, 0.275, 0.225], "texture": "#0"},
				"down": {"uv": [0, 0, 0.275, 0.225], "texture": "#0"}
			}
		},
		{
			"from": [9.25, 0, 3.9],
			"to": [9.525, 1, 4.125],
			"rotation": {"angle": -45, "axis": "y", "origin": [7.9844, 0.5, 2.17124]},
			"faces": {
				"north": {"uv": [0, 0, 0.275, 1], "texture": "#0"},
				"east": {"uv": [0, 0, 0.225, 1], "texture": "#0"},
				"south": {"uv": [0, 0, 0.275, 1], "texture": "#0"},
				"west": {"uv": [0, 0, 0.225, 1], "texture": "#0"},
				"up": {"uv": [0, 0, 0.275, 0.225], "texture": "#0"},
				"down": {"uv": [0, 0, 0.275, 0.225], "texture": "#0"}
			}
		},
		{
			"from": [8.95, 0, 4.175],
			"to": [9.175, 1, 4.675],
			"rotation": {"angle": -45, "axis": "y", "origin": [7.9844, 0.5, 2.17124]},
			"faces": {
				"north": {"uv": [0, 0, 0.225, 1], "texture": "#0"},
				"east": {"uv": [0, 0, 0.5, 1], "texture": "#0"},
				"south": {"uv": [0, 0, 0.225, 1], "texture": "#0"},
				"west": {"uv": [0, 0, 0.5, 1], "texture": "#0"},
				"up": {"uv": [0, 0, 0.225, 0.5], "texture": "#0"},
				"down": {"uv": [0, 0, 0.225, 0.5], "texture": "#0"}
			}
		},
		{
			"from": [8.725, 0, 4.6],
			"to": [8.975, 1, 5.1],
			"rotation": {"angle": -45, "axis": "y", "origin": [7.9844, 0.5, 2.17124]},
			"faces": {
				"north": {"uv": [0, 0, 0.25, 1], "texture": "#0"},
				"east": {"uv": [0, 0, 0.5, 1], "texture": "#0"},
				"south": {"uv": [0, 0, 0.25, 1], "texture": "#0"},
				"west": {"uv": [0, 0, 0.5, 1], "texture": "#0"},
				"up": {"uv": [0, 0, 0.25, 0.5], "texture": "#0"},
				"down": {"uv": [0, 0, 0.25, 0.5], "texture": "#0"}
			}
		},
		{
			"from": [9.475, 0, 3.575],
			"to": [9.75, 1, 3.725],
			"rotation": {"angle": -45, "axis": "y", "origin": [7.9844, 0.5, 2.17124]},
			"faces": {
				"north": {"uv": [0, 0, 0.275, 1], "texture": "#0"},
				"east": {"uv": [0, 0, 0.15, 1], "texture": "#0"},
				"south": {"uv": [0, 0, 0.275, 1], "texture": "#0"},
				"west": {"uv": [0, 0, 0.15, 1], "texture": "#0"},
				"up": {"uv": [0, 0, 0.275, 0.15], "texture": "#0"},
				"down": {"uv": [0, 0, 0.275, 0.15], "texture": "#0"}
			}
		},
		{
			"from": [9.475, 0, 3.575],
			"to": [10.15, 1, 3.725],
			"rotation": {"angle": -45, "axis": "y", "origin": [7.9844, 0.5, 2.17124]},
			"faces": {
				"north": {"uv": [0, 0, 0.675, 1], "texture": "#0"},
				"east": {"uv": [0, 0, 0.15, 1], "texture": "#0"},
				"south": {"uv": [0, 0, 0.675, 1], "texture": "#0"},
				"west": {"uv": [0, 0, 0.15, 1], "texture": "#0"},
				"up": {"uv": [0, 0, 0.675, 0.15], "texture": "#0"},
				"down": {"uv": [0, 0, 0.675, 0.15], "texture": "#0"}
			}
		},
		{
			"from": [7.225, 0, 4.175],
			"to": [8.95, 1, 4.775],
			"rotation": {"angle": -45, "axis": "y", "origin": [7.9844, 0.5, 2.17124]},
			"faces": {
				"north": {"uv": [0, 0, 1.725, 1], "texture": "#0"},
				"east": {"uv": [0, 0, 0.6, 1], "texture": "#0"},
				"south": {"uv": [0, 0, 1.725, 1], "texture": "#0"},
				"west": {"uv": [0, 0, 0.6, 1], "texture": "#0"},
				"up": {"uv": [0, 0, 1.725, 0.6], "texture": "#0"},
				"down": {"uv": [0, 0, 1.725, 0.6], "texture": "#0"}
			}
		},
		{
			"from": [7.525, 0, 5.125],
			"to": [8.775, 1, 5.375],
			"rotation": {"angle": -45, "axis": "y", "origin": [7.9844, 0.5, 2.17124]},
			"faces": {
				"north": {"uv": [0, 0, 1.25, 1], "texture": "#0"},
				"east": {"uv": [0, 0, 0.25, 1], "texture": "#0"},
				"south": {"uv": [0, 0, 1.25, 1], "texture": "#0"},
				"west": {"uv": [0, 0, 0.25, 1], "texture": "#0"},
				"up": {"uv": [0, 0, 1.25, 0.25], "texture": "#0"},
				"down": {"uv": [0, 0, 1.25, 0.25], "texture": "#0"}
			}
		},
		{
			"from": [7.775, 0, 5.35],
			"to": [8.5, 1, 5.575],
			"rotation": {"angle": -45, "axis": "y", "origin": [7.9844, 0.5, 2.17124]},
			"faces": {
				"north": {"uv": [0, 0, 0.725, 1], "texture": "#0"},
				"east": {"uv": [0, 0, 0.225, 1], "texture": "#0"},
				"south": {"uv": [0, 0, 0.725, 1], "texture": "#0"},
				"west": {"uv": [0, 0, 0.225, 1], "texture": "#0"},
				"up": {"uv": [0, 0, 0.725, 0.225], "texture": "#0"},
				"down": {"uv": [0, 0, 0.725, 0.225], "texture": "#0"}
			}
		},
		{
			"from": [7.275, 0, 4.775],
			"to": [7.525, 1, 5.1],
			"rotation": {"angle": -45, "axis": "y", "origin": [7.9844, 0.5, 2.17124]},
			"faces": {
				"north": {"uv": [0, 0, 0.25, 1], "texture": "#0"},
				"east": {"uv": [0, 0, 0.325, 1], "texture": "#0"},
				"south": {"uv": [0, 0, 0.25, 1], "texture": "#0"},
				"west": {"uv": [0, 0, 0.325, 1], "texture": "#0"},
				"up": {"uv": [0, 0, 0.25, 0.325], "texture": "#0"},
				"down": {"uv": [0, 0, 0.25, 0.325], "texture": "#0"}
			}
		},
		{
			"from": [7, 0, 4.2],
			"to": [7.25, 1, 4.625],
			"rotation": {"angle": -45, "axis": "y", "origin": [7.9844, 0.5, 2.17124]},
			"faces": {
				"north": {"uv": [0, 0, 0.25, 1], "texture": "#0"},
				"east": {"uv": [0, 0, 0.425, 1], "texture": "#0"},
				"south": {"uv": [0, 0, 0.25, 1], "texture": "#0"},
				"west": {"uv": [0, 0, 0.425, 1], "texture": "#0"},
				"up": {"uv": [0, 0, 0.25, 0.425], "texture": "#0"},
				"down": {"uv": [0, 0, 0.25, 0.425], "texture": "#0"}
			}
		},
		{
			"from": [6.525, 0, 3.575],
			"to": [6.775, 1, 3.95],
			"rotation": {"angle": -45, "axis": "y", "origin": [7.9844, 0.5, 2.17124]},
			"faces": {
				"north": {"uv": [0, 0, 0.25, 1], "texture": "#0"},
				"east": {"uv": [0, 0, 0.375, 1], "texture": "#0"},
				"south": {"uv": [0, 0, 0.25, 1], "texture": "#0"},
				"west": {"uv": [0, 0, 0.375, 1], "texture": "#0"},
				"up": {"uv": [0, 0, 0.25, 0.375], "texture": "#0"},
				"down": {"uv": [0, 0, 0.25, 0.375], "texture": "#0"}
			}
		},
		{
			"from": [5.725, 0, 3.575],
			"to": [6.525, 1, 3.775],
			"rotation": {"angle": -45, "axis": "y", "origin": [7.9844, 0.5, 2.17124]},
			"faces": {
				"north": {"uv": [0, 0, 0.8, 1], "texture": "#0"},
				"east": {"uv": [0, 0, 0.2, 1], "texture": "#0"},
				"south": {"uv": [0, 0, 0.8, 1], "texture": "#0"},
				"west": {"uv": [0, 0, 0.2, 1], "texture": "#0"},
				"up": {"uv": [0, 0, 0.8, 0.2], "texture": "#0"},
				"down": {"uv": [0, 0, 0.8, 0.2], "texture": "#0"}
			}
		},
		{
			"from": [5.425, 0, 1.675],
			"to": [5.725, 1, 3.675],
			"rotation": {"angle": -45, "axis": "y", "origin": [7.9844, 0.5, 2.17124]},
			"faces": {
				"north": {"uv": [0, 0, 0.3, 1], "texture": "#0"},
				"east": {"uv": [0, 0, 2, 1], "texture": "#0"},
				"south": {"uv": [0, 0, 0.3, 1], "texture": "#0"},
				"west": {"uv": [0, 0, 2, 1], "texture": "#0"},
				"up": {"uv": [0, 0, 0.3, 2], "texture": "#0"},
				"down": {"uv": [0, 0, 0.3, 2], "texture": "#0"}
			}
		},
		{
			"from": [5.55, 0, 1.25],
			"to": [5.725, 1, 1.675],
			"rotation": {"angle": -45, "axis": "y", "origin": [7.9844, 0.5, 2.17124]},
			"faces": {
				"north": {"uv": [0, 0, 0.175, 1], "texture": "#0"},
				"east": {"uv": [0, 0, 0.425, 1], "texture": "#0"},
				"south": {"uv": [0, 0, 0.175, 1], "texture": "#0"},
				"west": {"uv": [0, 0, 0.425, 1], "texture": "#0"},
				"up": {"uv": [0, 0, 0.175, 0.425], "texture": "#0"},
				"down": {"uv": [0, 0, 0.175, 0.425], "texture": "#0"}
			}
		},
		{
			"from": [5.575, 0, -0.525],
			"to": [5.75, 1, 0.75],
			"rotation": {"angle": -45, "axis": "y", "origin": [7.9844, 0.5, 2.17124]},
			"faces": {
				"north": {"uv": [0, 0, 0.175, 1], "texture": "#0"},
				"east": {"uv": [0, 0, 1.275, 1], "texture": "#0"},
				"south": {"uv": [0, 0, 0.175, 1], "texture": "#0"},
				"west": {"uv": [0, 0, 1.275, 1], "texture": "#0"},
				"up": {"uv": [0, 0, 0.175, 1.275], "texture": "#0"},
				"down": {"uv": [0, 0, 0.175, 1.275], "texture": "#0"}
			}
		},
		{
			"from": [5.35, 0, -0.9],
			"to": [5.575, 1, 0.4],
			"rotation": {"angle": -45, "axis": "y", "origin": [7.9844, 0.5, 2.17124]},
			"faces": {
				"north": {"uv": [0, 0, 0.225, 1], "texture": "#0"},
				"east": {"uv": [0, 0, 1.3, 1], "texture": "#0"},
				"south": {"uv": [0, 0, 0.225, 1], "texture": "#0"},
				"west": {"uv": [0, 0, 1.3, 1], "texture": "#0"},
				"up": {"uv": [0, 0, 0.225, 1.3], "texture": "#0"},
				"down": {"uv": [0, 0, 0.225, 1.3], "texture": "#0"}
			}
		},
		{
			"from": [5.45, 0, -1.05],
			"to": [6.6, 1, -0.5],
			"rotation": {"angle": -45, "axis": "y", "origin": [7.9844, 0.5, 2.17124]},
			"faces": {
				"north": {"uv": [0, 0, 1.15, 1], "texture": "#0"},
				"east": {"uv": [0, 0, 0.55, 1], "texture": "#0"},
				"south": {"uv": [0, 0, 1.15, 1], "texture": "#0"},
				"west": {"uv": [0, 0, 0.55, 1], "texture": "#0"},
				"up": {"uv": [0, 0, 1.15, 0.55], "texture": "#0"},
				"down": {"uv": [0, 0, 1.15, 0.55], "texture": "#0"}
			}
		},
		{
			"from": [6.6, 0, -0.725],
			"to": [7.75, 1, -0.5],
			"rotation": {"angle": -45, "axis": "y", "origin": [7.9844, 0.5, 2.17124]},
			"faces": {
				"north": {"uv": [0, 0, 1.15, 1], "texture": "#0"},
				"east": {"uv": [0, 0, 0.225, 1], "texture": "#0"},
				"south": {"uv": [0, 0, 1.15, 1], "texture": "#0"},
				"west": {"uv": [0, 0, 0.225, 1], "texture": "#0"},
				"up": {"uv": [0, 0, 1.15, 0.225], "texture": "#0"},
				"down": {"uv": [0, 0, 1.15, 0.225], "texture": "#0"}
			}
		},
		{
			"from": [10.275, 0, -0.725],
			"to": [10.45, 1, 0.725],
			"rotation": {"angle": -45, "axis": "y", "origin": [7.9844, 0.5, 2.17124]},
			"faces": {
				"north": {"uv": [0, 0, 0.175, 1], "texture": "#0"},
				"east": {"uv": [0, 0, 1.45, 1], "texture": "#0"},
				"south": {"uv": [0, 0, 0.175, 1], "texture": "#0"},
				"west": {"uv": [0, 0, 1.45, 1], "texture": "#0"},
				"up": {"uv": [0, 0, 0.175, 1.45], "texture": "#0"},
				"down": {"uv": [0, 0, 0.175, 1.45], "texture": "#0"}
			}
		},
		{
			"from": [8.125, 0, -0.725],
			"to": [10.45, 1, -0.525],
			"rotation": {"angle": -45, "axis": "y", "origin": [7.9844, 0.5, 2.17124]},
			"faces": {
				"north": {"uv": [0, 0, 2.325, 1], "texture": "#0"},
				"east": {"uv": [0, 0, 0.2, 1], "texture": "#0"},
				"south": {"uv": [0, 0, 2.325, 1], "texture": "#0"},
				"west": {"uv": [0, 0, 0.2, 1], "texture": "#0"},
				"up": {"uv": [0, 0, 2.325, 0.2], "texture": "#0"},
				"down": {"uv": [0, 0, 2.325, 0.2], "texture": "#0"}
			}
		},
		{
			"from": [8.6, 0, -0.9],
			"to": [10.45, 1, -0.7],
			"rotation": {"angle": -45, "axis": "y", "origin": [7.9844, 0.5, 2.17124]},
			"faces": {
				"north": {"uv": [0, 0, 1.85, 1], "texture": "#0"},
				"east": {"uv": [0, 0, 0.2, 1], "texture": "#0"},
				"south": {"uv": [0, 0, 1.85, 1], "texture": "#0"},
				"west": {"uv": [0, 0, 0.2, 1], "texture": "#0"},
				"up": {"uv": [0, 0, 1.85, 0.2], "texture": "#0"},
				"down": {"uv": [0, 0, 1.85, 0.2], "texture": "#0"}
			}
		},
		{
			"from": [9.05, 0, -1.125],
			"to": [10.375, 1, -0.9],
			"rotation": {"angle": -45, "axis": "y", "origin": [7.9844, 0.5, 2.17124]},
			"faces": {
				"north": {"uv": [0, 0, 1.325, 1], "texture": "#0"},
				"east": {"uv": [0, 0, 0.225, 1], "texture": "#0"},
				"south": {"uv": [0, 0, 1.325, 1], "texture": "#0"},
				"west": {"uv": [0, 0, 0.225, 1], "texture": "#0"},
				"up": {"uv": [0, 0, 1.325, 0.225], "texture": "#0"},
				"down": {"uv": [0, 0, 1.325, 0.225], "texture": "#0"}
			}
		},
		{
			"from": [10.35, 0, 1.55],
			"to": [10.825, 1, 3.575],
			"rotation": {"angle": -45, "axis": "y", "origin": [7.9844, 0.5, 2.17124]},
			"faces": {
				"north": {"uv": [0, 0, 0.475, 1], "texture": "#0"},
				"east": {"uv": [0, 0, 2.025, 1], "texture": "#0"},
				"south": {"uv": [0, 0, 0.475, 1], "texture": "#0"},
				"west": {"uv": [0, 0, 2.025, 1], "texture": "#0"},
				"up": {"uv": [0, 0, 0.475, 2.025], "texture": "#0"},
				"down": {"uv": [0, 0, 0.475, 2.025], "texture": "#0"}
			}
		},
		{
			"from": [10.825, 0, 1.675],
			"to": [11.075, 1, 3.55],
			"rotation": {"angle": -45, "axis": "y", "origin": [7.9844, 0.5, 2.17124]},
			"faces": {
				"north": {"uv": [0, 0, 0.25, 1], "texture": "#0"},
				"east": {"uv": [0, 0, 1.875, 1], "texture": "#0"},
				"south": {"uv": [0, 0, 0.25, 1], "texture": "#0"},
				"west": {"uv": [0, 0, 1.875, 1], "texture": "#0"},
				"up": {"uv": [0, 0, 0.25, 1.875], "texture": "#0"},
				"down": {"uv": [0, 0, 0.25, 1.875], "texture": "#0"}
			}
		},
		{
			"from": [11.075, 0, 1.925],
			"to": [11.325, 1, 3.45],
			"rotation": {"angle": -45, "axis": "y", "origin": [7.9844, 0.5, 2.17124]},
			"faces": {
				"north": {"uv": [0, 0, 0.25, 1], "texture": "#0"},
				"east": {"uv": [0, 0, 1.525, 1], "texture": "#0"},
				"south": {"uv": [0, 0, 0.25, 1], "texture": "#0"},
				"west": {"uv": [0, 0, 1.525, 1], "texture": "#0"},
				"up": {"uv": [0, 0, 0.25, 1.525], "texture": "#0"},
				"down": {"uv": [0, 0, 0.25, 1.525], "texture": "#0"}
			}
		},
		{
			"from": [11.3, 0, 2.175],
			"to": [11.55, 1, 3.35],
			"rotation": {"angle": -45, "axis": "y", "origin": [7.9844, 0.5, 2.17124]},
			"faces": {
				"north": {"uv": [0, 0, 0.25, 1], "texture": "#0"},
				"east": {"uv": [0, 0, 1.175, 1], "texture": "#0"},
				"south": {"uv": [0, 0, 0.25, 1], "texture": "#0"},
				"west": {"uv": [0, 0, 1.175, 1], "texture": "#0"},
				"up": {"uv": [0, 0, 0.25, 1.175], "texture": "#0"},
				"down": {"uv": [0, 0, 0.25, 1.175], "texture": "#0"}
			}
		},
		{
			"from": [11.525, 0, 2.525],
			"to": [11.725, 1, 3.175],
			"rotation": {"angle": -45, "axis": "y", "origin": [7.9844, 0.5, 2.17124]},
			"faces": {
				"north": {"uv": [0, 0, 0.2, 1], "texture": "#0"},
				"east": {"uv": [0, 0, 0.65, 1], "texture": "#0"},
				"south": {"uv": [0, 0, 0.2, 1], "texture": "#0"},
				"west": {"uv": [0, 0, 0.65, 1], "texture": "#0"},
				"up": {"uv": [0, 0, 0.2, 0.65], "texture": "#0"},
				"down": {"uv": [0, 0, 0.2, 0.65], "texture": "#0"}
			}
		},
		{
			"from": [10.175, 0, 1.075],
			"to": [10.55, 1, 1.725],
			"rotation": {"angle": -45, "axis": "y", "origin": [7.9844, 0.5, 2.17124]},
			"faces": {
				"north": {"uv": [0, 0, 0.375, 1], "texture": "#0"},
				"east": {"uv": [0, 0, 0.65, 1], "texture": "#0"},
				"south": {"uv": [0, 0, 0.375, 1], "texture": "#0"},
				"west": {"uv": [0, 0, 0.65, 1], "texture": "#0"},
				"up": {"uv": [0, 0, 0.375, 0.65], "texture": "#0"},
				"down": {"uv": [0, 0, 0.375, 0.65], "texture": "#0"}
			}
		},
		{
			"from": [10.525, 0, 1.375],
			"to": [10.725, 1, 1.55],
			"rotation": {"angle": -45, "axis": "y", "origin": [7.9844, 0.5, 2.17124]},
			"faces": {
				"north": {"uv": [0, 0, 0.2, 1], "texture": "#0"},
				"east": {"uv": [0, 0, 0.175, 1], "texture": "#0"},
				"south": {"uv": [0, 0, 0.2, 1], "texture": "#0"},
				"west": {"uv": [0, 0, 0.175, 1], "texture": "#0"},
				"up": {"uv": [0, 0, 0.2, 0.175], "texture": "#0"},
				"down": {"uv": [0, 0, 0.2, 0.175], "texture": "#0"}
			}
		},
		{
			"from": [6.6, 0, -0.95],
			"to": [7.225, 1, -0.725],
			"rotation": {"angle": -45, "axis": "y", "origin": [7.9844, 0.5, 2.17124]},
			"faces": {
				"north": {"uv": [0, 0, 0.625, 1], "texture": "#0"},
				"east": {"uv": [0, 0, 0.225, 1], "texture": "#0"},
				"south": {"uv": [0, 0, 0.625, 1], "texture": "#0"},
				"west": {"uv": [0, 0, 0.225, 1], "texture": "#0"},
				"up": {"uv": [0, 0, 0.625, 0.225], "texture": "#0"},
				"down": {"uv": [0, 0, 0.625, 0.225], "texture": "#0"}
			}
		},
		{
			"from": [6.6, 0, -1],
			"to": [6.725, 1, -0.9],
			"rotation": {"angle": -45, "axis": "y", "origin": [7.9844, 0.5, 2.17124]},
			"faces": {
				"north": {"uv": [0, 0, 0.125, 1], "texture": "#0"},
				"east": {"uv": [0, 0, 0.1, 1], "texture": "#0"},
				"south": {"uv": [0, 0, 0.125, 1], "texture": "#0"},
				"west": {"uv": [0, 0, 0.1, 1], "texture": "#0"},
				"up": {"uv": [0, 0, 0.125, 0.1], "texture": "#0"},
				"down": {"uv": [0, 0, 0.125, 0.1], "texture": "#0"}
			}
		},
		{
			"from": [5.125, 0, 1.825],
			"to": [5.425, 1, 3.65],
			"rotation": {"angle": -45, "axis": "y", "origin": [7.9844, 0.5, 2.17124]},
			"faces": {
				"north": {"uv": [0, 0, 0.3, 1], "texture": "#0"},
				"east": {"uv": [0, 0, 1.825, 1], "texture": "#0"},
				"south": {"uv": [0, 0, 0.3, 1], "texture": "#0"},
				"west": {"uv": [0, 0, 1.825, 1], "texture": "#0"},
				"up": {"uv": [0, 0, 0.3, 1.825], "texture": "#0"},
				"down": {"uv": [0, 0, 0.3, 1.825], "texture": "#0"}
			}
		},
		{
			"from": [4.6, 0, 2.425],
			"to": [4.825, 1, 3.475],
			"rotation": {"angle": -45, "axis": "y", "origin": [7.9844, 0.5, 2.17124]},
			"faces": {
				"north": {"uv": [0, 0, 0.225, 1], "texture": "#0"},
				"east": {"uv": [0, 0, 1.05, 1], "texture": "#0"},
				"south": {"uv": [0, 0, 0.225, 1], "texture": "#0"},
				"west": {"uv": [0, 0, 1.05, 1], "texture": "#0"},
				"up": {"uv": [0, 0, 0.225, 1.05], "texture": "#0"},
				"down": {"uv": [0, 0, 0.225, 1.05], "texture": "#0"}
			}
		},
		{
			"from": [4.45, 0, 2.65],
			"to": [4.6, 1, 3.325],
			"rotation": {"angle": -45, "axis": "y", "origin": [7.9844, 0.5, 2.17124]},
			"faces": {
				"north": {"uv": [0, 0, 0.15, 1], "texture": "#0"},
				"east": {"uv": [0, 0, 0.675, 1], "texture": "#0"},
				"south": {"uv": [0, 0, 0.15, 1], "texture": "#0"},
				"west": {"uv": [0, 0, 0.675, 1], "texture": "#0"},
				"up": {"uv": [0, 0, 0.15, 0.675], "texture": "#0"},
				"down": {"uv": [0, 0, 0.15, 0.675], "texture": "#0"}
			}
		},
		{
			"from": [4.825, 0, 2.125],
			"to": [5.125, 1, 3.6],
			"rotation": {"angle": -45, "axis": "y", "origin": [7.9844, 0.5, 2.17124]},
			"faces": {
				"north": {"uv": [0, 0, 0.3, 1], "texture": "#0"},
				"east": {"uv": [0, 0, 1.475, 1], "texture": "#0"},
				"south": {"uv": [0, 0, 0.3, 1], "texture": "#0"},
				"west": {"uv": [0, 0, 1.475, 1], "texture": "#0"},
				"up": {"uv": [0, 0, 0.3, 1.475], "texture": "#0"},
				"down": {"uv": [0, 0, 0.3, 1.475], "texture": "#0"}
			}
		},
		{
			"from": [6.775, 0, 3.575],
			"to": [7.025, 1, 4.2],
			"rotation": {"angle": -45, "axis": "y", "origin": [7.9844, 0.5, 2.17124]},
			"faces": {
				"north": {"uv": [0, 0, 0.25, 1], "texture": "#0"},
				"east": {"uv": [0, 0, 0.625, 1], "texture": "#0"},
				"south": {"uv": [0, 0, 0.25, 1], "texture": "#0"},
				"west": {"uv": [0, 0, 0.625, 1], "texture": "#0"},
				"up": {"uv": [0, 0, 0.25, 0.625], "texture": "#0"},
				"down": {"uv": [0, 0, 0.25, 0.625], "texture": "#0"}
			}
		},
		{
			"from": [7.525, 0, 4.775],
			"to": [8.775, 1, 5.125],
			"rotation": {"angle": -45, "axis": "y", "origin": [7.9844, 0.5, 2.17124]},
			"faces": {
				"north": {"uv": [0, 0, 1.25, 1], "texture": "#0"},
				"east": {"uv": [0, 0, 0.35, 1], "texture": "#0"},
				"south": {"uv": [0, 0, 1.25, 1], "texture": "#0"},
				"west": {"uv": [0, 0, 0.35, 1], "texture": "#0"},
				"up": {"uv": [0, 0, 1.25, 0.35], "texture": "#0"},
				"down": {"uv": [0, 0, 1.25, 0.35], "texture": "#0"}
			}
		},
		{
			"from": [7.24495, 0, 4.5785],
			"to": [8.59495, 1, 16.1035],
			"rotation": {"angle": 0, "axis": "y", "origin": [7.91995, 0.5, 9.8285]},
			"faces": {
				"north": {"uv": [0, 0, 1.35, 1], "texture": "#1"},
				"east": {"uv": [0, 0, 12.55, 1], "texture": "#1"},
				"south": {"uv": [0, 0, 1.35, 1], "texture": "#1"},
				"west": {"uv": [0, 0, 12.55, 1], "texture": "#1"},
				"up": {"uv": [2, 3, 3, 16], "texture": "#1"},
				"down": {"uv": [0, 0, 1.35, 12.55], "texture": "#1"}
			}
		}
	],
	"display": {
		"thirdperson_righthand": {
			"rotation": [144, 3.5, 17.5],
			"translation": [-2.5, -2, 13.5],
			"scale": [1, 1.05, 1.23]
		},
		"thirdperson_lefthand": {
			"rotation": [-38, 173, 15],
			"translation": [1.5, 10, 2.5]
		},
		"firstperson_righthand": {
			"rotation": [100, -2, 10],
			"translation": [6, -0.25, 0],
			"scale": [1.1, 1.2, 1.25]
		},
		"firstperson_lefthand": {
			"rotation": [100, 2, 10],
			"translation": [6, 0, 0],
			"scale": [1.1, 1.14, 1.25]
		},
		"ground": {
			"translation": [0, 4.75, 0]
		},
		"gui": {
			"rotation": [90, 39, 4],
			"translation": [0, -1, 0]
		},
		"head": {
			"rotation": [90, -5, 0],
			"translation": [0, 13, 5]
		},
		"fixed": {
			"rotation": [90, 8, 3],
			"translation": [-0.75, -0.5, 7]
		}
	},
	"groups": [
		{
			"name": "group",
			"origin": [8, 8, 8],
			"children": [0, 1, 2, 3, 4, 5, 6, 7, 8, 9]
		},
		{
			"name": "group",
			"origin": [8, 8, 8],
			"children": [10, 11, 12, 13, 14, 15, 16, 17, 18, 19, 20, 21, 22, 23, 24]
		},
		{
			"name": "group",
			"origin": [8, 8, 8],
			"children": [25, 26, 27, 28, 29, 30, 31, 32, 33, 34, 35, 36]
		},
		{
			"name": "group",
			"origin": [8, 8, 8],
			"children": [37, 38, 39, 40, 41, 42, 43, 44, 45, 46]
		},
		{
			"name": "group",
			"origin": [8, 8, 8],
			"children": [47, 48, 49, 50, 51, 52, 53, 54, 55, 56, 57, 58, 59, 60]
		}, 61, 62, 63, 64, 65, 66, 67, 68, 69, 70, 71, 72, 73, 74, 75, 76, 77, 78, 79, 80, 81, 82, 83, 84, 85, 86, 87, 88, 89, 90, 91, 92, 93, 94, 95, 96, 97, 98, 99, 100, 101, 102]
}