{
	"credit": "Made with Blockbench",
	"textures": {
		"down": "./macetexture_1",
		"up": "./macetexture_1",
		"north": "./mace",
		"south": "./mace",
		"west": "./mace",
		"east": "./mace"
	},
	"elements": [
		{
			"name": "MRmaceIronMace x64",
			"from": [7, 12.75, 7.5],
			"to": [9, 13.75, 8.5],
			"faces": {
				"north": {"uv": [9, 2.25, 7, 3.25], "texture": "#north"},
				"east": {"uv": [9, 2.25, 8.75, 3.25], "texture": "#east"},
				"south": {"uv": [7, 2.25, 9, 3.25], "texture": "#south"},
				"west": {"uv": [7, 2.25, 7.25, 3.25], "texture": "#west"},
				"up": {"uv": [7, 2.25, 9, 2.5], "texture": "#up"},
				"down": {"uv": [7, 3.25, 9, 3], "texture": "#down"}
			}
		},
		{
			"name": "MRmaceIronMace x64",
			"from": [7.25, 13.75, 7.5],
			"to": [8.75, 14, 8.5],
			"faces": {
				"north": {"uv": [8.75, 2, 7.25, 2.25], "texture": "#north"},
				"east": {"uv": [8.75, 2, 8.5, 2.25], "texture": "#east"},
				"south": {"uv": [7.25, 2, 8.75, 2.25], "texture": "#south"},
				"west": {"uv": [7.25, 2, 7.5, 2.25], "texture": "#west"},
				"up": {"uv": [7.25, 2, 8.75, 2.25], "texture": "#up"},
				"down": {"uv": [7.25, 2.25, 8.75, 2], "texture": "#down"}
			}
		},
		{
			"name": "MRmaceIronMace x64",
			"from": [7.25, 12.5, 7.5],
			"to": [8.75, 12.75, 8.5],
			"faces": {
				"north": {"uv": [8.75, 3.25, 7.25, 3.5], "texture": "#north"},
				"east": {"uv": [8.75, 3.25, 8.5, 3.5], "texture": "#east"},
				"south": {"uv": [7.25, 3.25, 8.75, 3.5], "texture": "#south"},
				"west": {"uv": [7.25, 3.25, 7.5, 3.5], "texture": "#west"},
				"up": {"uv": [7.25, 3.25, 8.75, 3.5], "texture": "#up"},
				"down": {"uv": [7.25, 3.5, 8.75, 3.25], "texture": "#down"}
			}
		},
		{
			"name": "MRmaceIronMace x64",
			"from": [7.25, 0.5, 7.5],
			"to": [8.75, 1, 8.5],
			"faces": {
				"north": {"uv": [8.75, 15, 7.25, 15.5], "texture": "#north"},
				"east": {"uv": [8.75, 15, 8.5, 15.5], "texture": "#east"},
				"south": {"uv": [7.25, 15, 8.75, 15.5], "texture": "#south"},
				"west": {"uv": [7.25, 15, 7.5, 15.5], "texture": "#west"},
				"up": {"uv": [7.25, 15, 8.75, 15.25], "texture": "#up"},
				"down": {"uv": [7.25, 15.5, 8.75, 15.25], "texture": "#down"}
			}
		},
		{
			"name": "MRmaceIronMace x64",
			"from": [7.5, 14, 7.5],
			"to": [8.5, 14.25, 8.5],
			"faces": {
				"north": {"uv": [8.5, 1.75, 7.5, 2], "texture": "#north"},
				"east": {"uv": [8.5, 1.75, 8.25, 2], "texture": "#east"},
				"south": {"uv": [7.5, 1.75, 8.5, 2], "texture": "#south"},
				"west": {"uv": [7.5, 1.75, 7.75, 2], "texture": "#west"},
				"up": {"uv": [7.5, 1.75, 8.5, 2], "texture": "#up"},
				"down": {"uv": [7.5, 2, 8.5, 1.75], "texture": "#down"}
			}
		},
		{
			"name": "MRmaceIronMace x64",
			"from": [7.5, 12.25, 7.5],
			"to": [8.5, 12.5, 8.5],
			"faces": {
				"north": {"uv": [8.5, 3.5, 7.5, 3.75], "texture": "#north"},
				"east": {"uv": [8.5, 3.5, 8.25, 3.75], "texture": "#east"},
				"south": {"uv": [7.5, 3.5, 8.5, 3.75], "texture": "#south"},
				"west": {"uv": [7.5, 3.5, 7.75, 3.75], "texture": "#west"},
				"up": {"uv": [7.5, 3.5, 8.5, 3.75], "texture": "#up"},
				"down": {"uv": [7.5, 3.75, 8.5, 3.5], "texture": "#down"}
			}
		},
		{
			"name": "MRmaceIronMace x64",
			"from": [7.5, 1, 7.625],
			"to": [8.5, 6, 8.375],
			"faces": {
				"north": {"uv": [8.5, 10, 7.5, 15], "texture": "#north"},
				"east": {"uv": [8.5, 10, 8.25, 15], "texture": "#east"},
				"south": {"uv": [7.5, 10, 8.5, 15], "texture": "#south"},
				"west": {"uv": [7.5, 10, 7.75, 15], "texture": "#west"},
				"up": {"uv": [7.5, 10, 8.5, 10.25], "texture": "#up"},
				"down": {"uv": [7.5, 15, 8.5, 14.75], "texture": "#down"}
			}
		},
		{
			"name": "MRmaceIronMace x64",
			"from": [7.5, 0.25, 7.5],
			"to": [8.5, 0.5, 8.5],
			"faces": {
				"north": {"uv": [8.5, 15.5, 7.5, 15.75], "texture": "#north"},
				"east": {"uv": [8.5, 15.5, 8.25, 15.75], "texture": "#east"},
				"south": {"uv": [7.5, 15.5, 8.5, 15.75], "texture": "#south"},
				"west": {"uv": [7.5, 15.5, 7.75, 15.75], "texture": "#west"},
				"up": {"uv": [7.5, 15.5, 8.5, 15.75], "texture": "#up"},
				"down": {"uv": [7.5, 15.75, 8.5, 15.5], "texture": "#down"}
			}
		},
		{
			"name": "MRmaceIronMace x64",
			"from": [7.75, 6.25, 7.75],
			"to": [8.25, 12.25, 8.25],
			"faces": {
				"north": {"uv": [8.25, 3.75, 7.75, 10], "texture": "#north"},
				"east": {"uv": [8.25, 3.75, 8, 10], "texture": "#east"},
				"south": {"uv": [7.75, 3.75, 8.25, 10], "texture": "#south"},
				"west": {"uv": [7.75, 3.75, 8, 10], "texture": "#west"},
				"up": {"uv": [7.75, 3.75, 8.25, 4], "texture": "#up"},
				"down": {"uv": [7.75, 10, 8.25, 9.75], "texture": "#down"}
			}
		},
		{
			"name": "MRmaceIronMace x64",
			"from": [7.75, 0, 7.5],
			"to": [8.25, 0.25, 8.5],
			"faces": {
				"north": {"uv": [8.25, 15.75, 7.75, 16], "texture": "#north"},
				"east": {"uv": [8.25, 15.75, 8, 16], "texture": "#east"},
				"south": {"uv": [7.75, 15.75, 8.25, 16], "texture": "#south"},
				"west": {"uv": [7.75, 15.75, 8, 16], "texture": "#west"},
				"up": {"uv": [7.75, 15.75, 8.25, 16], "texture": "#up"},
				"down": {"uv": [7.75, 16, 8.25, 15.75], "texture": "#down"}
			}
		},
		{
			"from": [7.5, 1, 7.5],
			"to": [8.5, 1.25, 8.5],
			"faces": {
				"north": {"uv": [7.5, 14.75, 8.5, 15], "texture": "#north"},
				"east": {"uv": [7.5, 14.75, 8.5, 15], "texture": "#east"},
				"south": {"uv": [7.5, 14.75, 8.5, 15], "texture": "#south"},
				"west": {"uv": [7.5, 14.75, 8.5, 15], "texture": "#west"},
				"up": {"uv": [7.5, 7.5, 8.5, 8.5], "texture": "#up"},
				"down": {"uv": [8.5, 8.5, 7.5, 7.5], "texture": "#down"}
			}
		},
		{
			"from": [7.75, 1.25, 7.5],
			"to": [8.25, 1.5, 8.5],
			"faces": {
				"north": {"uv": [7.75, 14.5, 8.25, 14.75], "texture": "#north"},
				"east": {"uv": [7.5, 14.5, 8.5, 14.75], "texture": "#east"},
				"south": {"uv": [7.75, 14.5, 8.25, 14.75], "texture": "#south"},
				"west": {"uv": [7.5, 14.5, 8.5, 14.75], "texture": "#west"},
				"up": {"uv": [7.75, 7.5, 8.25, 8.5], "texture": "#up"},
				"down": {"uv": [8.25, 8.5, 7.75, 7.5], "texture": "#down"}
			}
		},
		{
			"from": [7.5, 1.25, 7.625],
			"to": [7.75, 1.5, 8.375],
			"faces": {
				"north": {"uv": [8.25, 14.5, 8.5, 14.75], "texture": "#north"},
				"east": {"uv": [7.625, 14.5, 8.375, 14.75], "texture": "#east"},
				"south": {"uv": [7.5, 14.5, 7.75, 14.75], "texture": "#south"},
				"west": {"uv": [7.625, 14.5, 8.375, 14.75], "texture": "#west"},
				"up": {"uv": [7.5, 7.625, 7.75, 8.375], "texture": "#up"},
				"down": {"uv": [8.5, 8.375, 8.25, 7.625], "texture": "#down"}
			}
		},
		{
			"from": [8.25, 1.25, 7.625],
			"to": [8.5, 1.5, 8.375],
			"faces": {
				"north": {"uv": [7.5, 14.5, 7.75, 14.75], "texture": "#north"},
				"east": {"uv": [7.625, 14.5, 8.375, 14.75], "texture": "#east"},
				"south": {"uv": [8.25, 14.5, 8.5, 14.75], "texture": "#south"},
				"west": {"uv": [7.625, 14.5, 8.375, 14.75], "texture": "#west"},
				"up": {"uv": [8.25, 7.625, 8.5, 8.375], "texture": "#up"},
				"down": {"uv": [7.75, 8.375, 7.5, 7.625], "texture": "#down"}
			}
		},
		{
			"from": [7.375, 12.625, 7.25],
			"to": [8.625, 13.875, 8.75],
			"faces": {
				"north": {"uv": [7.375, 2.125, 8.625, 3.375], "texture": "#north"},
				"east": {"uv": [7.25, 2.125, 8.75, 3.375], "texture": "#east"},
				"south": {"uv": [7.375, 2.125, 8.625, 3.375], "texture": "#south"},
				"west": {"uv": [7.25, 2.125, 8.75, 3.375], "texture": "#west"},
				"up": {"uv": [7.375, 7.25, 8.625, 8.75], "texture": "#up"},
				"down": {"uv": [8.625, 8.75, 7.375, 7.25], "texture": "#down"}
			}
		},
		{
			"from": [7.5, 12.5, 7.25],
			"to": [8.5, 14, 8.75],
			"faces": {
				"north": {"uv": [7.5, 2, 8.5, 3.5], "texture": "#north"},
				"east": {"uv": [7.25, 2, 8.75, 3.5], "texture": "#east"},
				"south": {"uv": [7.5, 2, 8.5, 3.5], "texture": "#south"},
				"west": {"uv": [7.25, 2, 8.75, 3.5], "texture": "#west"},
				"up": {"uv": [7.5, 7.25, 8.5, 8.75], "texture": "#up"},
				"down": {"uv": [8.5, 8.75, 7.5, 7.25], "texture": "#down"}
			}
		},
		{
			"from": [7.25, 12.75, 7.25],
			"to": [8.75, 13.75, 8.75],
			"faces": {
				"north": {"uv": [7.25, 2.25, 8.75, 3.25], "texture": "#north"},
				"east": {"uv": [7.25, 2.25, 8.75, 3.25], "texture": "#east"},
				"south": {"uv": [7.25, 2.25, 8.75, 3.25], "texture": "#south"},
				"west": {"uv": [7.25, 2.25, 8.75, 3.25], "texture": "#west"},
				"up": {"uv": [7.25, 7.25, 8.75, 8.75], "texture": "#up"},
				"down": {"uv": [8.75, 8.75, 7.25, 7.25], "texture": "#down"}
			}
		},
		{
			"from": [7.75, 6, 7.625],
			"to": [8.25, 6.25, 8.375],
			"faces": {
				"north": {"uv": [7.75, 9.75, 8.25, 10], "texture": "#down"},
				"east": {"uv": [7.625, 9.75, 8.375, 10], "texture": "#down"},
				"south": {"uv": [7.75, 9.75, 8.25, 10], "texture": "#down"},
				"west": {"uv": [7.625, 9.75, 8.375, 10], "texture": "#down"},
				"up": {"uv": [7.75, 7.625, 8.25, 8.375], "texture": "#down"},
				"down": {"uv": [8.25, 8.375, 7.75, 7.625], "texture": "#down"}
			}
		}
	],
	"display": {
		"thirdperson_righthand": {
			"rotation": [0, -90, 0],
			"translation": [0, 4.913, 1],
			"scale": [1.5, 1.5, 1.5]
		},
		"thirdperson_lefthand": {
			"rotation": [0, 90, 0],
			"translation": [0, 4.913, 1],
			"scale": [1.5, 1.5, 1.5]
		},
		"firstperson_righthand": {
			"rotation": [17, -90, 0],
			"translation": [2.6, 5, -0.008]
		},
		"firstperson_lefthand": {
			"rotation": [17, 90, 0],
			"translation": [2.6, 5, -0.008]
		},
		"ground": {
			"rotation": [0, 0, -45],
			"translation": [0, 3.3956, 0],
			"scale": [1.2, 1.2, 1.2]
		},
		"gui": {
			"rotation": [0, 0, -45],
			"translation": [0.75, 0.25, 0],
			"scale": [1.1, 1.1, 1.1]
		},
		"head": {
			"rotation": [0, 0, 45],
			"translation": [0, 19, 0],
			"scale": [1.5, 1.5, 1.5]
		},
		"fixed": {
			"rotation": [0, 0, 90],
			"translation": [-2.25, -0.25, -2],
			"scale": [2.5, 2.5, 2.5]
		}
	}
}