{
	"credit": "Made with Blockbench",
	"texture_size": [32, 32],
	"textures": {
		"0": "./stick",
		"particle": "./stick"
	},
	"elements": [
		{
			"name": "wood",
			"from": [7.14063, 4.09375, 7],
			"to": [7.64063, 13.59375, 8.25],
			"rotation": {"angle": 0, "axis": "y", "origin": [8, 8, 8]},
			"faces": {
				"north": {"uv": [4.5, 6.5, 5, 11], "texture": "#0"},
				"east": {"uv": [5, 6.5, 5.5, 11], "texture": "#0"},
				"south": {"uv": [5.5, 6.5, 6, 11], "texture": "#0"},
				"west": {"uv": [6.5, 5.5, 7, 10], "texture": "#0"},
				"up": {"uv": [8.5, 0.5, 8, 0], "texture": "#0"},
				"down": {"uv": [8.5, 0.5, 8, 1], "texture": "#0"}
			}
		},
		{
			"name": "wood",
			"from": [6.64062, -1.40625, 7],
			"to": [7.14062, 13.59375, 8.25],
			"rotation": {"angle": 0, "axis": "y", "origin": [8, 8, 8]},
			"faces": {
				"north": {"uv": [0, 0, 0.5, 7.5], "texture": "#0"},
				"east": {"uv": [0.5, 0, 1, 7.5], "texture": "#0"},
				"south": {"uv": [1, 0, 1.5, 7.5], "texture": "#0"},
				"west": {"uv": [1.5, 0, 2, 7.5], "texture": "#0"},
				"up": {"uv": [1.5, 8.5, 1, 8], "texture": "#0"},
				"down": {"uv": [8.5, 1, 8, 1.5], "texture": "#0"}
			}
		},
		{
			"name": "wood",
			"from": [6.14062, -1.40625, 7],
			"to": [6.64062, 13.09375, 8.25],
			"rotation": {"angle": 0, "axis": "y", "origin": [8, 8, 8]},
			"faces": {
				"north": {"uv": [2, 0, 2.5, 7], "texture": "#0"},
				"east": {"uv": [2.5, 0, 3, 7], "texture": "#0"},
				"south": {"uv": [3, 0, 3.5, 7], "texture": "#0"},
				"west": {"uv": [3.5, 0, 4, 7], "texture": "#0"},
				"up": {"uv": [8, 7.5, 7.5, 7], "texture": "#0"},
				"down": {"uv": [8, 7.5, 7.5, 8], "texture": "#0"}
			}
		},
		{
			"name": "wood",
			"from": [5.64062, -1.40625, 7],
			"to": [6.14062, 11.59375, 8.25],
			"rotation": {"angle": 0, "axis": "y", "origin": [8, 8, 8]},
			"faces": {
				"north": {"uv": [4, 0, 4.5, 6.5], "texture": "#0"},
				"east": {"uv": [4.5, 0, 5, 6.5], "texture": "#0"},
				"south": {"uv": [5, 0, 5.5, 6.5], "texture": "#0"},
				"west": {"uv": [5.5, 0, 6, 6.5], "texture": "#0"},
				"up": {"uv": [2, 8.5, 1.5, 8], "texture": "#0"},
				"down": {"uv": [8.5, 7, 8, 7.5], "texture": "#0"}
			}
		},
		{
			"name": "wood",
			"from": [5.14062, -0.90625, 7],
			"to": [5.64062, 10.59375, 8.25],
			"rotation": {"angle": 0, "axis": "y", "origin": [8, 8, 8]},
			"faces": {
				"north": {"uv": [6, 0, 6.5, 5.5], "texture": "#0"},
				"east": {"uv": [6, 5.5, 6.5, 11], "texture": "#0"},
				"south": {"uv": [6.5, 0, 7, 5.5], "texture": "#0"},
				"west": {"uv": [4, 6.5, 4.5, 12], "texture": "#0"},
				"up": {"uv": [8, 8.5, 7.5, 8], "texture": "#0"},
				"down": {"uv": [8.5, 7.5, 8, 8], "texture": "#0"}
			}
		},
		{
			"name": "wood",
			"from": [4.64062, 1.09375, 7],
			"to": [5.14062, 4.59375, 8.25],
			"rotation": {"angle": 0, "axis": "y", "origin": [8, 8, 8]},
			"faces": {
				"north": {"uv": [3, 7, 3.5, 8.5], "texture": "#0"},
				"east": {"uv": [3.5, 7, 4, 8.5], "texture": "#0"},
				"south": {"uv": [7, 4, 7.5, 5.5], "texture": "#0"},
				"west": {"uv": [7, 5.5, 7.5, 7], "texture": "#0"},
				"up": {"uv": [8.5, 8.5, 8, 8], "texture": "#0"},
				"down": {"uv": [9, 0, 8.5, 0.5], "texture": "#0"}
			}
		},
		{
			"name": "wood",
			"from": [7.14062, -0.93125, 7],
			"to": [7.64062, 2.56875, 8.25],
			"rotation": {"angle": 0, "axis": "y", "origin": [8, 8, 8]},
			"faces": {
				"north": {"uv": [7, 7, 7.5, 8.5], "texture": "#0"},
				"east": {"uv": [0, 7.5, 0.5, 9], "texture": "#0"},
				"south": {"uv": [7.5, 0, 8, 1.5], "texture": "#0"},
				"west": {"uv": [0.5, 7.5, 1, 9], "texture": "#0"},
				"up": {"uv": [9, 1, 8.5, 0.5], "texture": "#0"},
				"down": {"uv": [1.5, 8.5, 1, 9], "texture": "#0"}
			}
		},
		{
			"name": "wood",
			"from": [7.64062, 8.59375, 7],
			"to": [8.14062, 13.09375, 8.25],
			"rotation": {"angle": 0, "axis": "y", "origin": [8, 8, 8]},
			"faces": {
				"north": {"uv": [7, 0, 7.5, 2], "texture": "#0"},
				"east": {"uv": [2, 7, 2.5, 9], "texture": "#0"},
				"south": {"uv": [7, 2, 7.5, 4], "texture": "#0"},
				"west": {"uv": [2.5, 7, 3, 9], "texture": "#0"},
				"up": {"uv": [9, 1.5, 8.5, 1], "texture": "#0"},
				"down": {"uv": [2, 8.5, 1.5, 9], "texture": "#0"}
			}
		},
		{
			"name": "wood",
			"from": [8.14062, 11.09375, 7],
			"to": [8.64062, 12.59375, 8.25],
			"rotation": {"angle": 0, "axis": "y", "origin": [8, 8, 8]},
			"faces": {
				"north": {"uv": [8.5, 1.5, 9, 2], "texture": "#0"},
				"east": {"uv": [8.5, 2, 9, 2.5], "texture": "#0"},
				"south": {"uv": [8.5, 2.5, 9, 3], "texture": "#0"},
				"west": {"uv": [3, 8.5, 3.5, 9], "texture": "#0"},
				"up": {"uv": [9, 3.5, 8.5, 3], "texture": "#0"},
				"down": {"uv": [4, 8.5, 3.5, 9], "texture": "#0"}
			}
		},
		{
			"name": "wood",
			"from": [8.14062, 8.59375, 7],
			"to": [8.64062, 10.09375, 8.25],
			"rotation": {"angle": 0, "axis": "y", "origin": [8, 8, 8]},
			"faces": {
				"north": {"uv": [8.5, 3.5, 9, 4], "texture": "#0"},
				"east": {"uv": [8.5, 4, 9, 4.5], "texture": "#0"},
				"south": {"uv": [8.5, 4.5, 9, 5], "texture": "#0"},
				"west": {"uv": [8.5, 5, 9, 5.5], "texture": "#0"},
				"up": {"uv": [9, 6, 8.5, 5.5], "texture": "#0"},
				"down": {"uv": [9, 6, 8.5, 6.5], "texture": "#0"}
			}
		},
		{
			"name": "wood",
			"from": [8.64062, 9.09375, 7],
			"to": [9.14062, 9.59375, 8.25],
			"rotation": {"angle": 0, "axis": "y", "origin": [8, 8, 8]},
			"faces": {
				"north": {"uv": [8.5, 6.5, 9, 7], "texture": "#0"},
				"east": {"uv": [7, 8.5, 7.5, 9], "texture": "#0"},
				"south": {"uv": [8.5, 7, 9, 7.5], "texture": "#0"},
				"west": {"uv": [7.5, 8.5, 8, 9], "texture": "#0"},
				"up": {"uv": [9, 8, 8.5, 7.5], "texture": "#0"},
				"down": {"uv": [8.5, 8.5, 8, 9], "texture": "#0"}
			}
		},
		{
			"name": "wood",
			"from": [9.14063, 9.59375, 7],
			"to": [9.64063, 10.09375, 8.25],
			"rotation": {"angle": 0, "axis": "y", "origin": [8, 8, 8]},
			"faces": {
				"north": {"uv": [8.5, 8, 9, 8.5], "texture": "#0"},
				"east": {"uv": [8.5, 8.5, 9, 9], "texture": "#0"},
				"south": {"uv": [0, 9, 0.5, 9.5], "texture": "#0"},
				"west": {"uv": [9, 0, 9.5, 0.5], "texture": "#0"},
				"up": {"uv": [1, 9.5, 0.5, 9], "texture": "#0"},
				"down": {"uv": [9.5, 0.5, 9, 1], "texture": "#0"}
			}
		},
		{
			"name": "leaf",
			"from": [9.14063, 10.09375, 7],
			"to": [11.14063, 10.59375, 8.25],
			"rotation": {"angle": 0, "axis": "y", "origin": [8, 8, 8]},
			"faces": {
				"north": {"uv": [1, 7.5, 2, 8], "texture": "#0"},
				"east": {"uv": [1, 9, 1.5, 9.5], "texture": "#0"},
				"south": {"uv": [7.5, 1.5, 8.5, 2], "texture": "#0"},
				"west": {"uv": [9, 1, 9.5, 1.5], "texture": "#0"},
				"up": {"uv": [8.5, 2.5, 7.5, 2], "texture": "#0"},
				"down": {"uv": [8.5, 2.5, 7.5, 3], "texture": "#0"}
			}
		},
		{
			"name": "leaf",
			"from": [9.64063, 9.61875, 7],
			"to": [10.64063, 10.11875, 8.25],
			"rotation": {"angle": 0, "axis": "y", "origin": [8, 8, 8]},
			"faces": {
				"north": {"uv": [1.5, 9, 2, 9.5], "texture": "#0"},
				"east": {"uv": [9, 1.5, 9.5, 2], "texture": "#0"},
				"south": {"uv": [2, 9, 2.5, 9.5], "texture": "#0"},
				"west": {"uv": [9, 2, 9.5, 2.5], "texture": "#0"},
				"up": {"uv": [3, 9.5, 2.5, 9], "texture": "#0"},
				"down": {"uv": [9.5, 2.5, 9, 3], "texture": "#0"}
			}
		},
		{
			"name": "leaf",
			"from": [9.14063, 10.59375, 7.75],
			"to": [11.14063, 11.09375, 8.25],
			"rotation": {"angle": 0, "axis": "y", "origin": [8, 8, 8]},
			"faces": {
				"north": {"uv": [7.5, 3, 8.5, 3.5], "texture": "#0"},
				"east": {"uv": [3, 9, 3.5, 9.5], "texture": "#0"},
				"south": {"uv": [7.5, 3.5, 8.5, 4], "texture": "#0"},
				"west": {"uv": [9, 3, 9.5, 3.5], "texture": "#0"},
				"up": {"uv": [8.5, 4.5, 7.5, 4], "texture": "#0"},
				"down": {"uv": [8.5, 4.5, 7.5, 5], "texture": "#0"}
			}
		},
		{
			"name": "leaf",
			"from": [9.64063, 11.09375, 7.75],
			"to": [11.14063, 11.59375, 8.25],
			"rotation": {"angle": 0, "axis": "y", "origin": [8, 8, 8]},
			"faces": {
				"north": {"uv": [7.5, 5, 8.5, 5.5], "texture": "#0"},
				"east": {"uv": [3.5, 9, 4, 9.5], "texture": "#0"},
				"south": {"uv": [7.5, 5.5, 8.5, 6], "texture": "#0"},
				"west": {"uv": [9, 3.5, 9.5, 4], "texture": "#0"},
				"up": {"uv": [8.5, 6.5, 7.5, 6], "texture": "#0"},
				"down": {"uv": [8.5, 6.5, 7.5, 7], "texture": "#0"}
			}
		}
	],
	"display": {
		"thirdperson_righthand": {
			"rotation": [0, 56, 0],
			"translation": [1.25, 9.5, 0.25],
			"scale": [1, 1.5, 1]
		},
		"thirdperson_lefthand": {
			"rotation": [0, 56, 0],
			"translation": [-0.75, 10.75, 3],
			"scale": [1, 1.5, 1]
		},
		"firstperson_righthand": {
			"rotation": [0, 56, 0],
			"translation": [1.25, 9.5, 0.25],
			"scale": [1, 1.5, 1]
		},
		"firstperson_lefthand": {
			"rotation": [0, 56, 0],
			"translation": [1.25, 9.5, 0.25],
			"scale": [1, 1.5, 1]
		},
		"ground": {
			"rotation": [0, 56, 0],
			"translation": [1.25, 9.5, 0.25],
			"scale": [1, 1.5, 1]
		},
		"gui": {
			"rotation": [0, 0, 44.5],
			"translation": [0, 3, 0],
			"scale": [1.4707, 1.4707, 1.4707]
		},
		"head": {
			"rotation": [0, 56, 0],
			"translation": [1.25, 9.5, 0.25],
			"scale": [1, 1.5, 1]
		},
		"fixed": {
			"rotation": [0, 8.25, -41.75],
			"translation": [1.25, 2, -1.25],
			"scale": [1, 1.5, 1]
		}
	},
	"groups": [
		{
			"name": "group",
			"origin": [5.25, 5.25, 5.25],
			"children": [0, 1, 2, 3, 4, 5, 6, 7, 8, 9, 10, 11]
		},
		{
			"name": "leaf",
			"origin": [8, 8, 8],
			"children": [12, 13, 14, 15]
		}
	]
}