{
	"credit": "Made with Blockbench",
	"textures": {
		"0": "./blunt_sword",
		"particle": "./blunt_sword"
	},
	"elements": [
		{
			"from": [6.5, 15.5, 7.5],
			"to": [9.5, 16, 8.25],
			"rotation": {"angle": 0, "axis": "y", "origin": [8, 8, 8]},
			"faces": {
				"north": {"uv": [10, 2, 13, 2.5], "texture": "#0"},
				"east": {"uv": [11, 8, 11.75, 8.5], "texture": "#0"},
				"south": {"uv": [10, 3, 13, 3.5], "texture": "#0"},
				"west": {"uv": [9, 11, 9.75, 11.5], "texture": "#0"},
				"up": {"uv": [11, 0.75, 8, 0], "texture": "#0"},
				"down": {"uv": [11, 1, 8, 1.75], "texture": "#0"}
			}
		},
		{
			"from": [7.4, 20.975, 7.25],
			"to": [8.6, 21.975, 8.45],
			"rotation": {"angle": 0, "axis": "y", "origin": [8, 8, 8]},
			"faces": {
				"north": {"uv": [4, 10, 5.25, 11], "texture": "#0"},
				"east": {"uv": [10, 4, 11.25, 5], "texture": "#0"},
				"south": {"uv": [10, 5, 11.25, 6], "texture": "#0"},
				"west": {"uv": [10, 6, 11.25, 7], "texture": "#0"},
				"up": {"uv": [9.25, 7.25, 8, 6], "texture": "#0"},
				"down": {"uv": [9.25, 8, 8, 9.25], "texture": "#0"}
			}
		},
		{
			"from": [7.5, 16, 7.5],
			"to": [8.5, 21, 8.25],
			"rotation": {"angle": 0, "axis": "y", "origin": [8, 8, 8]},
			"faces": {
				"north": {"uv": [4, 0, 5, 5], "texture": "#0"},
				"east": {"uv": [4, 5, 4.75, 10], "texture": "#0"},
				"south": {"uv": [5, 0, 6, 5], "texture": "#0"},
				"west": {"uv": [5, 5, 5.75, 10], "texture": "#0"},
				"up": {"uv": [10, 10.75, 9, 10], "texture": "#0"},
				"down": {"uv": [11, 9, 10, 9.75], "texture": "#0"}
			}
		},
		{
			"name": "blade",
			"from": [7, 3.175, 7.7],
			"to": [9, 15.525, 8.075],
			"rotation": {"angle": 0, "axis": "y", "origin": [8, 8, 8]},
			"faces": {
				"north": {"uv": [0, 0, 2, 12.25], "texture": "#0"},
				"east": {"uv": [6, 0, 6.25, 12.25], "texture": "#0"},
				"south": {"uv": [2, 0, 4, 12.25], "texture": "#0"},
				"west": {"uv": [7, 0, 7.25, 12.25], "texture": "#0"},
				"up": {"uv": [6, 11.25, 4, 11], "texture": "#0"},
				"down": {"uv": [13, 7, 11, 7.25], "texture": "#0"}
			}
		},
		{
			"name": "blade",
			"from": [7.275, 2, 7.7],
			"to": [8.775, 3.25, 8.075],
			"rotation": {"angle": 0, "axis": "y", "origin": [8, 8, 8]},
			"faces": {
				"north": {"uv": [8, 2, 9.5, 3.25], "texture": "#0"},
				"east": {"uv": [4, 12, 4.25, 13.25], "texture": "#0"},
				"south": {"uv": [8, 4, 9.5, 5.25], "texture": "#0"},
				"west": {"uv": [12, 4, 12.25, 5.25], "texture": "#0"},
				"up": {"uv": [12.5, 9.25, 11, 9], "texture": "#0"},
				"down": {"uv": [12.5, 10, 11, 10.25], "texture": "#0"}
			}
		},
		{
			"name": "blade",
			"from": [7.525, 0.75, 7.7],
			"to": [8.525, 2, 8.075],
			"rotation": {"angle": 0, "axis": "y", "origin": [8, 8, 8]},
			"faces": {
				"north": {"uv": [10, 7, 11, 8.25], "texture": "#0"},
				"east": {"uv": [5, 12, 5.25, 13.25], "texture": "#0"},
				"south": {"uv": [8, 10, 9, 11.25], "texture": "#0"},
				"west": {"uv": [8, 12, 8.25, 13.25], "texture": "#0"},
				"up": {"uv": [13, 6.25, 12, 6], "texture": "#0"},
				"down": {"uv": [13, 8, 12, 8.25], "texture": "#0"}
			}
		},
		{
			"name": "blade",
			"from": [7.775, -0.5, 7.7],
			"to": [8.275, 0.75, 8.075],
			"rotation": {"angle": 0, "axis": "y", "origin": [8, 8, 8]},
			"faces": {
				"north": {"uv": [10, 10, 10.5, 11.25], "texture": "#0"},
				"east": {"uv": [11, 11, 11.25, 12.25], "texture": "#0"},
				"south": {"uv": [11, 0, 11.5, 1.25], "texture": "#0"},
				"west": {"uv": [12, 0, 12.25, 1.25], "texture": "#0"},
				"up": {"uv": [9.5, 12.25, 9, 12], "texture": "#0"},
				"down": {"uv": [10.5, 12, 10, 12.25], "texture": "#0"}
			}
		}
	],
	"display": {
		"thirdperson_righthand": {
			"rotation": [-180, -65, 0],
			"translation": [-0.25, 9.5, 1]
		},
		"thirdperson_lefthand": {
			"rotation": [-180, -65, 0],
			"translation": [-0.25, 9.5, 1]
		},
		"firstperson_righthand": {
			"rotation": [-180, -65, 0],
			"translation": [-0.25, 9.5, 1]
		},
		"firstperson_lefthand": {
			"rotation": [-180, -65, 0],
			"translation": [-0.25, 9.5, 1]
		},
		"ground": {
			"rotation": [-180, -65, 0],
			"translation": [-0.25, 9.5, 1]
		},
		"gui": {
			"rotation": [-12.75, 0, 47.75],
			"translation": [2, -1.5, 0]
		},
		"head": {
			"rotation": [-180, -65, 0],
			"translation": [-0.25, 9.5, 1]
		},
		"fixed": {
			"translation": [0, -2.75, 0],
			"scale": [0.90234, 0.90234, 0.90234]
		}
	},
	"groups": [
		{
			"name": "base",
			"origin": [8, 8, 8],
			"children": [0, 1, 2]
		},
		{
			"name": "Blade",
			"origin": [8, 8, 8],
			"children": [3, 4, 5, 6]
		}
	]
}