{
	"credit": "Made with Blockbench",
	"textures": {
		"texture": "./polearm",
		"zPolearm_texture_2": "./polearmtexture2",
		"zPolearminv": "./polearmtexture3"
	},
	"elements": [
		{
			"name": "zPolearm x128",
			"from": [6.625, 11, 7.9375],
			"to": [7.125, 14.25, 8.0625],
			"faces": {
				"north": {"uv": [8.875, 1.75, 9.375, 5], "texture": "#zPolearminv"},
				"east": {"uv": [7.9375, 1.75, 8.0625, 5], "texture": "#zPolearm_texture_2"},
				"south": {"uv": [6.625, 1.75, 7.125, 5], "texture": "#texture"},
				"west": {"uv": [7.9375, 1.75, 8.0625, 5], "texture": "#zPolearm_texture_2"},
				"up": {"uv": [6.625, 7.9375, 7.125, 8.0625], "texture": "#zPolearm_texture_2"},
				"down": {"uv": [9.375, 8.0625, 8.875, 7.9375], "texture": "#zPolearm_texture_2"}
			}
		},
		{
			"name": "zPolearm x128",
			"from": [6.75, 14.25, 7.9375],
			"to": [7.625, 14.375, 8.0625],
			"faces": {
				"north": {"uv": [8.375, 1.625, 9.25, 1.75], "texture": "#zPolearminv"},
				"east": {"uv": [7.9375, 1.625, 8.0625, 1.75], "texture": "#zPolearm_texture_2"},
				"south": {"uv": [6.75, 1.625, 7.625, 1.75], "texture": "#texture"},
				"west": {"uv": [7.9375, 1.625, 8.0625, 1.75], "texture": "#zPolearm_texture_2"},
				"up": {"uv": [6.75, 7.9375, 7.625, 8.0625], "texture": "#zPolearm_texture_2"},
				"down": {"uv": [9.25, 8.0625, 8.375, 7.9375], "texture": "#zPolearm_texture_2"}
			}
		},
		{
			"name": "zPolearm x128",
			"from": [6.75, 10.875, 7.9375],
			"to": [7.5, 11, 8.0625],
			"faces": {
				"north": {"uv": [8.5, 5, 9.25, 5.125], "texture": "#zPolearminv"},
				"east": {"uv": [7.9375, 5, 8.0625, 5.125], "texture": "#zPolearm_texture_2"},
				"south": {"uv": [6.75, 5, 7.5, 5.125], "texture": "#texture"},
				"west": {"uv": [7.9375, 5, 8.0625, 5.125], "texture": "#zPolearm_texture_2"},
				"up": {"uv": [6.75, 7.9375, 7.5, 8.0625], "texture": "#zPolearm_texture_2"},
				"down": {"uv": [9.25, 8.0625, 8.5, 7.9375], "texture": "#zPolearm_texture_2"}
			}
		},
		{
			"name": "zPolearm x128",
			"from": [6.875, 14.375, 7.9375],
			"to": [7.625, 14.625, 8.0625],
			"faces": {
				"north": {"uv": [8.375, 1.375, 9.125, 1.625], "texture": "#zPolearminv"},
				"east": {"uv": [7.9375, 1.375, 8.0625, 1.625], "texture": "#zPolearm_texture_2"},
				"south": {"uv": [6.875, 1.375, 7.625, 1.625], "texture": "#texture"},
				"west": {"uv": [7.9375, 1.375, 8.0625, 1.625], "texture": "#zPolearm_texture_2"},
				"up": {"uv": [6.875, 7.9375, 7.625, 8.0625], "texture": "#zPolearm_texture_2"},
				"down": {"uv": [9.125, 8.0625, 8.375, 7.9375], "texture": "#zPolearm_texture_2"}
			}
		},
		{
			"name": "zPolearm x128",
			"from": [7, 14.625, 7.9375],
			"to": [7.625, 14.75, 8.0625],
			"faces": {
				"north": {"uv": [8.375, 1.25, 9, 1.375], "texture": "#zPolearminv"},
				"east": {"uv": [7.9375, 1.25, 8.0625, 1.375], "texture": "#zPolearm_texture_2"},
				"south": {"uv": [7, 1.25, 7.625, 1.375], "texture": "#texture"},
				"west": {"uv": [7.9375, 1.25, 8.0625, 1.375], "texture": "#zPolearm_texture_2"},
				"up": {"uv": [7, 7.9375, 7.625, 8.0625], "texture": "#zPolearm_texture_2"},
				"down": {"uv": [9, 8.0625, 8.375, 7.9375], "texture": "#zPolearm_texture_2"}
			}
		},
		{
			"name": "zPolearm x128",
			"from": [7.125, 14.75, 7.9375],
			"to": [7.625, 14.875, 8.0625],
			"faces": {
				"north": {"uv": [8.375, 1.125, 8.875, 1.25], "texture": "#zPolearminv"},
				"east": {"uv": [7.9375, 1.125, 8.0625, 1.25], "texture": "#zPolearm_texture_2"},
				"south": {"uv": [7.125, 1.125, 7.625, 1.25], "texture": "#texture"},
				"west": {"uv": [7.9375, 1.125, 8.0625, 1.25], "texture": "#zPolearm_texture_2"},
				"up": {"uv": [7.125, 7.9375, 7.625, 8.0625], "texture": "#zPolearm_texture_2"},
				"down": {"uv": [8.875, 8.0625, 8.375, 7.9375], "texture": "#zPolearm_texture_2"}
			}
		},
		{
			"name": "zPolearm x128",
			"from": [7.125, 12.25, 7.9375],
			"to": [7.625, 14.25, 8.0625],
			"faces": {
				"north": {"uv": [8.375, 1.75, 8.875, 3.75], "texture": "#zPolearminv"},
				"east": {"uv": [7.9375, 1.75, 8.0625, 3.75], "texture": "#zPolearm_texture_2"},
				"south": {"uv": [7.125, 1.75, 7.625, 3.75], "texture": "#texture"},
				"west": {"uv": [7.9375, 1.75, 8.0625, 3.75], "texture": "#zPolearm_texture_2"},
				"up": {"uv": [7.125, 7.9375, 7.625, 8.0625], "texture": "#zPolearm_texture_2"},
				"down": {"uv": [8.875, 8.0625, 8.375, 7.9375], "texture": "#zPolearm_texture_2"}
			}
		},
		{
			"name": "zPolearm x128",
			"from": [7.125, 11.5, 7.9375],
			"to": [7.625, 12, 8.0625],
			"faces": {
				"north": {"uv": [8.375, 4, 8.875, 4.5], "texture": "#zPolearminv"},
				"east": {"uv": [7.9375, 4, 8.0625, 4.5], "texture": "#zPolearm_texture_2"},
				"south": {"uv": [7.125, 4, 7.625, 4.5], "texture": "#texture"},
				"west": {"uv": [7.9375, 4, 8.0625, 4.5], "texture": "#zPolearm_texture_2"},
				"up": {"uv": [7.125, 7.9375, 7.625, 8.0625], "texture": "#zPolearm_texture_2"},
				"down": {"uv": [8.875, 8.0625, 8.375, 7.9375], "texture": "#zPolearm_texture_2"}
			}
		},
		{
			"name": "zPolearm x128",
			"from": [7.125, 11, 7.9375],
			"to": [7.625, 11.25, 8.0625],
			"faces": {
				"north": {"uv": [8.375, 4.75, 8.875, 5], "texture": "#zPolearminv"},
				"east": {"uv": [7.9375, 4.75, 8.0625, 5], "texture": "#zPolearm_texture_2"},
				"south": {"uv": [7.125, 4.75, 7.625, 5], "texture": "#texture"},
				"west": {"uv": [7.9375, 4.75, 8.0625, 5], "texture": "#zPolearm_texture_2"},
				"up": {"uv": [7.125, 7.9375, 7.625, 8.0625], "texture": "#zPolearm_texture_2"},
				"down": {"uv": [8.875, 8.0625, 8.375, 7.9375], "texture": "#zPolearm_texture_2"}
			}
		},
		{
			"name": "zPolearm x128",
			"from": [7.25, 14.875, 7.9375],
			"to": [7.625, 15.125, 8.0625],
			"faces": {
				"north": {"uv": [8.375, 0.875, 8.75, 1.125], "texture": "#zPolearminv"},
				"east": {"uv": [7.9375, 0.875, 8.0625, 1.125], "texture": "#zPolearm_texture_2"},
				"south": {"uv": [7.25, 0.875, 7.625, 1.125], "texture": "#texture"},
				"west": {"uv": [7.9375, 0.875, 8.0625, 1.125], "texture": "#zPolearm_texture_2"},
				"up": {"uv": [7.25, 7.9375, 7.625, 8.0625], "texture": "#zPolearm_texture_2"},
				"down": {"uv": [8.75, 8.0625, 8.375, 7.9375], "texture": "#zPolearm_texture_2"}
			}
		},
		{
			"name": "zPolearm x128",
			"from": [7.375, 15.125, 7.9375],
			"to": [7.625, 15.25, 8.0625],
			"faces": {
				"north": {"uv": [8.375, 0.75, 8.625, 0.875], "texture": "#zPolearminv"},
				"east": {"uv": [7.9375, 0.75, 8.0625, 0.875], "texture": "#zPolearm_texture_2"},
				"south": {"uv": [7.375, 0.75, 7.625, 0.875], "texture": "#texture"},
				"west": {"uv": [7.9375, 0.75, 8.0625, 0.875], "texture": "#zPolearm_texture_2"},
				"up": {"uv": [7.375, 7.9375, 7.625, 8.0625], "texture": "#zPolearm_texture_2"},
				"down": {"uv": [8.625, 8.0625, 8.375, 7.9375], "texture": "#zPolearm_texture_2"}
			}
		},
		{
			"name": "zPolearm x128",
			"from": [7.375, 12, 7.9375],
			"to": [7.625, 12.25, 8.0625],
			"faces": {
				"north": {"uv": [8.375, 3.75, 8.625, 4], "texture": "#zPolearminv"},
				"east": {"uv": [7.9375, 3.75, 8.0625, 4], "texture": "#zPolearm_texture_2"},
				"south": {"uv": [7.375, 3.75, 7.625, 4], "texture": "#texture"},
				"west": {"uv": [7.9375, 3.75, 8.0625, 4], "texture": "#zPolearm_texture_2"},
				"up": {"uv": [7.375, 7.9375, 7.625, 8.0625], "texture": "#zPolearm_texture_2"},
				"down": {"uv": [8.625, 8.0625, 8.375, 7.9375], "texture": "#zPolearm_texture_2"}
			}
		},
		{
			"name": "zPolearm x128",
			"from": [7.375, 11.25, 7.9375],
			"to": [7.625, 11.5, 8.0625],
			"faces": {
				"north": {"uv": [8.375, 4.5, 8.625, 4.75], "texture": "#zPolearminv"},
				"east": {"uv": [7.9375, 4.5, 8.0625, 4.75], "texture": "#zPolearm_texture_2"},
				"south": {"uv": [7.375, 4.5, 7.625, 4.75], "texture": "#texture"},
				"west": {"uv": [7.9375, 4.5, 8.0625, 4.75], "texture": "#zPolearm_texture_2"},
				"up": {"uv": [7.375, 7.9375, 7.625, 8.0625], "texture": "#zPolearm_texture_2"},
				"down": {"uv": [8.625, 8.0625, 8.375, 7.9375], "texture": "#zPolearm_texture_2"}
			}
		},
		{
			"name": "zPolearm x128",
			"from": [7.5, 15.25, 7.9375],
			"to": [7.625, 15.375, 8.0625],
			"faces": {
				"north": {"uv": [8.375, 0.625, 8.5, 0.75], "texture": "#zPolearminv"},
				"east": {"uv": [7.9375, 0.625, 8.0625, 0.75], "texture": "#zPolearm_texture_2"},
				"south": {"uv": [7.5, 0.625, 7.625, 0.75], "texture": "#texture"},
				"west": {"uv": [7.9375, 0.625, 8.0625, 0.75], "texture": "#zPolearm_texture_2"},
				"up": {"uv": [7.5, 7.9375, 7.625, 8.0625], "texture": "#zPolearm_texture_2"},
				"down": {"uv": [8.5, 8.0625, 8.375, 7.9375], "texture": "#zPolearm_texture_2"}
			}
		},
		{
			"name": "zPolearm x128",
			"from": [7.625, 13.625, 7.875],
			"to": [8.25, 14.25, 8.125],
			"faces": {
				"north": {"uv": [7.75, 1.75, 8.375, 2.375], "texture": "#zPolearminv"},
				"east": {"uv": [7.875, 1.75, 8.125, 2.375], "texture": "#zPolearm_texture_2"},
				"south": {"uv": [7.625, 1.75, 8.25, 2.375], "texture": "#texture"},
				"west": {"uv": [7.875, 1.75, 8.125, 2.375], "texture": "#zPolearm_texture_2"},
				"up": {"uv": [7.625, 7.875, 8.25, 8.125], "texture": "#zPolearm_texture_2"},
				"down": {"uv": [8.375, 8.125, 7.75, 7.875], "texture": "#zPolearm_texture_2"}
			}
		},
		{
			"name": "zPolearm x128",
			"from": [7.625, 12.875, 7.875],
			"to": [8.25, 13.5, 8.125],
			"faces": {
				"north": {"uv": [7.75, 2.5, 8.375, 3.125], "texture": "#zPolearminv"},
				"east": {"uv": [7.875, 2.5, 8.125, 3.125], "texture": "#zPolearm_texture_2"},
				"south": {"uv": [7.625, 2.5, 8.25, 3.125], "texture": "#texture"},
				"west": {"uv": [7.875, 2.5, 8.125, 3.125], "texture": "#zPolearm_texture_2"},
				"up": {"uv": [7.625, 7.875, 8.25, 8.125], "texture": "#zPolearm_texture_2"},
				"down": {"uv": [8.375, 8.125, 7.75, 7.875], "texture": "#zPolearm_texture_2"}
			}
		},
		{
			"name": "zPolearm x128",
			"from": [7.625, 9.375, 7.875],
			"to": [8.375, 10, 8.125],
			"faces": {
				"north": {"uv": [7.625, 6, 8.375, 6.625], "texture": "#zPolearminv"},
				"east": {"uv": [7.875, 6, 8.125, 6.625], "texture": "#zPolearm_texture_2"},
				"south": {"uv": [7.625, 6, 8.375, 6.625], "texture": "#texture"},
				"west": {"uv": [7.875, 6, 8.125, 6.625], "texture": "#zPolearm_texture_2"},
				"up": {"uv": [7.625, 7.875, 8.375, 8.125], "texture": "#zPolearm_texture_2"},
				"down": {"uv": [8.375, 8.125, 7.625, 7.875], "texture": "#zPolearm_texture_2"}
			}
		},
		{
			"name": "zPolearm x128",
			"from": [7.625, 6.625, 7.875],
			"to": [8.375, 7.25, 8.125],
			"faces": {
				"north": {"uv": [7.625, 8.75, 8.375, 9.375], "texture": "#zPolearminv"},
				"east": {"uv": [7.875, 8.75, 8.125, 9.375], "texture": "#zPolearm_texture_2"},
				"south": {"uv": [7.625, 8.75, 8.375, 9.375], "texture": "#texture"},
				"west": {"uv": [7.875, 8.75, 8.125, 9.375], "texture": "#zPolearm_texture_2"},
				"up": {"uv": [7.625, 7.875, 8.375, 8.125], "texture": "#zPolearm_texture_2"},
				"down": {"uv": [8.375, 8.125, 7.625, 7.875], "texture": "#zPolearm_texture_2"}
			}
		},
		{
			"name": "zPolearm x128",
			"from": [7.75, 14.25, 7.875],
			"to": [8.25, 14.375, 8.125],
			"faces": {
				"north": {"uv": [7.75, 1.625, 8.25, 1.75], "texture": "#texture"},
				"east": {"uv": [7.875, 1.625, 8.125, 1.75], "texture": "#texture"},
				"south": {"uv": [7.75, 1.625, 8.25, 1.75], "texture": "#texture"},
				"west": {"uv": [7.875, 1.625, 8.125, 1.75], "texture": "#texture"},
				"up": {"uv": [7.75, 7.875, 8.25, 8.125], "texture": "#texture"},
				"down": {"uv": [8.25, 8.125, 7.75, 7.875], "texture": "#texture"}
			}
		},
		{
			"name": "zPolearm x128",
			"from": [7.75, 13.5, 7.875],
			"to": [8.25, 13.625, 8.125],
			"faces": {
				"north": {"uv": [7.75, 2.375, 8.25, 2.5], "texture": "#texture"},
				"east": {"uv": [7.875, 2.375, 8.125, 2.5], "texture": "#texture"},
				"south": {"uv": [7.75, 2.375, 8.25, 2.5], "texture": "#texture"},
				"west": {"uv": [7.875, 2.375, 8.125, 2.5], "texture": "#texture"},
				"up": {"uv": [7.75, 7.875, 8.25, 8.125], "texture": "#texture"},
				"down": {"uv": [8.25, 8.125, 7.75, 7.875], "texture": "#texture"}
			}
		},
		{
			"name": "zPolearm x128",
			"from": [7.75, 10, 7.875],
			"to": [8.25, 12.875, 8.125],
			"faces": {
				"north": {"uv": [7.75, 3.125, 8.25, 6], "texture": "#texture"},
				"east": {"uv": [7.875, 3.125, 8.125, 6], "texture": "#texture"},
				"south": {"uv": [7.75, 3.125, 8.25, 6], "texture": "#texture"},
				"west": {"uv": [7.875, 3.125, 8.125, 6], "texture": "#texture"},
				"up": {"uv": [7.75, 7.875, 8.25, 8.125], "texture": "#texture"},
				"down": {"uv": [8.25, 8.125, 7.75, 7.875], "texture": "#texture"}
			}
		},
		{
			"name": "zPolearm x128",
			"from": [7.75, 7.25, 7.875],
			"to": [8.25, 9.375, 8.125],
			"faces": {
				"north": {"uv": [7.75, 6.625, 8.25, 8.75], "texture": "#texture"},
				"east": {"uv": [7.875, 6.625, 8.125, 8.75], "texture": "#texture"},
				"south": {"uv": [7.75, 6.625, 8.25, 8.75], "texture": "#texture"},
				"west": {"uv": [7.875, 6.625, 8.125, 8.75], "texture": "#texture"},
				"up": {"uv": [7.75, 7.875, 8.25, 8.125], "texture": "#texture"},
				"down": {"uv": [8.25, 8.125, 7.75, 7.875], "texture": "#texture"}
			}
		},
		{
			"name": "zPolearm x128",
			"from": [7.75, 0.875, 7.875],
			"to": [8.25, 6.625, 8.125],
			"faces": {
				"north": {"uv": [7.75, 9.375, 8.25, 15.125], "texture": "#texture"},
				"east": {"uv": [7.875, 9.375, 8.125, 15.125], "texture": "#texture"},
				"south": {"uv": [7.75, 9.375, 8.25, 15.125], "texture": "#texture"},
				"west": {"uv": [7.875, 9.375, 8.125, 15.125], "texture": "#texture"},
				"up": {"uv": [7.75, 7.875, 8.25, 8.125], "texture": "#texture"},
				"down": {"uv": [8.25, 8.125, 7.75, 7.875], "texture": "#texture"}
			}
		},
		{
			"name": "zPolearm x128",
			"from": [7.875, 14.375, 7.875],
			"to": [8.125, 14.5, 8.125],
			"faces": {
				"north": {"uv": [7.875, 1.5, 8.125, 1.625], "texture": "#texture"},
				"east": {"uv": [7.875, 1.5, 8.125, 1.625], "texture": "#texture"},
				"south": {"uv": [7.875, 1.5, 8.125, 1.625], "texture": "#texture"},
				"west": {"uv": [7.875, 1.5, 8.125, 1.625], "texture": "#texture"},
				"up": {"uv": [7.875, 7.875, 8.125, 8.125], "texture": "#texture"},
				"down": {"uv": [8.125, 8.125, 7.875, 7.875], "texture": "#texture"}
			}
		},
		{
			"name": "zPolearm x128",
			"from": [7.875, 0.75, 7.875],
			"to": [8.125, 0.875, 8.125],
			"faces": {
				"north": {"uv": [7.875, 15.125, 8.125, 15.25], "texture": "#texture"},
				"east": {"uv": [7.875, 15.125, 8.125, 15.25], "texture": "#texture"},
				"south": {"uv": [7.875, 15.125, 8.125, 15.25], "texture": "#texture"},
				"west": {"uv": [7.875, 15.125, 8.125, 15.25], "texture": "#texture"},
				"up": {"uv": [7.875, 7.875, 8.125, 8.125], "texture": "#texture"},
				"down": {"uv": [8.125, 8.125, 7.875, 7.875], "texture": "#texture"}
			}
		},
		{
			"name": "zPolearm x128",
			"from": [8.25, 13.875, 7.875],
			"to": [8.375, 14, 8.125],
			"faces": {
				"north": {"uv": [7.625, 2, 7.75, 2.125], "texture": "#zPolearminv"},
				"east": {"uv": [7.875, 2, 8.125, 2.125], "texture": "#zPolearm_texture_2"},
				"south": {"uv": [8.25, 2, 8.375, 2.125], "texture": "#texture"},
				"west": {"uv": [7.875, 2, 8.125, 2.125], "texture": "#zPolearm_texture_2"},
				"up": {"uv": [8.25, 7.875, 8.375, 8.125], "texture": "#zPolearm_texture_2"},
				"down": {"uv": [7.75, 8.125, 7.625, 7.875], "texture": "#zPolearm_texture_2"}
			}
		},
		{
			"name": "zPolearm x128",
			"from": [8.25, 13.125, 7.875],
			"to": [8.375, 13.25, 8.125],
			"faces": {
				"north": {"uv": [7.625, 2.75, 7.75, 2.875], "texture": "#zPolearminv"},
				"east": {"uv": [7.875, 2.75, 8.125, 2.875], "texture": "#zPolearm_texture_2"},
				"south": {"uv": [8.25, 2.75, 8.375, 2.875], "texture": "#texture"},
				"west": {"uv": [7.875, 2.75, 8.125, 2.875], "texture": "#zPolearm_texture_2"},
				"up": {"uv": [8.25, 7.875, 8.375, 8.125], "texture": "#zPolearm_texture_2"},
				"down": {"uv": [7.75, 8.125, 7.625, 7.875], "texture": "#zPolearm_texture_2"}
			}
		},
		{
			"from": [7.875, 0.875, 7.75],
			"to": [8.125, 14.375, 8.25],
			"faces": {
				"north": {"uv": [7.875, 1.625, 8.125, 15.125], "texture": "#zPolearminv"},
				"east": {"uv": [7.75, 1.625, 8.25, 15.125], "texture": "#texture"},
				"south": {"uv": [7.875, 1.625, 8.125, 15.125], "texture": "#texture"},
				"west": {"uv": [7.75, 1.625, 8.25, 15.125], "texture": "#texture"},
				"up": {"uv": [7.875, 7.75, 8.125, 8.25], "texture": "#texture"},
				"down": {"uv": [8.125, 8.25, 7.875, 7.75], "texture": "#texture"}
			}
		},
		{
			"from": [7.75, 9.375, 7.75],
			"to": [8.25, 10, 8.25],
			"faces": {
				"north": {"uv": [7.75, 6, 8.25, 6.625], "texture": "#zPolearminv"},
				"east": {"uv": [7.75, 6, 8.25, 6.625], "texture": "#zPolearm_texture_2"},
				"south": {"uv": [7.75, 6, 8.25, 6.625], "texture": "#texture"},
				"west": {"uv": [7.75, 6, 8.25, 6.625], "texture": "#zPolearm_texture_2"},
				"up": {"uv": [7.75, 7.75, 8.25, 8.25], "texture": "#zPolearm_texture_2"},
				"down": {"uv": [8.25, 8.25, 7.75, 7.75], "texture": "#zPolearm_texture_2"}
			}
		},
		{
			"from": [7.75, 6.625, 7.75],
			"to": [8.25, 7.25, 8.25],
			"faces": {
				"north": {"uv": [7.75, 8.75, 8.25, 9.375], "texture": "#zPolearminv"},
				"east": {"uv": [7.75, 8.75, 8.25, 9.375], "texture": "#zPolearm_texture_2"},
				"south": {"uv": [7.75, 8.75, 8.25, 9.375], "texture": "#texture"},
				"west": {"uv": [7.75, 8.75, 8.25, 9.375], "texture": "#zPolearm_texture_2"},
				"up": {"uv": [7.75, 7.75, 8.25, 8.25], "texture": "#zPolearm_texture_2"},
				"down": {"uv": [8.25, 8.25, 7.75, 7.75], "texture": "#zPolearm_texture_2"}
			}
		},
		{
			"from": [7.875, 9.375, 7.625],
			"to": [8.125, 10, 8.375],
			"faces": {
				"north": {"uv": [7.875, 6, 8.125, 6.625], "texture": "#zPolearminv"},
				"east": {"uv": [7.625, 6, 8.375, 6.625], "texture": "#zPolearm_texture_2"},
				"south": {"uv": [7.875, 6, 8.125, 6.625], "texture": "#texture"},
				"west": {"uv": [7.625, 6, 8.375, 6.625], "texture": "#zPolearm_texture_2"},
				"up": {"uv": [7.875, 7.625, 8.125, 8.375], "texture": "#zPolearm_texture_2"},
				"down": {"uv": [8.125, 8.375, 7.875, 7.625], "texture": "#zPolearm_texture_2"}
			}
		},
		{
			"from": [7.875, 6.625, 7.625],
			"to": [8.125, 7.25, 8.375],
			"faces": {
				"north": {"uv": [7.875, 8.75, 8.125, 9.375], "texture": "#zPolearminv"},
				"east": {"uv": [7.625, 8.75, 8.375, 9.375], "texture": "#zPolearm_texture_2"},
				"south": {"uv": [7.875, 8.75, 8.125, 9.375], "texture": "#texture"},
				"west": {"uv": [7.625, 8.75, 8.375, 9.375], "texture": "#zPolearm_texture_2"},
				"up": {"uv": [7.875, 7.625, 8.125, 8.375], "texture": "#zPolearm_texture_2"},
				"down": {"uv": [8.125, 8.375, 7.875, 7.625], "texture": "#zPolearm_texture_2"}
			}
		},
		{
			"from": [7.625, 13.125, 7.75],
			"to": [8.25, 13.25, 8.25],
			"faces": {
				"north": {"uv": [7.75, 2.75, 8.375, 2.875], "texture": "#zPolearminv"},
				"east": {"uv": [7.75, 2.75, 8.25, 2.875], "texture": "#zPolearm_texture_2"},
				"south": {"uv": [7.625, 2.75, 8.25, 2.875], "texture": "#texture"},
				"west": {"uv": [7.75, 2.75, 8.25, 2.875], "texture": "#zPolearm_texture_2"},
				"up": {"uv": [7.625, 7.75, 8.25, 8.25], "texture": "#zPolearm_texture_2"},
				"down": {"uv": [8.375, 8.25, 7.75, 7.75], "texture": "#zPolearm_texture_2"}
			}
		},
		{
			"from": [7.625, 13.875, 7.75],
			"to": [8.25, 14, 8.25],
			"faces": {
				"north": {"uv": [7.75, 2, 8.375, 2.125], "texture": "#zPolearminv"},
				"east": {"uv": [7.75, 2, 8.25, 2.125], "texture": "#zPolearm_texture_2"},
				"south": {"uv": [7.625, 2, 8.25, 2.125], "texture": "#texture"},
				"west": {"uv": [7.75, 2, 8.25, 2.125], "texture": "#zPolearm_texture_2"},
				"up": {"uv": [7.625, 7.75, 8.25, 8.25], "texture": "#zPolearm_texture_2"},
				"down": {"uv": [8.375, 8.25, 7.75, 7.75], "texture": "#zPolearm_texture_2"}
			}
		},
		{
			"from": [7.5, 11, 7.875],
			"to": [7.625, 15.25, 8.125],
			"faces": {
				"north": {"uv": [8.375, 0.75, 8.5, 5], "texture": "#zPolearminv"},
				"east": {"uv": [7.875, 0.75, 8.125, 5], "texture": "#zPolearm_texture_2"},
				"south": {"uv": [7.5, 0.75, 7.625, 5], "texture": "#texture"},
				"west": {"uv": [7.875, 0.75, 8.125, 5], "texture": "#zPolearm_texture_2"},
				"up": {"uv": [7.5, 7.875, 7.625, 8.125], "texture": "#zPolearm_texture_2"},
				"down": {"uv": [8.5, 8.125, 8.375, 7.875], "texture": "#zPolearm_texture_2"}
			}
		},
		{
			"from": [7.375, 10.875, 7.875],
			"to": [7.5, 15.125, 8.125],
			"faces": {
				"north": {"uv": [8.5, 0.875, 8.625, 5.125], "texture": "#zPolearminv"},
				"east": {"uv": [7.875, 0.875, 8.125, 5.125], "texture": "#zPolearm_texture_2"},
				"south": {"uv": [7.375, 0.875, 7.5, 5.125], "texture": "#texture"},
				"west": {"uv": [7.875, 0.875, 8.125, 5.125], "texture": "#zPolearm_texture_2"},
				"up": {"uv": [7.375, 7.875, 7.5, 8.125], "texture": "#zPolearm_texture_2"},
				"down": {"uv": [8.625, 8.125, 8.5, 7.875], "texture": "#zPolearm_texture_2"}
			}
		},
		{
			"from": [7.25, 12.375, 7.875],
			"to": [7.375, 14.375, 8.125],
			"faces": {
				"north": {"uv": [8.625, 1.625, 8.75, 3.625], "texture": "#zPolearminv"},
				"east": {"uv": [7.875, 1.625, 8.125, 3.625], "texture": "#zPolearm_texture_2"},
				"south": {"uv": [7.25, 1.625, 7.375, 3.625], "texture": "#texture"},
				"west": {"uv": [7.875, 1.625, 8.125, 3.625], "texture": "#zPolearm_texture_2"},
				"up": {"uv": [7.25, 7.875, 7.375, 8.125], "texture": "#zPolearm_texture_2"},
				"down": {"uv": [8.75, 8.125, 8.625, 7.875], "texture": "#zPolearm_texture_2"}
			}
		},
		{
			"from": [7.125, 12.375, 7.875],
			"to": [7.25, 14.25, 8.125],
			"faces": {
				"north": {"uv": [8.75, 1.75, 8.875, 3.625], "texture": "#zPolearminv"},
				"east": {"uv": [7.875, 1.75, 8.125, 3.625], "texture": "#zPolearm_texture_2"},
				"south": {"uv": [7.125, 1.75, 7.25, 3.625], "texture": "#texture"},
				"west": {"uv": [7.875, 1.75, 8.125, 3.625], "texture": "#zPolearm_texture_2"},
				"up": {"uv": [7.125, 7.875, 7.25, 8.125], "texture": "#zPolearm_texture_2"},
				"down": {"uv": [8.875, 8.125, 8.75, 7.875], "texture": "#zPolearm_texture_2"}
			}
		},
		{
			"from": [7.125, 11.625, 7.875],
			"to": [7.375, 11.875, 8.125],
			"faces": {
				"north": {"uv": [8.625, 4.125, 8.875, 4.375], "texture": "#zPolearminv"},
				"east": {"uv": [7.875, 4.125, 8.125, 4.375], "texture": "#zPolearm_texture_2"},
				"south": {"uv": [7.125, 4.125, 7.375, 4.375], "texture": "#texture"},
				"west": {"uv": [7.875, 4.125, 8.125, 4.375], "texture": "#zPolearm_texture_2"},
				"up": {"uv": [7.125, 7.875, 7.375, 8.125], "texture": "#zPolearm_texture_2"},
				"down": {"uv": [8.875, 8.125, 8.625, 7.875], "texture": "#zPolearm_texture_2"}
			}
		},
		{
			"from": [6.875, 10.875, 7.875],
			"to": [7.375, 11, 8.125],
			"faces": {
				"north": {"uv": [8.625, 5, 9.125, 5.125], "texture": "#zPolearminv"},
				"east": {"uv": [7.875, 5, 8.125, 5.125], "texture": "#zPolearm_texture_2"},
				"south": {"uv": [6.875, 5, 7.375, 5.125], "texture": "#texture"},
				"west": {"uv": [7.875, 5, 8.125, 5.125], "texture": "#zPolearm_texture_2"},
				"up": {"uv": [6.875, 7.875, 7.375, 8.125], "texture": "#zPolearm_texture_2"},
				"down": {"uv": [9.125, 8.125, 8.625, 7.875], "texture": "#zPolearm_texture_2"}
			}
		},
		{
			"from": [7, 11, 7.875],
			"to": [7.125, 11.25, 8.125],
			"faces": {
				"north": {"uv": [8.875, 4.75, 9, 5], "texture": "#zPolearminv"},
				"east": {"uv": [7.875, 4.75, 8.125, 5], "texture": "#zPolearm_texture_2"},
				"south": {"uv": [7, 4.75, 7.125, 5], "texture": "#texture"},
				"west": {"uv": [7.875, 4.75, 8.125, 5], "texture": "#zPolearm_texture_2"},
				"up": {"uv": [7, 7.875, 7.125, 8.125], "texture": "#zPolearm_texture_2"},
				"down": {"uv": [9, 8.125, 8.875, 7.875], "texture": "#zPolearm_texture_2"}
			}
		},
		{
			"from": [6.875, 11, 7.875],
			"to": [7, 11.125, 8.125],
			"faces": {
				"north": {"uv": [9, 4.875, 9.125, 5], "texture": "#zPolearminv"},
				"east": {"uv": [7.875, 4.875, 8.125, 5], "texture": "#zPolearm_texture_2"},
				"south": {"uv": [6.875, 4.875, 7, 5], "texture": "#texture"},
				"west": {"uv": [7.875, 4.875, 8.125, 5], "texture": "#zPolearm_texture_2"},
				"up": {"uv": [6.875, 7.875, 7, 8.125], "texture": "#zPolearm_texture_2"},
				"down": {"uv": [9.125, 8.125, 9, 7.875], "texture": "#zPolearm_texture_2"}
			}
		},
		{
			"from": [5.125, 15, 7.875],
			"to": [6.125, 16, 8.125],
			"faces": {
				"north": {"uv": [9.875, 0, 10.875, 1], "texture": "#texture"},
				"east": {"uv": [7.875, 0, 8.125, 1], "texture": "#texture"},
				"south": {"uv": [5.125, 0, 6.125, 1], "texture": "#texture"},
				"west": {"uv": [7.875, 0, 8.125, 1], "texture": "#texture"},
				"up": {"uv": [5.125, 7.875, 6.125, 8.125], "texture": "#texture"},
				"down": {"uv": [10.875, 8.125, 9.875, 7.875], "texture": "#texture"}
			}
		}
	],
	"display": {
		"thirdperson_righthand": {
			"rotation": [0, -90, 0],
			"translation": [0, -2.739, 1],
			"scale": [2.4, 2.4, 2.4]
		},
		"thirdperson_lefthand": {
			"rotation": [0, 90, 0],
			"translation": [0, -2.739, 1],
			"scale": [2.4, 2.4, 2.4]
		},
		"firstperson_righthand": {
			"rotation": [17, -90, 0],
			"translation": [2.6, 4.8695, -0.008],
			"scale": [1.6, 1.6, 1.6]
		},
		"firstperson_lefthand": {
			"rotation": [17, 90, 0],
			"translation": [2.6, 4.8695, -0.008],
			"scale": [1.6, 1.6, 1.6]
		},
		"ground": {
			"rotation": [0, 0, -45],
			"translation": [0, 3.3956, 0],
			"scale": [1.7, 1.7, 1.7]
		},
		"gui": {
			"rotation": [0, 0, -45],
			"scale": [1.4, 1.4, 1.4]
		},
		"head": {
			"rotation": [0, 0, 45],
			"translation": [0, 19, 0],
			"scale": [2, 2, 2]
		},
		"fixed": {
			"rotation": [0, 0, 90],
			"translation": [-1.25, 0, -2],
			"scale": [4, 4, 4]
		}
	}
}