{
	"credit": "Made with Blockbench",
	"textures": {
		"0": "block/gold_block",
		"1": "block/beacon",
		"2": "block/black_concrete",
		"5": "block/fire_coral_block",
		"6": "block/horn_coral_block",
		"7": "block/tube_coral_block",
		"particle": "block/gold_block"
	},
	"elements": [
		{
			"name": "hexadecagon",
			"from": [8.75284, 4.275, 0.01319],
			"to": [8.85284, 8.275, 1.01319],
			"rotation": {"angle": 22.5, "axis": "z", "origin": [8.80284, 6.275, 0.51319]},
			"faces": {
				"north": {"uv": [0, 0, 16, 16], "rotation": 180, "texture": "#0"},
				"east": {"uv": [0, 0, 16, 16], "rotation": 270, "texture": "#0"},
				"south": {"uv": [0, 0, 16, 16], "texture": "#0"},
				"west": {"uv": [0, 0, 16, 16], "rotation": 90, "texture": "#0"},
				"up": {"uv": [0, 0, 16, 16], "rotation": 180, "texture": "#0"},
				"down": {"uv": [0, 0, 16, 16], "texture": "#0"}
			}
		},
		{
			"name": "hexadecagon",
			"from": [6.4, 4.40814, -0.033],
			"to": [9.55, 4.50814, 0.967],
			"rotation": {"angle": 0, "axis": "x", "origin": [7.975, 9.33314, -0.708]},
			"faces": {
				"north": {"uv": [0, 0, 16, 16], "rotation": 90, "texture": "#0"},
				"east": {"uv": [0, 0, 16, 16], "rotation": 270, "texture": "#0"},
				"south": {"uv": [0, 0, 16, 16], "rotation": 90, "texture": "#0"},
				"west": {"uv": [0, 0, 16, 16], "rotation": 90, "texture": "#0"},
				"up": {"uv": [0, 0, 16, 16], "rotation": 180, "texture": "#0"},
				"down": {"uv": [0, 0, 16, 16], "texture": "#0"}
			}
		},
		{
			"name": "hexadecagon",
			"from": [7.11705, 4.275, 0.02567],
			"to": [7.21705, 8.275, 1.02567],
			"rotation": {"angle": -22.5, "axis": "z", "origin": [7.16705, 6.275, 0.52567]},
			"faces": {
				"north": {"uv": [0, 0, 16, 16], "texture": "#0"},
				"east": {"uv": [0, 0, 16, 16], "rotation": 270, "texture": "#0"},
				"south": {"uv": [0, 0, 16, 16], "rotation": 180, "texture": "#0"},
				"west": {"uv": [0, 0, 16, 16], "rotation": 90, "texture": "#0"},
				"up": {"uv": [0, 0, 16, 16], "rotation": 180, "texture": "#0"},
				"down": {"uv": [0, 0, 16, 16], "texture": "#0"}
			}
		},
		{
			"name": "hexadecagon",
			"from": [8.75284, 4.3, 15.06319],
			"to": [8.85284, 8.3, 16.06319],
			"rotation": {"angle": 22.5, "axis": "z", "origin": [8.80284, 6.3, 15.56319]},
			"faces": {
				"north": {"uv": [0, 0, 16, 16], "rotation": 180, "texture": "#0"},
				"east": {"uv": [0, 0, 16, 16], "rotation": 270, "texture": "#0"},
				"south": {"uv": [0, 0, 16, 16], "texture": "#0"},
				"west": {"uv": [0, 0, 16, 16], "rotation": 90, "texture": "#0"},
				"up": {"uv": [0, 0, 16, 16], "rotation": 180, "texture": "#0"},
				"down": {"uv": [0, 0, 16, 16], "texture": "#0"}
			}
		},
		{
			"name": "hexadecagon",
			"from": [6.4, 4.43314, 15.017],
			"to": [9.55, 4.53314, 16.017],
			"rotation": {"angle": 0, "axis": "x", "origin": [7.975, 9.35814, 14.342]},
			"faces": {
				"north": {"uv": [0, 0, 16, 16], "rotation": 90, "texture": "#0"},
				"east": {"uv": [0, 0, 16, 16], "rotation": 270, "texture": "#0"},
				"south": {"uv": [0, 0, 16, 16], "rotation": 90, "texture": "#0"},
				"west": {"uv": [0, 0, 16, 16], "rotation": 90, "texture": "#0"},
				"up": {"uv": [0, 0, 16, 16], "rotation": 180, "texture": "#0"},
				"down": {"uv": [0, 0, 16, 16], "texture": "#0"}
			}
		},
		{
			"name": "hexadecagon",
			"from": [7.11705, 4.3, 15.07567],
			"to": [7.21705, 8.3, 16.07567],
			"rotation": {"angle": -22.5, "axis": "z", "origin": [7.16705, 6.3, 15.57567]},
			"faces": {
				"north": {"uv": [0, 0, 16, 16], "texture": "#0"},
				"east": {"uv": [0, 0, 16, 16], "rotation": 270, "texture": "#0"},
				"south": {"uv": [0, 0, 16, 16], "rotation": 180, "texture": "#0"},
				"west": {"uv": [0, 0, 16, 16], "rotation": 90, "texture": "#0"},
				"up": {"uv": [0, 0, 16, 16], "rotation": 180, "texture": "#0"},
				"down": {"uv": [0, 0, 16, 16], "texture": "#0"}
			}
		},
		{
			"name": "hexadecagon",
			"from": [14.99539, 3.88964, 8.96741],
			"to": [15.99539, 7.88964, 9.06741],
			"rotation": {"angle": -22.5, "axis": "x", "origin": [15.50663, 5.64438, 8.02695]},
			"faces": {
				"north": {"uv": [0, 0, 16, 16], "rotation": 90, "texture": "#0"},
				"east": {"uv": [0, 0, 16, 16], "rotation": 180, "texture": "#0"},
				"south": {"uv": [0, 0, 16, 16], "rotation": 270, "texture": "#0"},
				"west": {"uv": [0, 0, 16, 16], "texture": "#0"},
				"up": {"uv": [0, 0, 16, 16], "rotation": 270, "texture": "#0"},
				"down": {"uv": [0, 0, 16, 16], "rotation": 270, "texture": "#0"}
			}
		},
		{
			"name": "hexadecagon",
			"from": [15.04158, 4.38314, 6.44533],
			"to": [16.04158, 4.48314, 9.59533],
			"rotation": {"angle": 0, "axis": "x", "origin": [15.50663, 5.64438, 8.02695]},
			"faces": {
				"north": {"uv": [0, 0, 16, 16], "rotation": 90, "texture": "#0"},
				"east": {"uv": [0, 0, 16, 16], "rotation": 90, "texture": "#0"},
				"south": {"uv": [0, 0, 16, 16], "rotation": 270, "texture": "#0"},
				"west": {"uv": [0, 0, 16, 16], "rotation": 90, "texture": "#0"},
				"up": {"uv": [0, 0, 16, 16], "rotation": 270, "texture": "#0"},
				"down": {"uv": [0, 0, 16, 16], "rotation": 270, "texture": "#0"}
			}
		},
		{
			"name": "hexadecagon",
			"from": [14.98291, 3.89217, 6.99262],
			"to": [15.98291, 7.89217, 7.09262],
			"rotation": {"angle": 22.5, "axis": "x", "origin": [15.50663, 5.64438, 8.02695]},
			"faces": {
				"north": {"uv": [0, 0, 16, 16], "rotation": 90, "texture": "#0"},
				"east": {"uv": [0, 0, 16, 16], "texture": "#0"},
				"south": {"uv": [0, 0, 16, 16], "rotation": 270, "texture": "#0"},
				"west": {"uv": [0, 0, 16, 16], "rotation": 180, "texture": "#0"},
				"up": {"uv": [0, 0, 16, 16], "rotation": 270, "texture": "#0"},
				"down": {"uv": [0, 0, 16, 16], "rotation": 270, "texture": "#0"}
			}
		},
		{
			"name": "hexadecagon",
			"from": [-0.02961, 3.88964, 8.96741],
			"to": [0.97039, 7.88964, 9.06741],
			"rotation": {"angle": -22.5, "axis": "x", "origin": [0.48163, 5.64438, 8.02695]},
			"faces": {
				"north": {"uv": [0, 0, 16, 16], "rotation": 90, "texture": "#0"},
				"east": {"uv": [0, 0, 16, 16], "rotation": 180, "texture": "#0"},
				"south": {"uv": [0, 0, 16, 16], "rotation": 270, "texture": "#0"},
				"west": {"uv": [0, 0, 16, 16], "texture": "#0"},
				"up": {"uv": [0, 0, 16, 16], "rotation": 270, "texture": "#0"},
				"down": {"uv": [0, 0, 16, 16], "rotation": 270, "texture": "#0"}
			}
		},
		{
			"name": "hexadecagon",
			"from": [0.01658, 4.38314, 6.44533],
			"to": [1.01658, 4.48314, 9.59533],
			"rotation": {"angle": 0, "axis": "x", "origin": [0.48163, 5.64438, 8.02695]},
			"faces": {
				"north": {"uv": [0, 0, 16, 16], "rotation": 90, "texture": "#0"},
				"east": {"uv": [0, 0, 16, 16], "rotation": 90, "texture": "#0"},
				"south": {"uv": [0, 0, 16, 16], "rotation": 270, "texture": "#0"},
				"west": {"uv": [0, 0, 16, 16], "rotation": 90, "texture": "#0"},
				"up": {"uv": [0, 0, 16, 16], "rotation": 270, "texture": "#0"},
				"down": {"uv": [0, 0, 16, 16], "rotation": 270, "texture": "#0"}
			}
		},
		{
			"name": "hexadecagon",
			"from": [-0.04209, 3.89217, 6.99262],
			"to": [0.95791, 7.89217, 7.09262],
			"rotation": {"angle": 22.5, "axis": "x", "origin": [0.48163, 5.64438, 8.02695]},
			"faces": {
				"north": {"uv": [0, 0, 16, 16], "rotation": 90, "texture": "#0"},
				"east": {"uv": [0, 0, 16, 16], "texture": "#0"},
				"south": {"uv": [0, 0, 16, 16], "rotation": 270, "texture": "#0"},
				"west": {"uv": [0, 0, 16, 16], "rotation": 180, "texture": "#0"},
				"up": {"uv": [0, 0, 16, 16], "rotation": 270, "texture": "#0"},
				"down": {"uv": [0, 0, 16, 16], "rotation": 270, "texture": "#0"}
			}
		},
		{
			"from": [7.9, 4.5, 0.375],
			"to": [8.05, 8.1, 0.575],
			"rotation": {"angle": 0, "axis": "y", "origin": [0, 0, 0]},
			"faces": {
				"north": {"uv": [0, 0, 15, 16], "texture": "#2"},
				"east": {"uv": [0, 0, 16, 16], "texture": "#2"},
				"south": {"uv": [0, 0, 16, 16], "texture": "#2"},
				"west": {"uv": [0, 0, 16, 16], "texture": "#2"},
				"up": {"uv": [0, 0, 16, 16], "texture": "#2"},
				"down": {"uv": [0, 0, 16, 16], "texture": "#2"}
			}
		},
		{
			"from": [7.875, 4.5, 15.4],
			"to": [8.075, 8.125, 15.6],
			"rotation": {"angle": 0, "axis": "y", "origin": [0, 0, 0]},
			"faces": {
				"north": {"uv": [0, 0, 15, 16], "texture": "#2"},
				"east": {"uv": [0, 0, 16, 16], "texture": "#2"},
				"south": {"uv": [0, 0, 16, 16], "texture": "#2"},
				"west": {"uv": [0, 0, 16, 16], "texture": "#2"},
				"up": {"uv": [0, 0, 16, 16], "texture": "#2"},
				"down": {"uv": [0, 0, 16, 16], "texture": "#2"}
			}
		},
		{
			"from": [15.45, 4.5, 7.925],
			"to": [15.65, 8.025, 8.125],
			"rotation": {"angle": 0, "axis": "y", "origin": [7.975, 6.14375, 15.5]},
			"faces": {
				"north": {"uv": [0, 0, 15, 16], "texture": "#2"},
				"east": {"uv": [0, 0, 16, 16], "texture": "#2"},
				"south": {"uv": [0, 0, 16, 16], "texture": "#2"},
				"west": {"uv": [0, 0, 16, 16], "texture": "#2"},
				"up": {"uv": [0, 0, 16, 16], "rotation": 270, "texture": "#2"},
				"down": {"uv": [0, 0, 16, 16], "rotation": 90, "texture": "#2"}
			}
		},
		{
			"from": [0.325, 4.5, 7.95],
			"to": [0.525, 8.025, 8.15],
			"rotation": {"angle": 0, "axis": "y", "origin": [7.975, 6.14375, 15.5]},
			"faces": {
				"north": {"uv": [0, 0, 15, 16], "texture": "#2"},
				"east": {"uv": [0, 0, 16, 16], "texture": "#2"},
				"south": {"uv": [0, 0, 16, 16], "texture": "#2"},
				"west": {"uv": [0, 0, 16, 16], "texture": "#2"},
				"up": {"uv": [0, 0, 16, 16], "rotation": 270, "texture": "#2"},
				"down": {"uv": [0, 0, 16, 16], "rotation": 90, "texture": "#2"}
			}
		},
		{
			"from": [7.05, 5.875, 0.375],
			"to": [8.9, 6.05, 0.575],
			"rotation": {"angle": 0, "axis": "z", "origin": [7.95, 5.025, 0.475]},
			"faces": {
				"north": {"uv": [0, 0, 15, 16], "rotation": 90, "texture": "#2"},
				"east": {"uv": [0, 0, 16, 16], "rotation": 270, "texture": "#2"},
				"south": {"uv": [0, 0, 16, 16], "rotation": 270, "texture": "#2"},
				"west": {"uv": [0, 0, 16, 16], "rotation": 270, "texture": "#2"},
				"up": {"uv": [0, 0, 16, 16], "rotation": 270, "texture": "#2"},
				"down": {"uv": [0, 0, 16, 16], "rotation": 270, "texture": "#2"}
			}
		},
		{
			"from": [7.025, 5.875, 15.4],
			"to": [8.925, 6.075, 15.6],
			"rotation": {"angle": 0, "axis": "z", "origin": [7.95, 5.025, 0.475]},
			"faces": {
				"north": {"uv": [0, 0, 15, 16], "rotation": 90, "texture": "#2"},
				"east": {"uv": [0, 0, 16, 16], "rotation": 270, "texture": "#2"},
				"south": {"uv": [0, 0, 16, 16], "rotation": 270, "texture": "#2"},
				"west": {"uv": [0, 0, 16, 16], "rotation": 270, "texture": "#2"},
				"up": {"uv": [0, 0, 16, 16], "rotation": 270, "texture": "#2"},
				"down": {"uv": [0, 0, 16, 16], "rotation": 270, "texture": "#2"}
			}
		},
		{
			"from": [15.45, 5.875, 7.175],
			"to": [15.65, 6.075, 8.975],
			"rotation": {"angle": 0, "axis": "y", "origin": [7.975, 6.14375, 15.5]},
			"faces": {
				"north": {"uv": [0, 0, 15, 16], "rotation": 270, "texture": "#2"},
				"east": {"uv": [0, 0, 16, 16], "rotation": 270, "texture": "#2"},
				"south": {"uv": [0, 0, 16, 16], "rotation": 270, "texture": "#2"},
				"west": {"uv": [0, 0, 16, 16], "rotation": 90, "texture": "#2"},
				"up": {"uv": [0, 0, 16, 16], "rotation": 180, "texture": "#2"},
				"down": {"uv": [0, 0, 16, 16], "texture": "#2"}
			}
		},
		{
			"from": [0.325, 5.875, 7.1],
			"to": [0.525, 6.075, 8.9],
			"rotation": {"angle": 0, "axis": "y", "origin": [7.975, 6.14375, 15.5]},
			"faces": {
				"north": {"uv": [0, 0, 15, 16], "rotation": 270, "texture": "#2"},
				"east": {"uv": [0, 0, 16, 16], "rotation": 270, "texture": "#2"},
				"south": {"uv": [0, 0, 16, 16], "rotation": 270, "texture": "#2"},
				"west": {"uv": [0, 0, 16, 16], "rotation": 90, "texture": "#2"},
				"up": {"uv": [0, 0, 16, 16], "rotation": 180, "texture": "#2"},
				"down": {"uv": [0, 0, 16, 16], "texture": "#2"}
			}
		},
		{
			"name": "hexadecagon",
			"from": [6.4087, 2.4, 0],
			"to": [9.5913, 4.4, 1],
			"rotation": {"angle": -22.5, "axis": "y", "origin": [8, 2.9, 8]},
			"faces": {
				"north": {"uv": [0, 0, 16, 16], "texture": "#0"},
				"east": {"uv": [0, 0, 16, 16], "texture": "#0"},
				"south": {"uv": [0, 0, 16, 16], "texture": "#0"},
				"west": {"uv": [0, 0, 16, 16], "texture": "#0"},
				"up": {"uv": [0, 0, 1, 1], "texture": "#0"},
				"down": {"uv": [0, 0, 1, 1], "texture": "#0"}
			}
		},
		{
			"name": "hexadecagon",
			"from": [6.4087, 2.4, 0],
			"to": [9.5913, 4.4, 1],
			"rotation": {"angle": 0, "axis": "y", "origin": [8, 2.9, 8]},
			"faces": {
				"north": {"uv": [0, 0, 16, 16], "texture": "#0"},
				"east": {"uv": [0, 0, 16, 16], "texture": "#0"},
				"south": {"uv": [0, 0, 16, 16], "texture": "#0"},
				"west": {"uv": [0, 0, 16, 16], "texture": "#0"},
				"up": {"uv": [0, 0, 1, 1], "texture": "#0"},
				"down": {"uv": [0, 0, 1, 1], "texture": "#0"}
			}
		},
		{
			"name": "hexadecagon",
			"from": [6.4087, 2.4, 0],
			"to": [9.5913, 4.4, 1],
			"rotation": {"angle": 22.5, "axis": "y", "origin": [8, 2.9, 8]},
			"faces": {
				"north": {"uv": [0, 0, 16, 16], "texture": "#0"},
				"east": {"uv": [0, 0, 16, 16], "texture": "#0"},
				"south": {"uv": [0, 0, 16, 16], "texture": "#0"},
				"west": {"uv": [0, 0, 16, 16], "texture": "#0"},
				"up": {"uv": [0, 0, 1, 1], "texture": "#0"},
				"down": {"uv": [0, 0, 1, 1], "texture": "#0"}
			}
		},
		{
			"name": "hexadecagon",
			"from": [6.4087, 2.4, 0],
			"to": [9.5913, 4.4, 1],
			"rotation": {"angle": 45, "axis": "y", "origin": [8, 2.9, 8]},
			"faces": {
				"north": {"uv": [0, 0, 16, 16], "texture": "#0"},
				"east": {"uv": [0, 0, 16, 16], "texture": "#0"},
				"south": {"uv": [0, 0, 16, 16], "texture": "#0"},
				"west": {"uv": [0, 0, 16, 16], "texture": "#0"},
				"up": {"uv": [0, 0, 1, 1], "texture": "#0"},
				"down": {"uv": [0, 0, 1, 1], "texture": "#0"}
			}
		},
		{
			"name": "hexadecagon",
			"from": [6.4087, 2.4, 15],
			"to": [9.5913, 4.4, 16],
			"rotation": {"angle": -45, "axis": "y", "origin": [8, 2.9, 8]},
			"faces": {
				"north": {"uv": [0, 0, 16, 16], "texture": "#0"},
				"east": {"uv": [0, 0, 1, 1], "texture": "#0"},
				"south": {"uv": [0, 0, 16, 16], "texture": "#0"},
				"west": {"uv": [0, 0, 16, 16], "texture": "#0"},
				"up": {"uv": [0, 0, 1, 1], "texture": "#0"},
				"down": {"uv": [0, 0, 1, 1], "texture": "#0"}
			}
		},
		{
			"name": "hexadecagon",
			"from": [6.4087, 2.4, 15],
			"to": [9.5913, 4.4, 16],
			"rotation": {"angle": -22.5, "axis": "y", "origin": [8, 2.9, 8]},
			"faces": {
				"north": {"uv": [0, 0, 16, 16], "texture": "#0"},
				"east": {"uv": [0, 0, 1, 1], "texture": "#0"},
				"south": {"uv": [0, 0, 16, 16], "texture": "#0"},
				"west": {"uv": [0, 0, 16, 16], "texture": "#0"},
				"up": {"uv": [0, 0, 1, 1], "texture": "#0"},
				"down": {"uv": [0, 0, 1, 1], "texture": "#0"}
			}
		},
		{
			"name": "hexadecagon",
			"from": [6.4087, 2.4, 15],
			"to": [9.5913, 4.4, 16],
			"rotation": {"angle": 0, "axis": "y", "origin": [8, 2.9, 8]},
			"faces": {
				"north": {"uv": [0, 0, 16, 16], "texture": "#0"},
				"east": {"uv": [0, 0, 16, 16], "texture": "#0"},
				"south": {"uv": [0, 0, 16, 16], "texture": "#0"},
				"west": {"uv": [0, 0, 16, 16], "texture": "#0"},
				"up": {"uv": [0, 0, 1, 1], "texture": "#0"},
				"down": {"uv": [0, 0, 1, 1], "texture": "#0"}
			}
		},
		{
			"name": "hexadecagon",
			"from": [6.4087, 2.4, 15],
			"to": [9.5913, 4.4, 16],
			"rotation": {"angle": 22.5, "axis": "y", "origin": [8, 2.9, 8]},
			"faces": {
				"north": {"uv": [0, 0, 16, 16], "texture": "#0"},
				"east": {"uv": [0, 0, 1, 1], "texture": "#0"},
				"south": {"uv": [0, 0, 16, 16], "texture": "#0"},
				"west": {"uv": [0, 0, 16, 16], "texture": "#0"},
				"up": {"uv": [0, 0, 1, 1], "texture": "#0"},
				"down": {"uv": [0, 0, 1, 1], "texture": "#0"}
			}
		},
		{
			"name": "hexadecagon",
			"from": [6.4087, 2.4, 15],
			"to": [9.5913, 4.4, 16],
			"rotation": {"angle": 45, "axis": "y", "origin": [8, 2.9, 8]},
			"faces": {
				"north": {"uv": [0, 0, 16, 16], "texture": "#0"},
				"east": {"uv": [0, 0, 1, 1], "texture": "#0"},
				"south": {"uv": [0, 0, 16, 16], "texture": "#0"},
				"west": {"uv": [0, 0, 16, 16], "texture": "#0"},
				"up": {"uv": [0, 0, 1, 1], "texture": "#0"},
				"down": {"uv": [0, 0, 1, 1], "texture": "#0"}
			}
		},
		{
			"name": "hexadecagon",
			"from": [0, 2.4, 6.4087],
			"to": [1, 4.4, 9.5913],
			"rotation": {"angle": -22.5, "axis": "y", "origin": [8, 2.9, 8]},
			"faces": {
				"north": {"uv": [0, 0, 16, 16], "texture": "#0"},
				"east": {"uv": [0, 0, 16, 16], "texture": "#0"},
				"south": {"uv": [0, 0, 16, 16], "texture": "#0"},
				"west": {"uv": [0, 0, 16, 16], "texture": "#0"},
				"up": {"uv": [0, 0, 1, 1], "texture": "#0"},
				"down": {"uv": [0, 0, 1, 1], "texture": "#0"}
			}
		},
		{
			"name": "hexadecagon",
			"from": [0, 2.4, 6.4087],
			"to": [1, 4.4, 9.5913],
			"rotation": {"angle": 0, "axis": "y", "origin": [8, 2.9, 8]},
			"faces": {
				"north": {"uv": [0, 0, 16, 16], "texture": "#0"},
				"east": {"uv": [0, 0, 16, 16], "texture": "#0"},
				"south": {"uv": [0, 0, 16, 16], "texture": "#0"},
				"west": {"uv": [0, 0, 16, 16], "texture": "#0"},
				"up": {"uv": [0, 0, 1, 1], "texture": "#0"},
				"down": {"uv": [0, 0, 1, 1], "texture": "#0"}
			}
		},
		{
			"name": "hexadecagon",
			"from": [0, 2.4, 6.4087],
			"to": [1, 4.4, 9.5913],
			"rotation": {"angle": 22.5, "axis": "y", "origin": [8, 2.9, 8]},
			"faces": {
				"north": {"uv": [0, 0, 16, 16], "texture": "#0"},
				"east": {"uv": [0, 0, 16, 16], "texture": "#0"},
				"south": {"uv": [0, 0, 16, 16], "texture": "#0"},
				"west": {"uv": [0, 0, 16, 16], "texture": "#0"},
				"up": {"uv": [0, 0, 1, 1], "texture": "#0"},
				"down": {"uv": [0, 0, 1, 1], "texture": "#0"}
			}
		},
		{
			"name": "hexadecagon",
			"from": [15, 2.4, 6.4087],
			"to": [16, 4.4, 9.5913],
			"rotation": {"angle": -22.5, "axis": "y", "origin": [8, 2.9, 8]},
			"faces": {
				"north": {"uv": [0, 0, 16, 16], "texture": "#0"},
				"east": {"uv": [0, 0, 16, 16], "texture": "#0"},
				"south": {"uv": [0, 0, 1, 1], "texture": "#0"},
				"west": {"uv": [0, 0, 16, 16], "texture": "#0"},
				"up": {"uv": [0, 0, 1, 1], "texture": "#0"},
				"down": {"uv": [0, 0, 1, 1], "texture": "#0"}
			}
		},
		{
			"name": "hexadecagon",
			"from": [15, 2.4, 6.4087],
			"to": [16, 4.4, 9.5913],
			"rotation": {"angle": 0, "axis": "y", "origin": [8, 2.9, 8]},
			"faces": {
				"north": {"uv": [0, 0, 16, 16], "texture": "#0"},
				"east": {"uv": [0, 0, 16, 16], "texture": "#0"},
				"south": {"uv": [0, 0, 1, 1], "texture": "#0"},
				"west": {"uv": [0, 0, 16, 16], "texture": "#0"},
				"up": {"uv": [0, 0, 1, 1], "texture": "#0"},
				"down": {"uv": [0, 0, 1, 1], "texture": "#0"}
			}
		},
		{
			"name": "hexadecagon",
			"from": [15, 2.4, 6.4087],
			"to": [16, 4.4, 9.5913],
			"rotation": {"angle": 22.5, "axis": "y", "origin": [8, 2.9, 8]},
			"faces": {
				"north": {"uv": [0, 0, 16, 16], "texture": "#0"},
				"east": {"uv": [0, 0, 16, 16], "texture": "#0"},
				"south": {"uv": [0, 0, 1, 1], "texture": "#0"},
				"west": {"uv": [0, 0, 16, 16], "texture": "#0"},
				"up": {"uv": [0, 0, 1, 1], "texture": "#0"},
				"down": {"uv": [0, 0, 1, 1], "texture": "#0"}
			}
		},
		{
			"name": "hexadecagon",
			"from": [6.4087, 2.4, 0],
			"to": [9.5913, 4.4, 1],
			"rotation": {"angle": -45, "axis": "y", "origin": [8, 2.9, 8]},
			"faces": {
				"north": {"uv": [0, 0, 16, 16], "texture": "#0"},
				"east": {"uv": [0, 0, 16, 16], "texture": "#0"},
				"south": {"uv": [0, 0, 16, 16], "texture": "#0"},
				"west": {"uv": [0, 0, 16, 16], "texture": "#0"},
				"up": {"uv": [0, 0, 1, 1], "texture": "#0"},
				"down": {"uv": [0, 0, 1, 1], "texture": "#0"}
			}
		},
		{
			"name": "jewel",
			"from": [4.73333, 5.425, 14.56667],
			"to": [5.23333, 5.925, 15.06667],
			"rotation": {"angle": 0, "axis": "y", "origin": [2.925, 5.5125, 2.91667]},
			"faces": {
				"north": {"uv": [0, 0, 8, 9], "texture": "#5"},
				"east": {"uv": [4, 5, 12, 12], "texture": "#5"},
				"south": {"uv": [0, 0, 7, 8], "texture": "#5"},
				"west": {"uv": [0, 0, 9, 9], "texture": "#5"},
				"up": {"uv": [6, 1, 13, 9], "rotation": 270, "texture": "#5"},
				"down": {"uv": [6, 0, 16, 8], "rotation": 90, "texture": "#5"}
			}
		},
		{
			"name": "jewel",
			"from": [0.73333, 5.4, 10.56667],
			"to": [1.23333, 5.9, 11.06667],
			"rotation": {"angle": 0, "axis": "y", "origin": [2.925, 5.5125, 2.91667]},
			"faces": {
				"north": {"uv": [0, 0, 8, 9], "texture": "#5"},
				"east": {"uv": [4, 5, 12, 12], "texture": "#5"},
				"south": {"uv": [0, 0, 7, 8], "texture": "#5"},
				"west": {"uv": [0, 0, 9, 9], "texture": "#5"},
				"up": {"uv": [6, 1, 13, 9], "rotation": 270, "texture": "#5"},
				"down": {"uv": [6, 0, 16, 8], "rotation": 90, "texture": "#5"}
			}
		},
		{
			"name": "jewel",
			"from": [2.25833, 6.3, 13.01667],
			"to": [2.75833, 6.8, 13.51667],
			"rotation": {"angle": 0, "axis": "y", "origin": [2.925, 5.5125, 2.91667]},
			"faces": {
				"north": {"uv": [0, 0, 16, 16], "texture": "#6"},
				"east": {"uv": [0, 0, 16, 16], "texture": "#6"},
				"south": {"uv": [0, 0, 16, 16], "texture": "#6"},
				"west": {"uv": [0, 0, 16, 16], "texture": "#6"},
				"up": {"uv": [0, 0, 16, 16], "rotation": 270, "texture": "#6"},
				"down": {"uv": [0, 0, 16, 16], "rotation": 90, "texture": "#6"}
			}
		},
		{
			"name": "decor-stick",
			"from": [2.40833, 4.4, 13.16667],
			"to": [2.60833, 6.4, 13.36667],
			"rotation": {"angle": 0, "axis": "y", "origin": [2.925, 5.5125, 2.91667]},
			"faces": {
				"north": {"uv": [0, 0, 0.2, 2], "texture": "#2"},
				"east": {"uv": [0, 0, 0.2, 2], "texture": "#2"},
				"south": {"uv": [0, 0, 0.2, 2], "texture": "#2"},
				"west": {"uv": [0, 0, 0.2, 2], "texture": "#2"},
				"up": {"uv": [0, 0, 0.2, 0.2], "rotation": 270, "texture": "#2"},
				"down": {"uv": [0, 0, 0.2, 0.2], "rotation": 90, "texture": "#2"}
			}
		},
		{
			"name": "decor-stick",
			"from": [0.88333, 4.4, 10.71667],
			"to": [1.08333, 5.4, 10.91667],
			"rotation": {"angle": 0, "axis": "y", "origin": [2.925, 5.5125, 2.91667]},
			"faces": {
				"north": {"uv": [0, 0, 0.2, 1], "texture": "#2"},
				"east": {"uv": [0, 0, 0.2, 1], "texture": "#2"},
				"south": {"uv": [0, 0, 0.2, 1], "texture": "#2"},
				"west": {"uv": [0, 0, 0.2, 1], "texture": "#2"},
				"up": {"uv": [0, 0, 0.2, 0.2], "rotation": 270, "texture": "#2"},
				"down": {"uv": [0, 0, 0.2, 0.2], "rotation": 90, "texture": "#2"}
			}
		},
		{
			"name": "decor-stick",
			"from": [4.88333, 4.4, 14.71667],
			"to": [5.08333, 5.4, 14.91667],
			"rotation": {"angle": 0, "axis": "y", "origin": [2.925, 5.5125, 2.91667]},
			"faces": {
				"north": {"uv": [0, 0, 0.2, 1], "texture": "#2"},
				"east": {"uv": [0, 0, 0.2, 1], "texture": "#2"},
				"south": {"uv": [0, 0, 0.2, 1], "texture": "#2"},
				"west": {"uv": [0, 0, 0.2, 1], "texture": "#2"},
				"up": {"uv": [0, 0, 0.2, 0.2], "rotation": 270, "texture": "#2"},
				"down": {"uv": [0, 0, 0.2, 0.2], "rotation": 90, "texture": "#2"}
			}
		},
		{
			"name": "jewel",
			"from": [2.375, 6.3, 2.35],
			"to": [2.875, 6.8, 2.85],
			"rotation": {"angle": 0, "axis": "y", "origin": [4.775, 5.2125, 0.5875]},
			"faces": {
				"north": {"uv": [0, 0, 8, 9], "texture": "#5"},
				"east": {"uv": [4, 5, 12, 12], "texture": "#5"},
				"south": {"uv": [0, 0, 7, 8], "texture": "#5"},
				"west": {"uv": [0, 0, 9, 9], "texture": "#5"},
				"up": {"uv": [6, 1, 13, 9], "texture": "#5"},
				"down": {"uv": [6, 0, 16, 8], "texture": "#5"}
			}
		},
		{
			"name": "decor-stick",
			"from": [0.975, 4.4, 4.975],
			"to": [1.175, 5.4, 5.175],
			"rotation": {"angle": 0, "axis": "y", "origin": [0, 0, 0]},
			"faces": {
				"north": {"uv": [0, 0, 0.2, 1], "texture": "#2"},
				"east": {"uv": [0, 0, 0.2, 1], "texture": "#2"},
				"south": {"uv": [0, 0, 0.2, 1], "texture": "#2"},
				"west": {"uv": [0, 0, 0.2, 1], "texture": "#2"},
				"up": {"uv": [0, 0, 0.2, 0.2], "texture": "#2"},
				"down": {"uv": [0, 0, 0.2, 0.2], "texture": "#2"}
			}
		},
		{
			"name": "jewel",
			"from": [0.825, 5.425, 4.825],
			"to": [1.325, 5.925, 5.325],
			"rotation": {"angle": 0, "axis": "y", "origin": [4.775, 5.2125, 0.5875]},
			"faces": {
				"north": {"uv": [0, 0, 10, 6], "texture": "#7"},
				"east": {"uv": [0, 0, 11, 10], "texture": "#7"},
				"south": {"uv": [0, 0, 8, 6], "texture": "#7"},
				"west": {"uv": [9, 7, 16, 16], "texture": "#7"},
				"up": {"uv": [8, 10, 16, 16], "texture": "#7"},
				"down": {"uv": [0, 7, 9, 16], "texture": "#7"}
			}
		},
		{
			"name": "decor-stick",
			"from": [2.525, 4.4, 2.5],
			"to": [2.725, 6.4, 2.7],
			"rotation": {"angle": 0, "axis": "y", "origin": [0, 0, 0]},
			"faces": {
				"north": {"uv": [0, 0, 0.2, 2], "texture": "#2"},
				"east": {"uv": [0, 0, 0.2, 2], "texture": "#2"},
				"south": {"uv": [0, 0, 0.2, 2], "texture": "#2"},
				"west": {"uv": [0, 0, 0.2, 2], "texture": "#2"},
				"up": {"uv": [0, 0, 0.2, 0.2], "texture": "#2"},
				"down": {"uv": [0, 0, 0.2, 0.2], "texture": "#2"}
			}
		},
		{
			"name": "decor-stick",
			"from": [4.975, 4.4, 0.975],
			"to": [5.175, 5.4, 1.175],
			"rotation": {"angle": 0, "axis": "y", "origin": [4.775, 5.2125, 0.5875]},
			"faces": {
				"north": {"uv": [0, 0, 0.2, 1], "texture": "#2"},
				"east": {"uv": [0, 0, 0.2, 1], "texture": "#2"},
				"south": {"uv": [0, 0, 0.2, 1], "texture": "#2"},
				"west": {"uv": [0, 0, 0.2, 1], "texture": "#2"},
				"up": {"uv": [0, 0, 0.2, 0.2], "texture": "#2"},
				"down": {"uv": [0, 0, 0.2, 0.2], "texture": "#2"}
			}
		},
		{
			"name": "jewel",
			"from": [4.825, 5.4, 0.825],
			"to": [5.325, 5.9, 1.325],
			"rotation": {"angle": 0, "axis": "y", "origin": [4.775, 5.2125, 0.5875]},
			"faces": {
				"north": {"uv": [0, 0, 16, 16], "texture": "#6"},
				"east": {"uv": [0, 0, 16, 16], "texture": "#6"},
				"south": {"uv": [0, 0, 16, 16], "texture": "#6"},
				"west": {"uv": [0, 0, 16, 16], "texture": "#6"},
				"up": {"uv": [0, 0, 16, 16], "texture": "#6"},
				"down": {"uv": [0, 0, 16, 16], "texture": "#6"}
			}
		},
		{
			"name": "jewel",
			"from": [10.65, 5.4, 14.48333],
			"to": [11.15, 5.9, 14.98333],
			"rotation": {"angle": 0, "axis": "y", "origin": [2.925, 5.5125, 2.91667]},
			"faces": {
				"north": {"uv": [0, 0, 10, 6], "texture": "#7"},
				"east": {"uv": [0, 0, 11, 10], "texture": "#7"},
				"south": {"uv": [0, 0, 8, 6], "texture": "#7"},
				"west": {"uv": [9, 7, 16, 16], "texture": "#7"},
				"up": {"uv": [8, 10, 16, 16], "rotation": 180, "texture": "#7"},
				"down": {"uv": [0, 7, 9, 16], "rotation": 180, "texture": "#7"}
			}
		},
		{
			"name": "jewel",
			"from": [13.1, 6.3, 12.95833],
			"to": [13.6, 6.8, 13.45833],
			"rotation": {"angle": 0, "axis": "y", "origin": [2.925, 5.5125, 2.91667]},
			"faces": {
				"north": {"uv": [0, 0, 8, 9], "texture": "#5"},
				"east": {"uv": [4, 5, 12, 12], "texture": "#5"},
				"south": {"uv": [0, 0, 7, 8], "texture": "#5"},
				"west": {"uv": [0, 0, 9, 9], "texture": "#5"},
				"up": {"uv": [6, 1, 13, 9], "rotation": 180, "texture": "#5"},
				"down": {"uv": [6, 0, 16, 8], "rotation": 180, "texture": "#5"}
			}
		},
		{
			"name": "decor-stick",
			"from": [10.8, 4.4, 14.63333],
			"to": [11, 5.4, 14.83333],
			"rotation": {"angle": 0, "axis": "y", "origin": [2.925, 5.5125, 2.91667]},
			"faces": {
				"north": {"uv": [0, 0, 0.2, 1], "texture": "#2"},
				"east": {"uv": [0, 0, 0.2, 1], "texture": "#2"},
				"south": {"uv": [0, 0, 0.2, 1], "texture": "#2"},
				"west": {"uv": [0, 0, 0.2, 1], "texture": "#2"},
				"up": {"uv": [0, 0, 0.2, 0.2], "rotation": 180, "texture": "#2"},
				"down": {"uv": [0, 0, 0.2, 0.2], "rotation": 180, "texture": "#2"}
			}
		},
		{
			"name": "decor-stick",
			"from": [13.25, 4.4, 13.10833],
			"to": [13.45, 6.4, 13.30833],
			"rotation": {"angle": 0, "axis": "y", "origin": [2.925, 5.5125, 2.91667]},
			"faces": {
				"north": {"uv": [0, 0, 0.2, 2], "texture": "#2"},
				"east": {"uv": [0, 0, 0.2, 2], "texture": "#2"},
				"south": {"uv": [0, 0, 0.2, 2], "texture": "#2"},
				"west": {"uv": [0, 0, 0.2, 2], "texture": "#2"},
				"up": {"uv": [0, 0, 0.2, 0.2], "rotation": 180, "texture": "#2"},
				"down": {"uv": [0, 0, 0.2, 0.2], "rotation": 180, "texture": "#2"}
			}
		},
		{
			"name": "decor-stick",
			"from": [14.8, 4.4, 10.63333],
			"to": [15, 5.4, 10.83333],
			"rotation": {"angle": 0, "axis": "y", "origin": [2.925, 5.5125, 2.91667]},
			"faces": {
				"north": {"uv": [0, 0, 0.2, 1], "texture": "#2"},
				"east": {"uv": [0, 0, 0.2, 1], "texture": "#2"},
				"south": {"uv": [0, 0, 0.2, 1], "texture": "#2"},
				"west": {"uv": [0, 0, 0.2, 1], "texture": "#2"},
				"up": {"uv": [0, 0, 0.2, 0.2], "rotation": 180, "texture": "#2"},
				"down": {"uv": [0, 0, 0.2, 0.2], "rotation": 180, "texture": "#2"}
			}
		},
		{
			"name": "jewel",
			"from": [14.65, 5.425, 10.48333],
			"to": [15.15, 5.925, 10.98333],
			"rotation": {"angle": 0, "axis": "y", "origin": [2.925, 5.5125, 2.91667]},
			"faces": {
				"north": {"uv": [0, 0, 16, 16], "texture": "#6"},
				"east": {"uv": [0, 0, 16, 16], "texture": "#6"},
				"south": {"uv": [0, 0, 16, 16], "texture": "#6"},
				"west": {"uv": [0, 0, 16, 16], "texture": "#6"},
				"up": {"uv": [0, 0, 16, 16], "rotation": 180, "texture": "#6"},
				"down": {"uv": [0, 0, 16, 16], "rotation": 180, "texture": "#6"}
			}
		},
		{
			"name": "jewel",
			"from": [14.49167, 5.4, 4.84167],
			"to": [14.99167, 5.9, 5.34167],
			"rotation": {"angle": 0, "axis": "y", "origin": [2.925, 5.5125, 2.91667]},
			"faces": {
				"north": {"uv": [0, 0, 10, 6], "texture": "#7"},
				"east": {"uv": [0, 0, 11, 10], "texture": "#7"},
				"south": {"uv": [0, 0, 8, 6], "texture": "#7"},
				"west": {"uv": [9, 7, 16, 16], "texture": "#7"},
				"up": {"uv": [8, 10, 16, 16], "rotation": 90, "texture": "#7"},
				"down": {"uv": [0, 7, 9, 16], "rotation": 270, "texture": "#7"}
			}
		},
		{
			"name": "jewel",
			"from": [12.96667, 6.3, 2.39167],
			"to": [13.46667, 6.8, 2.89167],
			"rotation": {"angle": 0, "axis": "y", "origin": [2.925, 5.5125, 2.91667]},
			"faces": {
				"north": {"uv": [0, 0, 16, 16], "texture": "#6"},
				"east": {"uv": [0, 0, 16, 16], "texture": "#6"},
				"south": {"uv": [0, 0, 16, 16], "texture": "#6"},
				"west": {"uv": [0, 0, 16, 16], "texture": "#6"},
				"up": {"uv": [0, 0, 16, 16], "rotation": 90, "texture": "#6"},
				"down": {"uv": [0, 0, 16, 16], "rotation": 270, "texture": "#6"}
			}
		},
		{
			"name": "decor-stick",
			"from": [14.64167, 4.4, 4.99167],
			"to": [14.84167, 5.4, 5.19167],
			"rotation": {"angle": 0, "axis": "y", "origin": [2.925, 5.5125, 2.91667]},
			"faces": {
				"north": {"uv": [0, 0, 0.2, 1], "texture": "#2"},
				"east": {"uv": [0, 0, 0.2, 1], "texture": "#2"},
				"south": {"uv": [0, 0, 0.2, 1], "texture": "#2"},
				"west": {"uv": [0, 0, 0.2, 1], "texture": "#2"},
				"up": {"uv": [0, 0, 0.2, 0.2], "rotation": 90, "texture": "#2"},
				"down": {"uv": [0, 0, 0.2, 0.2], "rotation": 270, "texture": "#2"}
			}
		},
		{
			"name": "decor-stick",
			"from": [13.11667, 4.4, 2.54167],
			"to": [13.31667, 6.4, 2.74167],
			"rotation": {"angle": 0, "axis": "y", "origin": [2.925, 5.5125, 2.91667]},
			"faces": {
				"north": {"uv": [0, 0, 0.2, 2], "texture": "#2"},
				"east": {"uv": [0, 0, 0.2, 2], "texture": "#2"},
				"south": {"uv": [0, 0, 0.2, 2], "texture": "#2"},
				"west": {"uv": [0, 0, 0.2, 2], "texture": "#2"},
				"up": {"uv": [0, 0, 0.2, 0.2], "rotation": 90, "texture": "#2"},
				"down": {"uv": [0, 0, 0.2, 0.2], "rotation": 270, "texture": "#2"}
			}
		},
		{
			"name": "decor-stick",
			"from": [10.64167, 4.4, 0.99167],
			"to": [10.84167, 5.4, 1.19167],
			"rotation": {"angle": 0, "axis": "y", "origin": [2.925, 5.5125, 2.91667]},
			"faces": {
				"north": {"uv": [0, 0, 0.2, 1], "texture": "#2"},
				"east": {"uv": [0, 0, 0.2, 1], "texture": "#2"},
				"south": {"uv": [0, 0, 0.2, 1], "texture": "#2"},
				"west": {"uv": [0, 0, 0.2, 1], "texture": "#2"},
				"up": {"uv": [0, 0, 0.2, 0.2], "rotation": 90, "texture": "#2"},
				"down": {"uv": [0, 0, 0.2, 0.2], "rotation": 270, "texture": "#2"}
			}
		},
		{
			"name": "jewel",
			"from": [10.49167, 5.425, 0.84167],
			"to": [10.99167, 5.925, 1.34167],
			"rotation": {"angle": 0, "axis": "y", "origin": [2.925, 5.5125, 2.91667]},
			"faces": {
				"north": {"uv": [0, 0, 8, 9], "texture": "#5"},
				"east": {"uv": [4, 5, 12, 12], "texture": "#5"},
				"south": {"uv": [0, 0, 7, 8], "texture": "#5"},
				"west": {"uv": [0, 0, 9, 9], "texture": "#5"},
				"up": {"uv": [6, 1, 13, 9], "rotation": 90, "texture": "#5"},
				"down": {"uv": [6, 0, 16, 8], "rotation": 270, "texture": "#5"}
			}
		},
		{
			"name": "hexadecagon",
			"from": [-0.155, 3.30452, 7.52],
			"to": [-0.02, 3.49548, 8.48],
			"rotation": {"angle": 45, "axis": "x", "origin": [-0.05, 3.4, 8]},
			"faces": {
				"north": {"uv": [0, 0, 16, 16], "rotation": 90, "texture": "#1"},
				"east": {"uv": [0, 0, 16, 16], "rotation": 270, "texture": "#1"},
				"south": {"uv": [0, 0, 16, 16], "rotation": 270, "texture": "#1"},
				"west": {"uv": [0, 0, 16, 16], "rotation": 270, "texture": "#1"},
				"up": {"uv": [0, 0, 1, 1], "rotation": 270, "texture": "#1"},
				"down": {"uv": [0, 0, 1, 1], "rotation": 270, "texture": "#1"}
			}
		},
		{
			"name": "hexadecagon",
			"from": [-0.155, 3.30452, 7.52],
			"to": [-0.02, 3.49548, 8.48],
			"rotation": {"angle": 22.5, "axis": "x", "origin": [-0.05, 3.4, 8]},
			"faces": {
				"north": {"uv": [0, 0, 16, 16], "rotation": 90, "texture": "#1"},
				"east": {"uv": [0, 0, 16, 16], "rotation": 270, "texture": "#1"},
				"south": {"uv": [0, 0, 16, 16], "rotation": 270, "texture": "#1"},
				"west": {"uv": [0, 0, 16, 16], "rotation": 270, "texture": "#1"},
				"up": {"uv": [0, 0, 1, 1], "rotation": 270, "texture": "#1"},
				"down": {"uv": [0, 0, 1, 1], "rotation": 270, "texture": "#1"}
			}
		},
		{
			"name": "hexadecagon",
			"from": [-0.155, 3.30452, 7.52],
			"to": [-0.02, 3.49548, 8.48],
			"rotation": {"angle": 0, "axis": "y", "origin": [-0.05, 3.4, 8]},
			"faces": {
				"north": {"uv": [0, 0, 16, 16], "rotation": 90, "texture": "#1"},
				"east": {"uv": [0, 0, 16, 16], "rotation": 270, "texture": "#1"},
				"south": {"uv": [0, 0, 16, 16], "rotation": 270, "texture": "#1"},
				"west": {"uv": [0, 0, 16, 16], "rotation": 270, "texture": "#1"},
				"up": {"uv": [0, 0, 1, 1], "rotation": 270, "texture": "#1"},
				"down": {"uv": [0, 0, 1, 1], "rotation": 270, "texture": "#1"}
			}
		},
		{
			"name": "hexadecagon",
			"from": [-0.155, 3.30452, 7.52],
			"to": [-0.02, 3.49548, 8.48],
			"rotation": {"angle": -22.5, "axis": "x", "origin": [-0.05, 3.4, 8]},
			"faces": {
				"north": {"uv": [0, 0, 16, 16], "rotation": 90, "texture": "#1"},
				"east": {"uv": [0, 0, 16, 16], "rotation": 270, "texture": "#1"},
				"south": {"uv": [0, 0, 16, 16], "rotation": 270, "texture": "#1"},
				"west": {"uv": [0, 0, 16, 16], "rotation": 270, "texture": "#1"},
				"up": {"uv": [0, 0, 1, 1], "rotation": 270, "texture": "#1"},
				"down": {"uv": [0, 0, 1, 1], "rotation": 270, "texture": "#1"}
			}
		},
		{
			"name": "hexadecagon",
			"from": [-0.155, 3.30452, 7.52],
			"to": [-0.02, 3.49548, 8.48],
			"rotation": {"angle": -45, "axis": "x", "origin": [-0.05, 3.4, 8]},
			"faces": {
				"north": {"uv": [0, 0, 16, 16], "rotation": 90, "texture": "#1"},
				"east": {"uv": [0, 0, 16, 16], "rotation": 270, "texture": "#1"},
				"south": {"uv": [0, 0, 16, 16], "rotation": 270, "texture": "#1"},
				"west": {"uv": [0, 0, 16, 16], "rotation": 270, "texture": "#1"},
				"up": {"uv": [0, 0, 1, 1], "rotation": 270, "texture": "#1"},
				"down": {"uv": [0, 0, 1, 1], "rotation": 270, "texture": "#1"}
			}
		},
		{
			"name": "hexadecagon",
			"from": [-0.155, 2.92, 7.90452],
			"to": [-0.02, 3.88, 8.09548],
			"rotation": {"angle": 22.5, "axis": "x", "origin": [-0.05, 3.4, 8]},
			"faces": {
				"north": {"uv": [0, 0, 16, 16], "rotation": 90, "texture": "#1"},
				"east": {"uv": [0, 0, 16, 16], "rotation": 270, "texture": "#1"},
				"south": {"uv": [0, 0, 16, 16], "rotation": 270, "texture": "#1"},
				"west": {"uv": [0, 0, 16, 16], "rotation": 270, "texture": "#1"},
				"up": {"uv": [0, 0, 1, 1], "rotation": 270, "texture": "#1"},
				"down": {"uv": [0, 0, 1, 1], "rotation": 270, "texture": "#1"}
			}
		},
		{
			"name": "hexadecagon",
			"from": [-0.155, 2.92, 7.90452],
			"to": [-0.02, 3.88, 8.09548],
			"rotation": {"angle": 0, "axis": "y", "origin": [-0.05, 3.4, 8]},
			"faces": {
				"north": {"uv": [0, 0, 16, 16], "rotation": 90, "texture": "#1"},
				"east": {"uv": [0, 0, 16, 16], "rotation": 270, "texture": "#1"},
				"south": {"uv": [0, 0, 16, 16], "rotation": 270, "texture": "#1"},
				"west": {"uv": [0, 0, 16, 16], "rotation": 270, "texture": "#1"},
				"up": {"uv": [0, 0, 1, 1], "rotation": 270, "texture": "#1"},
				"down": {"uv": [0, 0, 1, 1], "rotation": 270, "texture": "#1"}
			}
		},
		{
			"name": "hexadecagon",
			"from": [-0.155, 2.92, 7.90452],
			"to": [-0.02, 3.88, 8.09548],
			"rotation": {"angle": -22.5, "axis": "x", "origin": [-0.05, 3.4, 8]},
			"faces": {
				"north": {"uv": [0, 0, 16, 16], "rotation": 90, "texture": "#1"},
				"east": {"uv": [0, 0, 16, 16], "rotation": 270, "texture": "#1"},
				"south": {"uv": [0, 0, 16, 16], "rotation": 270, "texture": "#1"},
				"west": {"uv": [0, 0, 16, 16], "rotation": 270, "texture": "#1"},
				"up": {"uv": [0, 0, 1, 1], "rotation": 270, "texture": "#1"},
				"down": {"uv": [0, 0, 1, 1], "rotation": 270, "texture": "#1"}
			}
		},
		{
			"name": "hexadecagon",
			"from": [15.995, 3.30452, 7.52],
			"to": [16.13, 3.49548, 8.48],
			"rotation": {"angle": 45, "axis": "x", "origin": [16.1, 3.4, 8]},
			"faces": {
				"north": {"uv": [0, 0, 16, 16], "rotation": 90, "texture": "#1"},
				"east": {"uv": [0, 0, 16, 16], "rotation": 270, "texture": "#1"},
				"south": {"uv": [0, 0, 16, 16], "rotation": 270, "texture": "#1"},
				"west": {"uv": [0, 0, 16, 16], "rotation": 270, "texture": "#1"},
				"up": {"uv": [0, 0, 1, 1], "rotation": 270, "texture": "#1"},
				"down": {"uv": [0, 0, 1, 1], "rotation": 270, "texture": "#1"}
			}
		},
		{
			"name": "hexadecagon",
			"from": [15.995, 3.30452, 7.52],
			"to": [16.13, 3.49548, 8.48],
			"rotation": {"angle": 22.5, "axis": "x", "origin": [16.1, 3.4, 8]},
			"faces": {
				"north": {"uv": [0, 0, 16, 16], "rotation": 90, "texture": "#1"},
				"east": {"uv": [0, 0, 16, 16], "rotation": 270, "texture": "#1"},
				"south": {"uv": [0, 0, 16, 16], "rotation": 270, "texture": "#1"},
				"west": {"uv": [0, 0, 16, 16], "rotation": 270, "texture": "#1"},
				"up": {"uv": [0, 0, 1, 1], "rotation": 270, "texture": "#1"},
				"down": {"uv": [0, 0, 1, 1], "rotation": 270, "texture": "#1"}
			}
		},
		{
			"name": "hexadecagon",
			"from": [15.995, 3.30452, 7.52],
			"to": [16.13, 3.49548, 8.48],
			"rotation": {"angle": 0, "axis": "y", "origin": [16.1, 3.4, 8]},
			"faces": {
				"north": {"uv": [0, 0, 16, 16], "rotation": 90, "texture": "#1"},
				"east": {"uv": [0, 0, 16, 16], "rotation": 270, "texture": "#1"},
				"south": {"uv": [0, 0, 16, 16], "rotation": 270, "texture": "#1"},
				"west": {"uv": [0, 0, 16, 16], "rotation": 270, "texture": "#1"},
				"up": {"uv": [0, 0, 1, 1], "rotation": 270, "texture": "#1"},
				"down": {"uv": [0, 0, 1, 1], "rotation": 270, "texture": "#1"}
			}
		},
		{
			"name": "hexadecagon",
			"from": [15.995, 3.30452, 7.52],
			"to": [16.13, 3.49548, 8.48],
			"rotation": {"angle": -22.5, "axis": "x", "origin": [16.1, 3.4, 8]},
			"faces": {
				"north": {"uv": [0, 0, 16, 16], "rotation": 90, "texture": "#1"},
				"east": {"uv": [0, 0, 16, 16], "rotation": 270, "texture": "#1"},
				"south": {"uv": [0, 0, 16, 16], "rotation": 270, "texture": "#1"},
				"west": {"uv": [0, 0, 16, 16], "rotation": 270, "texture": "#1"},
				"up": {"uv": [0, 0, 1, 1], "rotation": 270, "texture": "#1"},
				"down": {"uv": [0, 0, 1, 1], "rotation": 270, "texture": "#1"}
			}
		},
		{
			"name": "hexadecagon",
			"from": [15.995, 3.30452, 7.52],
			"to": [16.13, 3.49548, 8.48],
			"rotation": {"angle": -45, "axis": "x", "origin": [16.1, 3.4, 8]},
			"faces": {
				"north": {"uv": [0, 0, 16, 16], "rotation": 90, "texture": "#1"},
				"east": {"uv": [0, 0, 16, 16], "rotation": 270, "texture": "#1"},
				"south": {"uv": [0, 0, 16, 16], "rotation": 270, "texture": "#1"},
				"west": {"uv": [0, 0, 16, 16], "rotation": 270, "texture": "#1"},
				"up": {"uv": [0, 0, 1, 1], "rotation": 270, "texture": "#1"},
				"down": {"uv": [0, 0, 1, 1], "rotation": 270, "texture": "#1"}
			}
		},
		{
			"name": "hexadecagon",
			"from": [15.995, 2.92, 7.90452],
			"to": [16.13, 3.88, 8.09548],
			"rotation": {"angle": 22.5, "axis": "x", "origin": [16.1, 3.4, 8]},
			"faces": {
				"north": {"uv": [0, 0, 16, 16], "rotation": 90, "texture": "#1"},
				"east": {"uv": [0, 0, 16, 16], "rotation": 270, "texture": "#1"},
				"south": {"uv": [0, 0, 16, 16], "rotation": 270, "texture": "#1"},
				"west": {"uv": [0, 0, 16, 16], "rotation": 270, "texture": "#1"},
				"up": {"uv": [0, 0, 1, 1], "rotation": 270, "texture": "#1"},
				"down": {"uv": [0, 0, 1, 1], "rotation": 270, "texture": "#1"}
			}
		},
		{
			"name": "hexadecagon",
			"from": [15.995, 2.92, 7.90452],
			"to": [16.13, 3.88, 8.09548],
			"rotation": {"angle": 0, "axis": "y", "origin": [16.1, 3.4, 8]},
			"faces": {
				"north": {"uv": [0, 0, 16, 16], "rotation": 90, "texture": "#1"},
				"east": {"uv": [0, 0, 16, 16], "rotation": 270, "texture": "#1"},
				"south": {"uv": [0, 0, 16, 16], "rotation": 270, "texture": "#1"},
				"west": {"uv": [0, 0, 16, 16], "rotation": 270, "texture": "#1"},
				"up": {"uv": [0, 0, 1, 1], "rotation": 270, "texture": "#1"},
				"down": {"uv": [0, 0, 1, 1], "rotation": 270, "texture": "#1"}
			}
		},
		{
			"name": "hexadecagon",
			"from": [15.995, 2.92, 7.90452],
			"to": [16.13, 3.88, 8.09548],
			"rotation": {"angle": -22.5, "axis": "x", "origin": [16.1, 3.4, 8]},
			"faces": {
				"north": {"uv": [0, 0, 16, 16], "rotation": 90, "texture": "#1"},
				"east": {"uv": [0, 0, 16, 16], "rotation": 270, "texture": "#1"},
				"south": {"uv": [0, 0, 16, 16], "rotation": 270, "texture": "#1"},
				"west": {"uv": [0, 0, 16, 16], "rotation": 270, "texture": "#1"},
				"up": {"uv": [0, 0, 1, 1], "rotation": 270, "texture": "#1"},
				"down": {"uv": [0, 0, 1, 1], "rotation": 270, "texture": "#1"}
			}
		},
		{
			"name": "hexadecagon",
			"from": [7.595, 3.30452, -0.105],
			"to": [8.555, 3.49548, 0.03],
			"rotation": {"angle": 45, "axis": "z", "origin": [8.075, 3.4, 0]},
			"faces": {
				"north": {"uv": [0, 0, 16, 16], "rotation": 270, "texture": "#1"},
				"east": {"uv": [0, 0, 16, 16], "rotation": 90, "texture": "#1"},
				"south": {"uv": [0, 0, 16, 16], "rotation": 270, "texture": "#1"},
				"west": {"uv": [0, 0, 16, 16], "rotation": 270, "texture": "#1"},
				"up": {"uv": [0, 0, 1, 1], "texture": "#1"},
				"down": {"uv": [0, 0, 1, 1], "rotation": 180, "texture": "#1"}
			}
		},
		{
			"name": "hexadecagon",
			"from": [7.595, 3.30452, -0.105],
			"to": [8.555, 3.49548, 0.03],
			"rotation": {"angle": 22.5, "axis": "z", "origin": [8.075, 3.4, 0]},
			"faces": {
				"north": {"uv": [0, 0, 16, 16], "rotation": 270, "texture": "#1"},
				"east": {"uv": [0, 0, 16, 16], "rotation": 90, "texture": "#1"},
				"south": {"uv": [0, 0, 16, 16], "rotation": 270, "texture": "#1"},
				"west": {"uv": [0, 0, 16, 16], "rotation": 270, "texture": "#1"},
				"up": {"uv": [0, 0, 1, 1], "texture": "#1"},
				"down": {"uv": [0, 0, 1, 1], "rotation": 180, "texture": "#1"}
			}
		},
		{
			"name": "hexadecagon",
			"from": [7.595, 3.30452, -0.105],
			"to": [8.555, 3.49548, 0.03],
			"rotation": {"angle": 0, "axis": "y", "origin": [8.075, 3.4, 0]},
			"faces": {
				"north": {"uv": [0, 0, 16, 16], "rotation": 270, "texture": "#1"},
				"east": {"uv": [0, 0, 16, 16], "rotation": 90, "texture": "#1"},
				"south": {"uv": [0, 0, 16, 16], "rotation": 270, "texture": "#1"},
				"west": {"uv": [0, 0, 16, 16], "rotation": 270, "texture": "#1"},
				"up": {"uv": [0, 0, 1, 1], "texture": "#1"},
				"down": {"uv": [0, 0, 1, 1], "rotation": 180, "texture": "#1"}
			}
		},
		{
			"name": "hexadecagon",
			"from": [7.595, 3.30452, -0.105],
			"to": [8.555, 3.49548, 0.03],
			"rotation": {"angle": -22.5, "axis": "z", "origin": [8.075, 3.4, 0]},
			"faces": {
				"north": {"uv": [0, 0, 16, 16], "rotation": 270, "texture": "#1"},
				"east": {"uv": [0, 0, 16, 16], "rotation": 90, "texture": "#1"},
				"south": {"uv": [0, 0, 16, 16], "rotation": 270, "texture": "#1"},
				"west": {"uv": [0, 0, 16, 16], "rotation": 270, "texture": "#1"},
				"up": {"uv": [0, 0, 1, 1], "texture": "#1"},
				"down": {"uv": [0, 0, 1, 1], "rotation": 180, "texture": "#1"}
			}
		},
		{
			"name": "hexadecagon",
			"from": [7.595, 3.30452, -0.105],
			"to": [8.555, 3.49548, 0.03],
			"rotation": {"angle": -45, "axis": "z", "origin": [8.075, 3.4, 0]},
			"faces": {
				"north": {"uv": [0, 0, 16, 16], "rotation": 270, "texture": "#1"},
				"east": {"uv": [0, 0, 16, 16], "rotation": 90, "texture": "#1"},
				"south": {"uv": [0, 0, 16, 16], "rotation": 270, "texture": "#1"},
				"west": {"uv": [0, 0, 16, 16], "rotation": 270, "texture": "#1"},
				"up": {"uv": [0, 0, 1, 1], "texture": "#1"},
				"down": {"uv": [0, 0, 1, 1], "rotation": 180, "texture": "#1"}
			}
		},
		{
			"name": "hexadecagon",
			"from": [7.97952, 2.92, -0.105],
			"to": [8.17048, 3.88, 0.03],
			"rotation": {"angle": 22.5, "axis": "z", "origin": [8.075, 3.4, 0]},
			"faces": {
				"north": {"uv": [0, 0, 16, 16], "rotation": 270, "texture": "#1"},
				"east": {"uv": [0, 0, 16, 16], "rotation": 90, "texture": "#1"},
				"south": {"uv": [0, 0, 16, 16], "rotation": 270, "texture": "#1"},
				"west": {"uv": [0, 0, 16, 16], "rotation": 270, "texture": "#1"},
				"up": {"uv": [0, 0, 1, 1], "texture": "#1"},
				"down": {"uv": [0, 0, 1, 1], "rotation": 180, "texture": "#1"}
			}
		},
		{
			"name": "hexadecagon",
			"from": [7.97952, 2.92, -0.105],
			"to": [8.17048, 3.88, 0.03],
			"rotation": {"angle": 0, "axis": "y", "origin": [8.075, 3.4, 0]},
			"faces": {
				"north": {"uv": [0, 0, 16, 16], "rotation": 270, "texture": "#1"},
				"east": {"uv": [0, 0, 16, 16], "rotation": 90, "texture": "#1"},
				"south": {"uv": [0, 0, 16, 16], "rotation": 270, "texture": "#1"},
				"west": {"uv": [0, 0, 16, 16], "rotation": 270, "texture": "#1"},
				"up": {"uv": [0, 0, 1, 1], "texture": "#1"},
				"down": {"uv": [0, 0, 1, 1], "rotation": 180, "texture": "#1"}
			}
		},
		{
			"name": "hexadecagon",
			"from": [7.97952, 2.92, -0.105],
			"to": [8.17048, 3.88, 0.03],
			"rotation": {"angle": -22.5, "axis": "z", "origin": [8.075, 3.4, 0]},
			"faces": {
				"north": {"uv": [0, 0, 16, 16], "rotation": 270, "texture": "#1"},
				"east": {"uv": [0, 0, 16, 16], "rotation": 90, "texture": "#1"},
				"south": {"uv": [0, 0, 16, 16], "rotation": 270, "texture": "#1"},
				"west": {"uv": [0, 0, 16, 16], "rotation": 270, "texture": "#1"},
				"up": {"uv": [0, 0, 1, 1], "texture": "#1"},
				"down": {"uv": [0, 0, 1, 1], "rotation": 180, "texture": "#1"}
			}
		},
		{
			"name": "hexadecagon",
			"from": [7.595, 3.30452, 15.97],
			"to": [8.555, 3.49548, 16.105],
			"rotation": {"angle": 45, "axis": "z", "origin": [8.075, 3.4, 16.075]},
			"faces": {
				"north": {"uv": [0, 0, 16, 16], "rotation": 270, "texture": "#1"},
				"east": {"uv": [0, 0, 16, 16], "rotation": 90, "texture": "#1"},
				"south": {"uv": [0, 0, 16, 16], "rotation": 270, "texture": "#1"},
				"west": {"uv": [0, 0, 16, 16], "rotation": 270, "texture": "#1"},
				"up": {"uv": [0, 0, 1, 1], "texture": "#1"},
				"down": {"uv": [0, 0, 1, 1], "rotation": 180, "texture": "#1"}
			}
		},
		{
			"name": "hexadecagon",
			"from": [7.595, 3.30452, 15.97],
			"to": [8.555, 3.49548, 16.105],
			"rotation": {"angle": 22.5, "axis": "z", "origin": [8.075, 3.4, 16.075]},
			"faces": {
				"north": {"uv": [0, 0, 16, 16], "rotation": 270, "texture": "#1"},
				"east": {"uv": [0, 0, 16, 16], "rotation": 90, "texture": "#1"},
				"south": {"uv": [0, 0, 16, 16], "rotation": 270, "texture": "#1"},
				"west": {"uv": [0, 0, 16, 16], "rotation": 270, "texture": "#1"},
				"up": {"uv": [0, 0, 1, 1], "texture": "#1"},
				"down": {"uv": [0, 0, 1, 1], "rotation": 180, "texture": "#1"}
			}
		},
		{
			"name": "hexadecagon",
			"from": [7.595, 3.30452, 15.97],
			"to": [8.555, 3.49548, 16.105],
			"rotation": {"angle": 0, "axis": "y", "origin": [8.075, 3.4, 16.075]},
			"faces": {
				"north": {"uv": [0, 0, 16, 16], "rotation": 270, "texture": "#1"},
				"east": {"uv": [0, 0, 16, 16], "rotation": 90, "texture": "#1"},
				"south": {"uv": [0, 0, 16, 16], "rotation": 270, "texture": "#1"},
				"west": {"uv": [0, 0, 16, 16], "rotation": 270, "texture": "#1"},
				"up": {"uv": [0, 0, 1, 1], "texture": "#1"},
				"down": {"uv": [0, 0, 1, 1], "rotation": 180, "texture": "#1"}
			}
		},
		{
			"name": "hexadecagon",
			"from": [7.595, 3.30452, 15.97],
			"to": [8.555, 3.49548, 16.105],
			"rotation": {"angle": -22.5, "axis": "z", "origin": [8.075, 3.4, 16.075]},
			"faces": {
				"north": {"uv": [0, 0, 16, 16], "rotation": 270, "texture": "#1"},
				"east": {"uv": [0, 0, 16, 16], "rotation": 90, "texture": "#1"},
				"south": {"uv": [0, 0, 16, 16], "rotation": 270, "texture": "#1"},
				"west": {"uv": [0, 0, 16, 16], "rotation": 270, "texture": "#1"},
				"up": {"uv": [0, 0, 1, 1], "texture": "#1"},
				"down": {"uv": [0, 0, 1, 1], "rotation": 180, "texture": "#1"}
			}
		},
		{
			"name": "hexadecagon",
			"from": [7.595, 3.30452, 15.97],
			"to": [8.555, 3.49548, 16.105],
			"rotation": {"angle": -45, "axis": "z", "origin": [8.075, 3.4, 16.075]},
			"faces": {
				"north": {"uv": [0, 0, 16, 16], "rotation": 270, "texture": "#1"},
				"east": {"uv": [0, 0, 16, 16], "rotation": 90, "texture": "#1"},
				"south": {"uv": [0, 0, 16, 16], "rotation": 270, "texture": "#1"},
				"west": {"uv": [0, 0, 16, 16], "rotation": 270, "texture": "#1"},
				"up": {"uv": [0, 0, 1, 1], "texture": "#1"},
				"down": {"uv": [0, 0, 1, 1], "rotation": 180, "texture": "#1"}
			}
		},
		{
			"name": "hexadecagon",
			"from": [7.97952, 2.92, 15.97],
			"to": [8.17048, 3.88, 16.105],
			"rotation": {"angle": 22.5, "axis": "z", "origin": [8.075, 3.4, 16.075]},
			"faces": {
				"north": {"uv": [0, 0, 16, 16], "rotation": 270, "texture": "#1"},
				"east": {"uv": [0, 0, 16, 16], "rotation": 90, "texture": "#1"},
				"south": {"uv": [0, 0, 16, 16], "rotation": 270, "texture": "#1"},
				"west": {"uv": [0, 0, 16, 16], "rotation": 270, "texture": "#1"},
				"up": {"uv": [0, 0, 1, 1], "texture": "#1"},
				"down": {"uv": [0, 0, 1, 1], "rotation": 180, "texture": "#1"}
			}
		},
		{
			"name": "hexadecagon",
			"from": [7.97952, 2.92, 15.97],
			"to": [8.17048, 3.88, 16.105],
			"rotation": {"angle": 0, "axis": "y", "origin": [8.075, 3.4, 16.075]},
			"faces": {
				"north": {"uv": [0, 0, 16, 16], "rotation": 270, "texture": "#1"},
				"east": {"uv": [0, 0, 16, 16], "rotation": 90, "texture": "#1"},
				"south": {"uv": [0, 0, 16, 16], "rotation": 270, "texture": "#1"},
				"west": {"uv": [0, 0, 16, 16], "rotation": 270, "texture": "#1"},
				"up": {"uv": [0, 0, 1, 1], "texture": "#1"},
				"down": {"uv": [0, 0, 1, 1], "rotation": 180, "texture": "#1"}
			}
		},
		{
			"name": "hexadecagon",
			"from": [7.97952, 2.92, 15.97],
			"to": [8.17048, 3.88, 16.105],
			"rotation": {"angle": -22.5, "axis": "z", "origin": [8.075, 3.4, 16.075]},
			"faces": {
				"north": {"uv": [0, 0, 16, 16], "rotation": 270, "texture": "#1"},
				"east": {"uv": [0, 0, 16, 16], "rotation": 90, "texture": "#1"},
				"south": {"uv": [0, 0, 16, 16], "rotation": 270, "texture": "#1"},
				"west": {"uv": [0, 0, 16, 16], "rotation": 270, "texture": "#1"},
				"up": {"uv": [0, 0, 1, 1], "texture": "#1"},
				"down": {"uv": [0, 0, 1, 1], "rotation": 180, "texture": "#1"}
			}
		}
	],
	"display": {
		"thirdperson_righthand": {
			"rotation": [53.75, 0, 0],
			"translation": [0, 1.25, 0.75],
			"scale": [0.5, 0.49, 0.49]
		},
		"thirdperson_lefthand": {
			"rotation": [53.75, 0, 0],
			"translation": [0, 1.25, 0.75],
			"scale": [0.5, 0.49, 0.49]
		},
		"ground": {
			"translation": [0, 26.75, 0],
			"scale": [4, 4, 4]
		},
		"gui": {
			"rotation": [30.5, 0, 0],
			"translation": [0, 6.25, 0],
			"scale": [2.11523, 2.11523, 2.11523]
		},
		"head": {
			"translation": [0, 12, 0]
		},
		"fixed": {
			"rotation": [-90.5, 0, 0],
			"translation": [0, 1, -5.75]
		}
	},
	"groups": [
		{
			"name": "Crown",
			"origin": [8, 8, 8],
			"children": [
				{
					"name": "Triangles",
					"origin": [8, 8, 8],
					"children": [
						{
							"name": "Triangle",
							"origin": [8, 8, 8],
							"children": [0, 1, 2]
						},
						{
							"name": "Triangle",
							"origin": [8, 8, 8],
							"children": [3, 4, 5]
						},
						{
							"name": "Triangle",
							"origin": [8, 8, 8],
							"children": [6, 7, 8]
						},
						{
							"name": "Triangle",
							"origin": [8, 8, 8],
							"children": [9, 10, 11]
						},
						{
							"name": "Triangle decor",
							"origin": [8, 8, 8],
							"children": [12, 13, 14, 15, 16, 17, 18, 19]
						}
					]
				},
				{
					"name": "Band",
					"origin": [8, 8, 8],
					"children": [
						{
							"name": "Band-Base",
							"origin": [8, 8, 8],
							"children": [20, 21, 22, 23, 24, 25, 26, 27, 28, 29, 30, 31, 32, 33, 34, 35]
						},
						{
							"name": "Band Decor",
							"origin": [8, 8, 8],
							"children": [
								{
									"name": "Sticks-jewels",
									"origin": [2.925, 5.5125, 2.91667],
									"children": [
										{
											"name": "group",
											"origin": [2.925, 5.5125, 2.91667],
											"children": [36, 37, 38, 39, 40, 41]
										},
										{
											"name": "group",
											"origin": [4.775, 5.2125, 0.5875],
											"children": [42, 43, 44, 45, 46, 47]
										},
										{
											"name": "group",
											"origin": [8, 2.9, 8],
											"children": [48, 49, 50, 51, 52, 53]
										},
										{
											"name": "group",
											"origin": [8, 2.9, 8],
											"children": [54, 55, 56, 57, 58, 59]
										}
									]
								},
								{
									"name": "BandJewels",
									"origin": [8, 8, 8],
									"children": [
										{
											"name": "Jewel",
											"origin": [8, 8, 8],
											"children": [60, 61, 62, 63, 64, 65, 66, 67]
										},
										{
											"name": "Jewel",
											"origin": [8, 8, 8],
											"children": [68, 69, 70, 71, 72, 73, 74, 75]
										},
										{
											"name": "Jewel",
											"origin": [8, 8, 8],
											"children": [76, 77, 78, 79, 80, 81, 82, 83]
										},
										{
											"name": "Jewel",
											"origin": [8, 8, 8],
											"children": [84, 85, 86, 87, 88, 89, 90, 91]
										}
									]
								}
							]
						}
					]
				}
			]
		}
	]
}