{
	"credit": "Made with Blockbench",
	"texture_size": [32, 32],
	"textures": {
		"0": "./farmer",
		"1": "./farmhat",
		"2": "./pitchfork",
		"particle": "./Custom-MC-Stuff/farmer"
	},
	"elements": [
		{
			"name": "head",
			"from": [4, 21.25, 4],
			"to": [12, 29.25, 12],
			"faces": {
				"north": {"uv": [2, 2, 4, 4], "texture": "#0"},
				"east": {"uv": [0, 2, 2, 4], "texture": "#0"},
				"south": {"uv": [6, 2, 8, 4], "texture": "#0"},
				"west": {"uv": [4, 2, 6, 4], "texture": "#0"},
				"up": {"uv": [4, 2, 2, 0], "texture": "#0"},
				"down": {"uv": [6, 0, 4, 2], "texture": "#0"}
			}
		},
		{
			"name": "body",
			"from": [4, 9.25, 6],
			"to": [12, 21.25, 10],
			"faces": {
				"north": {"uv": [5, 5, 7, 7.98], "texture": "#0"},
				"east": {"uv": [4, 5, 5, 8], "texture": "#0"},
				"south": {"uv": [8, 5, 10, 8], "texture": "#0"},
				"west": {"uv": [7, 5, 8, 7.98], "texture": "#0"},
				"up": {"uv": [7, 5, 5, 4], "texture": "#0"},
				"down": {"uv": [9, 4, 7, 5], "texture": "#0"}
			}
		},
		{
			"name": "right_arm",
			"from": [12, 16.825, -1.175],
			"to": [16, 20.825, 10.825],
			"rotation": {"angle": 0, "axis": "x", "origin": [13.995, 15.25, 8]},
			"faces": {
				"north": {"uv": [13, 4, 12, 5], "rotation": 180, "texture": "#0"},
				"east": {"uv": [10, 5, 11, 8], "rotation": 270, "texture": "#0"},
				"south": {"uv": [12, 5, 11, 4], "texture": "#0"},
				"west": {"uv": [12, 5, 13, 8], "rotation": 90, "texture": "#0"},
				"up": {"uv": [11, 5, 12, 8], "rotation": 180, "texture": "#0"},
				"down": {"uv": [13, 5, 14, 8], "texture": "#0"}
			}
		},
		{
			"name": "left_arm",
			"from": [0, 9.25, 6],
			"to": [4, 21.25, 10],
			"faces": {
				"north": {"uv": [9, 13, 10, 16], "texture": "#0"},
				"east": {"uv": [8, 13, 9, 16], "texture": "#0"},
				"south": {"uv": [11, 13, 12, 16], "texture": "#0"},
				"west": {"uv": [10, 13, 11, 16], "texture": "#0"},
				"up": {"uv": [10, 13, 9, 12], "texture": "#0"},
				"down": {"uv": [11, 12, 10, 13], "texture": "#0"}
			}
		},
		{
			"name": "right_leg",
			"from": [8, -2.75, 6],
			"to": [12, 9.25, 10],
			"faces": {
				"north": {"uv": [1, 5, 2, 8], "texture": "#0"},
				"east": {"uv": [0, 5, 1, 8], "texture": "#0"},
				"south": {"uv": [3, 5, 4, 8], "texture": "#0"},
				"west": {"uv": [2, 5, 3, 8], "texture": "#0"},
				"up": {"uv": [2, 5, 1, 4], "texture": "#0"},
				"down": {"uv": [3, 4, 2, 5], "texture": "#0"}
			}
		},
		{
			"name": "left_leg",
			"from": [4, -2.75, 6],
			"to": [8, 9.25, 10],
			"faces": {
				"north": {"uv": [5, 13, 6, 16], "texture": "#0"},
				"east": {"uv": [4, 13, 5, 16], "texture": "#0"},
				"south": {"uv": [7, 13, 8, 16], "texture": "#0"},
				"west": {"uv": [6, 13, 7, 16], "texture": "#0"},
				"up": {"uv": [6, 13, 5, 12], "texture": "#0"},
				"down": {"uv": [7, 12, 6, 13], "texture": "#0"}
			}
		},
		{
			"name": "head_2nd_layer",
			"from": [3.5, 20.75, 3.5],
			"to": [12.5, 29.75, 12.5],
			"faces": {
				"north": {"uv": [10, 2, 12, 4], "texture": "#0"},
				"east": {"uv": [8, 2, 10, 4], "texture": "#0"},
				"south": {"uv": [14, 2, 16, 4], "texture": "#0"},
				"west": {"uv": [12, 2, 14, 4], "texture": "#0"},
				"up": {"uv": [12, 2, 10, 0], "texture": "#0"},
				"down": {"uv": [14, 0, 12, 2], "texture": "#0"}
			}
		},
		{
			"name": "body_2nd_layer",
			"from": [4, 8.77, 5.5],
			"to": [12, 21.78, 10.5],
			"faces": {
				"north": {"uv": [5, 9, 7, 12], "texture": "#0"},
				"east": {"uv": [4, 9, 5, 12], "texture": "#0"},
				"south": {"uv": [8, 9, 10, 12], "texture": "#0"},
				"west": {"uv": [7, 9, 8, 12], "texture": "#0"},
				"up": {"uv": [7, 9, 5, 8], "texture": "#0"},
				"down": {"uv": [9, 8, 7, 9], "texture": "#0"}
			}
		},
		{
			"name": "right_arm_2nd_layer",
			"from": [11.5, 16.325, -1.675],
			"to": [16.49, 21.325, 11.325],
			"rotation": {"angle": 0, "axis": "x", "origin": [13.995, 15.25, 8]},
			"faces": {
				"north": {"uv": [13, 8, 12, 9], "rotation": 180, "texture": "#0"},
				"east": {"uv": [10, 9, 11, 12], "rotation": 270, "texture": "#0"},
				"south": {"uv": [12, 9, 11, 8], "texture": "#0"},
				"west": {"uv": [12, 9, 13, 12], "rotation": 90, "texture": "#0"},
				"up": {"uv": [11, 9, 12, 12], "rotation": 180, "texture": "#0"},
				"down": {"uv": [13, 9, 14, 12], "texture": "#0"}
			}
		},
		{
			"name": "left_arm_2nd_layer",
			"from": [-0.5, 8.75, 5.5],
			"to": [4.5, 21.75, 10.5],
			"faces": {
				"north": {"uv": [13, 13, 14, 16], "texture": "#0"},
				"east": {"uv": [12, 13, 13, 16], "texture": "#0"},
				"south": {"uv": [15, 13, 16, 16], "texture": "#0"},
				"west": {"uv": [14, 13, 15, 16], "texture": "#0"},
				"up": {"uv": [14, 13, 13, 12], "texture": "#0"},
				"down": {"uv": [15, 12, 14, 13], "texture": "#0"}
			}
		},
		{
			"name": "right_leg_2nd_layer",
			"from": [7.5, -3.25, 5.5],
			"to": [12.5, 9.75, 10.5],
			"faces": {
				"north": {"uv": [1, 9, 2, 12], "texture": "#0"},
				"east": {"uv": [0, 9, 1, 12], "texture": "#0"},
				"south": {"uv": [3, 9, 4, 12], "texture": "#0"},
				"west": {"uv": [2, 9, 3, 12], "texture": "#0"},
				"up": {"uv": [2, 9, 1, 8], "texture": "#0"},
				"down": {"uv": [3, 8, 2, 9], "texture": "#0"}
			}
		},
		{
			"name": "left_leg_2nd_layer",
			"from": [3.5, -3.25, 5.5],
			"to": [8.5, 9.75, 10.5],
			"faces": {
				"north": {"uv": [1, 13, 2, 16], "texture": "#0"},
				"east": {"uv": [0, 13, 1, 16], "texture": "#0"},
				"south": {"uv": [3, 13, 4, 16], "texture": "#0"},
				"west": {"uv": [2, 13, 3, 16], "texture": "#0"},
				"up": {"uv": [2, 12, 1, 11], "texture": "#0"},
				"down": {"uv": [3, 12, 2, 13], "texture": "#0"}
			}
		},
		{
			"from": [5, 30.25, 5],
			"to": [11, 31.75, 11],
			"rotation": {"angle": 0, "axis": "y", "origin": [8, 8, 8]},
			"faces": {
				"north": {"uv": [4, 6, 7, 6.5], "texture": "#1"},
				"east": {"uv": [6, 4, 9, 4.5], "texture": "#1"},
				"south": {"uv": [6, 4.5, 9, 5], "texture": "#1"},
				"west": {"uv": [4, 6.5, 7, 7], "texture": "#1"},
				"up": {"uv": [3, 3, 0, 0], "texture": "#1"},
				"down": {"uv": [3, 3, 0, 6], "texture": "#1"}
			}
		},
		{
			"from": [10.95, 29.25, 3],
			"to": [12.9, 30.25, 13],
			"rotation": {"angle": 0, "axis": "y", "origin": [8, 8, 8]},
			"faces": {
				"north": {"uv": [7, 6, 8, 6.5], "texture": "#1"},
				"east": {"uv": [6, 2, 11, 2.5], "texture": "#1"},
				"south": {"uv": [7, 6.5, 8, 7], "texture": "#1"},
				"west": {"uv": [6, 2.5, 11, 3], "texture": "#1"},
				"up": {"uv": [4, 5, 3, 0], "texture": "#1"},
				"down": {"uv": [5, 0, 4, 5], "texture": "#1"}
			}
		},
		{
			"from": [3.025, 29.25, 3],
			"to": [4.975, 30.25, 13],
			"rotation": {"angle": 0, "axis": "y", "origin": [8, 8, 8]},
			"faces": {
				"north": {"uv": [7, 7, 8, 7.5], "texture": "#1"},
				"east": {"uv": [6, 3, 11, 3.5], "texture": "#1"},
				"south": {"uv": [0, 7.5, 1, 8], "texture": "#1"},
				"west": {"uv": [6, 3.5, 11, 4], "texture": "#1"},
				"up": {"uv": [6, 5, 5, 0], "texture": "#1"},
				"down": {"uv": [4, 5, 3, 10], "texture": "#1"}
			}
		},
		{
			"from": [4.975, 29.25, 3],
			"to": [10.95, 30.25, 4.95],
			"rotation": {"angle": 0, "axis": "y", "origin": [8, 8, 8]},
			"faces": {
				"north": {"uv": [0, 7, 3, 7.5], "texture": "#1"},
				"east": {"uv": [1, 7.5, 2, 8], "texture": "#1"},
				"south": {"uv": [4, 7, 7, 7.5], "texture": "#1"},
				"west": {"uv": [2, 7.5, 3, 8], "texture": "#1"},
				"up": {"uv": [7, 6, 4, 5], "texture": "#1"},
				"down": {"uv": [3, 6, 0, 7], "texture": "#1"}
			}
		},
		{
			"from": [4.975, 29.25, 11.05],
			"to": [10.95, 30.25, 13],
			"rotation": {"angle": 0, "axis": "y", "origin": [8, 8, 8]},
			"faces": {
				"north": {"uv": [7, 5, 10, 5.5], "texture": "#1"},
				"east": {"uv": [4, 7.5, 5, 8], "texture": "#1"},
				"south": {"uv": [7, 5.5, 10, 6], "texture": "#1"},
				"west": {"uv": [5, 7.5, 6, 8], "texture": "#1"},
				"up": {"uv": [9, 1, 6, 0], "texture": "#1"},
				"down": {"uv": [9, 1, 6, 2], "texture": "#1"}
			}
		},
		{
			"from": [13.225, -3.75, 0.1],
			"to": [14.725, 24.475, 1.6],
			"rotation": {"angle": 0, "axis": "y", "origin": [8, 8, 8]},
			"faces": {
				"north": {"uv": [0, 0, 1, 14], "texture": "#2"},
				"east": {"uv": [1, 0, 2, 14], "texture": "#2"},
				"south": {"uv": [2, 0, 3, 14], "texture": "#2"},
				"west": {"uv": [3, 0, 4, 14], "texture": "#2"},
				"up": {"uv": [8, 1, 7, 0], "texture": "#2"},
				"down": {"uv": [8, 1, 7, 2], "texture": "#2"}
			}
		},
		{
			"from": [13.125, 24.475, 0.025],
			"to": [14.825, 26.075, 1.725],
			"rotation": {"angle": 0, "axis": "y", "origin": [8, 8, 8]},
			"faces": {
				"north": {"uv": [7, 2, 8, 3], "texture": "#2"},
				"east": {"uv": [7, 3, 8, 4], "texture": "#2"},
				"south": {"uv": [7, 4, 8, 5], "texture": "#2"},
				"west": {"uv": [7, 5, 8, 6], "texture": "#2"},
				"up": {"uv": [8, 7, 7, 6], "texture": "#2"},
				"down": {"uv": [8, 7, 7, 8], "texture": "#2"}
			}
		},
		{
			"from": [11.125, 26.075, 0.025],
			"to": [16.825, 26.75, 1.725],
			"rotation": {"angle": 0, "axis": "y", "origin": [8, 8, 8]},
			"faces": {
				"north": {"uv": [4, 2, 7, 2.5], "texture": "#2"},
				"east": {"uv": [8, 0, 9, 0.5], "texture": "#2"},
				"south": {"uv": [4, 2.5, 7, 3], "texture": "#2"},
				"west": {"uv": [8, 0.5, 9, 1], "texture": "#2"},
				"up": {"uv": [7, 1, 4, 0], "texture": "#2"},
				"down": {"uv": [7, 1, 4, 2], "texture": "#2"}
			}
		},
		{
			"from": [16.3, 26.8, 0.55],
			"to": [16.8, 32, 1.1],
			"rotation": {"angle": 0, "axis": "y", "origin": [8, 8, 8]},
			"faces": {
				"north": {"uv": [4, 5.5, 4.5, 8], "texture": "#2"},
				"east": {"uv": [4.5, 5.5, 5, 8], "texture": "#2"},
				"south": {"uv": [5, 5.5, 5.5, 8], "texture": "#2"},
				"west": {"uv": [5.5, 5.5, 6, 8], "texture": "#2"},
				"up": {"uv": [8.5, 2.5, 8, 2], "texture": "#2"},
				"down": {"uv": [8.5, 2.5, 8, 3], "texture": "#2"}
			}
		},
		{
			"from": [13.75, 26.8, 0.55],
			"to": [14.25, 32, 1.1],
			"rotation": {"angle": 0, "axis": "y", "origin": [8, 8, 8]},
			"faces": {
				"north": {"uv": [6, 3, 6.5, 5.5], "texture": "#2"},
				"east": {"uv": [6, 5.5, 6.5, 8], "texture": "#2"},
				"south": {"uv": [6.5, 3, 7, 5.5], "texture": "#2"},
				"west": {"uv": [6.5, 5.5, 7, 8], "texture": "#2"},
				"up": {"uv": [8.5, 3.5, 8, 3], "texture": "#2"},
				"down": {"uv": [8.5, 3.5, 8, 4], "texture": "#2"}
			}
		},
		{
			"from": [11.675, 26.8, 0.55],
			"to": [12.175, 32, 1.1],
			"rotation": {"angle": 0, "axis": "y", "origin": [8, 8, 8]},
			"faces": {
				"north": {"uv": [4, 3, 4.5, 5.5], "texture": "#2"},
				"east": {"uv": [4.5, 3, 5, 5.5], "texture": "#2"},
				"south": {"uv": [5, 3, 5.5, 5.5], "texture": "#2"},
				"west": {"uv": [5.5, 3, 6, 5.5], "texture": "#2"},
				"up": {"uv": [8.5, 1.5, 8, 1], "texture": "#2"},
				"down": {"uv": [8.5, 1.5, 8, 2], "texture": "#2"}
			}
		}
	],
	"display": {
		"head": {
			"translation": [0, -29, 0],
			"scale": [1.6, 1.6, 1.6]
		},
		"fixed": {
			"rotation": [-90, 0, 0],
			"translation": [0, 0, -21.25],
			"scale": [2, 2, 2]
		}
	},
	"groups": [
		{
			"name": "steve",
			"origin": [8, 8, 8],
			"children": [0, 1, 2, 3, 4, 5, 6, 7, 8, 9, 10, 11]
		},
		{
			"name": "Hat",
			"origin": [8, 8, 8],
			"children": [12, 13, 14, 15, 16]
		},
		{
			"name": "pitchfork",
			"origin": [0, 0, 0],
			"children": [17, 18, 19, 20, 21, 22]
		}
	]
}