{
	"credit": "Made with Blockbench",
	"textures": {
		"0": "block/sea_lantern",
		"1": "block/soul_campfire_fire",
		"particle": "block/soul_campfire_fire"
	},
	"elements": [
		{
			"name": "Base-part",
			"from": [7.68068, 7.79, 7.59695],
			"to": [7.73468, 8.06, 8.13695],
			"rotation": {"angle": 0, "axis": "x", "origin": [7.70768, 7.925, 7.86695]},
			"faces": {
				"north": {"uv": [0, 0, 16, 16], "rotation": 180, "texture": "#0"},
				"east": {"uv": [0, 0, 16, 16], "rotation": 90, "texture": "#0"},
				"south": {"uv": [0, 0, 16, 16], "texture": "#0"},
				"west": {"uv": [0, 0, 16, 16], "rotation": 270, "texture": "#0"},
				"up": {"uv": [0, 0, 16, 16], "texture": "#0"},
				"down": {"uv": [0, 0, 16, 16], "rotation": 180, "texture": "#0"}
			}
		},
		{
			"name": "Base-part",
			"from": [8.13813, 7.56094, 7.59695],
			"to": [8.19213, 7.83094, 8.13695],
			"rotation": {"angle": -22.5, "axis": "z", "origin": [8.07815, 7.89822, 7.86695]},
			"faces": {
				"north": {"uv": [0, 0, 16, 16], "texture": "#0"},
				"east": {"uv": [0, 0, 16, 16], "rotation": 90, "texture": "#0"},
				"south": {"uv": [0, 0, 16, 16], "rotation": 180, "texture": "#0"},
				"west": {"uv": [0, 0, 16, 16], "rotation": 270, "texture": "#0"},
				"up": {"uv": [0, 0, 16, 16], "texture": "#0"},
				"down": {"uv": [0, 0, 16, 16], "rotation": 180, "texture": "#0"}
			}
		},
		{
			"name": "Base-part",
			"from": [7.79542, 7.59116, 7.59695],
			"to": [7.84942, 7.86116, 8.13695],
			"rotation": {"angle": 22.5, "axis": "z", "origin": [7.91692, 7.53716, 7.86695]},
			"faces": {
				"north": {"uv": [0, 0, 16, 16], "rotation": 180, "texture": "#0"},
				"east": {"uv": [0, 0, 16, 16], "rotation": 90, "texture": "#0"},
				"south": {"uv": [0, 0, 16, 16], "texture": "#0"},
				"west": {"uv": [0, 0, 16, 16], "rotation": 270, "texture": "#0"},
				"up": {"uv": [0, 0, 16, 16], "texture": "#0"},
				"down": {"uv": [0, 0, 16, 16], "rotation": 180, "texture": "#0"}
			}
		},
		{
			"name": "Base-part",
			"from": [8.10371, 7.79245, 7.59695],
			"to": [8.15771, 8.06245, 8.13695],
			"rotation": {"angle": 0, "axis": "y", "origin": [8.07815, 7.89822, 7.86695]},
			"faces": {
				"north": {"uv": [0, 0, 16, 16], "texture": "#0"},
				"east": {"uv": [0, 0, 16, 16], "rotation": 90, "texture": "#0"},
				"south": {"uv": [0, 0, 16, 16], "rotation": 180, "texture": "#0"},
				"west": {"uv": [0, 0, 16, 16], "rotation": 270, "texture": "#0"},
				"up": {"uv": [0, 0, 16, 16], "texture": "#0"},
				"down": {"uv": [0, 0, 16, 16], "rotation": 180, "texture": "#0"}
			}
		},
		{
			"name": "Base-part",
			"from": [7.784, 7.54055, 7.59695],
			"to": [8.054, 7.59455, 8.13695],
			"rotation": {"angle": 0, "axis": "y", "origin": [7.9595, 7.95905, 7.86695]},
			"faces": {
				"north": {"uv": [0, 0, 16, 16], "rotation": 90, "texture": "#0"},
				"east": {"uv": [0, 0, 16, 16], "rotation": 90, "texture": "#0"},
				"south": {"uv": [0, 0, 16, 16], "rotation": 90, "texture": "#0"},
				"west": {"uv": [0, 0, 16, 16], "rotation": 270, "texture": "#0"},
				"up": {"uv": [0, 0, 16, 16], "texture": "#0"},
				"down": {"uv": [0, 0, 16, 16], "rotation": 180, "texture": "#0"}
			}
		},
		{
			"name": "Base-part",
			"from": [7.79784, 8.03449, 7.59695],
			"to": [8.06784, 8.08849, 8.13695],
			"rotation": {"angle": -45, "axis": "z", "origin": [8.08134, 7.96699, 7.86695]},
			"faces": {
				"north": {"uv": [0, 0, 16, 16], "rotation": 270, "texture": "#0"},
				"east": {"uv": [0, 0, 16, 16], "rotation": 90, "texture": "#0"},
				"south": {"uv": [0, 0, 16, 16], "rotation": 270, "texture": "#0"},
				"west": {"uv": [0, 0, 16, 16], "rotation": 270, "texture": "#0"},
				"up": {"uv": [0, 0, 16, 16], "texture": "#0"},
				"down": {"uv": [0, 0, 16, 16], "rotation": 180, "texture": "#0"}
			}
		},
		{
			"name": "Base-part",
			"from": [7.78432, 8.16077, 7.59695],
			"to": [8.05432, 8.21477, 8.13695],
			"rotation": {"angle": 45, "axis": "z", "origin": [7.91932, 8.01227, 7.86695]},
			"faces": {
				"north": {"uv": [0, 0, 16, 16], "rotation": 270, "texture": "#0"},
				"east": {"uv": [0, 0, 16, 16], "rotation": 90, "texture": "#0"},
				"south": {"uv": [0, 0, 16, 16], "rotation": 270, "texture": "#0"},
				"west": {"uv": [0, 0, 16, 16], "rotation": 270, "texture": "#0"},
				"up": {"uv": [0, 0, 16, 16], "texture": "#0"},
				"down": {"uv": [0, 0, 16, 16], "rotation": 180, "texture": "#0"}
			}
		},
		{
			"name": "Base-part",
			"from": [8.0636, 8.15367, 7.59695],
			"to": [8.1311, 8.22117, 8.13695],
			"rotation": {"angle": 45, "axis": "z", "origin": [7.9286, 8.00517, 7.86695]},
			"faces": {
				"north": {"uv": [0, 0, 16, 16], "rotation": 270, "texture": "#0"},
				"east": {"uv": [0, 0, 16, 16], "rotation": 90, "texture": "#0"},
				"south": {"uv": [0, 0, 16, 16], "rotation": 270, "texture": "#0"},
				"west": {"uv": [0, 0, 16, 16], "rotation": 270, "texture": "#0"},
				"up": {"uv": [0, 0, 16, 16], "texture": "#0"},
				"down": {"uv": [0, 0, 16, 16], "rotation": 180, "texture": "#0"}
			}
		},
		{
			"name": "Base-part",
			"from": [7.29768, 7.248, 7.59695],
			"to": [7.56768, 7.302, 8.13695],
			"rotation": {"angle": 0, "axis": "x", "origin": [7.43268, 7.275, 7.86695]},
			"faces": {
				"north": {"uv": [0, 0, 16, 16], "rotation": 270, "texture": "#0"},
				"east": {"uv": [0, 0, 16, 16], "rotation": 90, "texture": "#0"},
				"south": {"uv": [0, 0, 16, 16], "rotation": 270, "texture": "#0"},
				"west": {"uv": [0, 0, 16, 16], "rotation": 270, "texture": "#0"},
				"up": {"uv": [0, 0, 16, 16], "texture": "#0"},
				"down": {"uv": [0, 0, 16, 16], "rotation": 180, "texture": "#0"}
			}
		},
		{
			"name": "Base-part",
			"from": [7.52673, 7.70545, 7.59695],
			"to": [7.79673, 7.75945, 8.13695],
			"rotation": {"angle": -22.5, "axis": "z", "origin": [7.45946, 7.64548, 7.86695]},
			"faces": {
				"north": {"uv": [0, 0, 16, 16], "rotation": 90, "texture": "#0"},
				"east": {"uv": [0, 0, 16, 16], "rotation": 90, "texture": "#0"},
				"south": {"uv": [0, 0, 16, 16], "rotation": 90, "texture": "#0"},
				"west": {"uv": [0, 0, 16, 16], "rotation": 270, "texture": "#0"},
				"up": {"uv": [0, 0, 16, 16], "texture": "#0"},
				"down": {"uv": [0, 0, 16, 16], "rotation": 180, "texture": "#0"}
			}
		},
		{
			"name": "Base-part",
			"from": [7.49652, 7.36274, 7.59695],
			"to": [7.76652, 7.41674, 8.13695],
			"rotation": {"angle": 22.5, "axis": "z", "origin": [7.82052, 7.48424, 7.86695]},
			"faces": {
				"north": {"uv": [0, 0, 16, 16], "rotation": 270, "texture": "#0"},
				"east": {"uv": [0, 0, 16, 16], "rotation": 90, "texture": "#0"},
				"south": {"uv": [0, 0, 16, 16], "rotation": 270, "texture": "#0"},
				"west": {"uv": [0, 0, 16, 16], "rotation": 270, "texture": "#0"},
				"up": {"uv": [0, 0, 16, 16], "texture": "#0"},
				"down": {"uv": [0, 0, 16, 16], "rotation": 180, "texture": "#0"}
			}
		},
		{
			"name": "Base-part",
			"from": [7.29523, 7.67103, 7.59695],
			"to": [7.56523, 7.72503, 8.13695],
			"rotation": {"angle": 0, "axis": "y", "origin": [7.45946, 7.64548, 7.86695]},
			"faces": {
				"north": {"uv": [0, 0, 16, 16], "rotation": 90, "texture": "#0"},
				"east": {"uv": [0, 0, 16, 16], "rotation": 90, "texture": "#0"},
				"south": {"uv": [0, 0, 16, 16], "rotation": 90, "texture": "#0"},
				"west": {"uv": [0, 0, 16, 16], "rotation": 270, "texture": "#0"},
				"up": {"uv": [0, 0, 16, 16], "texture": "#0"},
				"down": {"uv": [0, 0, 16, 16], "rotation": 180, "texture": "#0"}
			}
		},
		{
			"name": "Base-part",
			"from": [7.76312, 7.35132, 7.59695],
			"to": [7.81712, 7.62132, 8.13695],
			"rotation": {"angle": 0, "axis": "y", "origin": [7.39862, 7.52682, 7.86695]},
			"faces": {
				"north": {"uv": [0, 0, 16, 16], "rotation": 180, "texture": "#0"},
				"east": {"uv": [0, 0, 16, 16], "rotation": 90, "texture": "#0"},
				"south": {"uv": [0, 0, 16, 16], "texture": "#0"},
				"west": {"uv": [0, 0, 16, 16], "rotation": 270, "texture": "#0"},
				"up": {"uv": [0, 0, 16, 16], "texture": "#0"},
				"down": {"uv": [0, 0, 16, 16], "rotation": 180, "texture": "#0"}
			}
		},
		{
			"name": "Base-part",
			"from": [7.26919, 7.36516, 7.59695],
			"to": [7.32319, 7.63516, 8.13695],
			"rotation": {"angle": -45, "axis": "z", "origin": [7.39069, 7.64866, 7.86695]},
			"faces": {
				"north": {"uv": [0, 0, 16, 16], "texture": "#0"},
				"east": {"uv": [0, 0, 16, 16], "rotation": 90, "texture": "#0"},
				"south": {"uv": [0, 0, 16, 16], "rotation": 180, "texture": "#0"},
				"west": {"uv": [0, 0, 16, 16], "rotation": 270, "texture": "#0"},
				"up": {"uv": [0, 0, 16, 16], "texture": "#0"},
				"down": {"uv": [0, 0, 16, 16], "rotation": 180, "texture": "#0"}
			}
		},
		{
			"name": "Base-part",
			"from": [7.14291, 7.35165, 7.59695],
			"to": [7.19691, 7.62165, 8.13695],
			"rotation": {"angle": 45, "axis": "z", "origin": [7.34541, 7.48665, 7.86695]},
			"faces": {
				"north": {"uv": [0, 0, 16, 16], "texture": "#0"},
				"east": {"uv": [0, 0, 16, 16], "rotation": 90, "texture": "#0"},
				"south": {"uv": [0, 0, 16, 16], "rotation": 180, "texture": "#0"},
				"west": {"uv": [0, 0, 16, 16], "rotation": 270, "texture": "#0"},
				"up": {"uv": [0, 0, 16, 16], "texture": "#0"},
				"down": {"uv": [0, 0, 16, 16], "rotation": 180, "texture": "#0"}
			}
		},
		{
			"name": "Base-part",
			"from": [7.13651, 7.63093, 7.59695],
			"to": [7.20401, 7.69843, 8.13695],
			"rotation": {"angle": 45, "axis": "z", "origin": [7.35251, 7.49593, 7.86695]},
			"faces": {
				"north": {"uv": [0, 0, 16, 16], "texture": "#0"},
				"east": {"uv": [0, 0, 16, 16], "rotation": 90, "texture": "#0"},
				"south": {"uv": [0, 0, 16, 16], "rotation": 180, "texture": "#0"},
				"west": {"uv": [0, 0, 16, 16], "rotation": 270, "texture": "#0"},
				"up": {"uv": [0, 0, 16, 16], "texture": "#0"},
				"down": {"uv": [0, 0, 16, 16], "rotation": 180, "texture": "#0"}
			}
		},
		{
			"name": "Base-part",
			"from": [8.10568, 6.865, 7.59695],
			"to": [8.15968, 7.135, 8.13695],
			"rotation": {"angle": 0, "axis": "x", "origin": [8.13268, 7, 7.86695]},
			"faces": {
				"north": {"uv": [0, 0, 16, 16], "texture": "#0"},
				"east": {"uv": [0, 0, 16, 16], "rotation": 90, "texture": "#0"},
				"south": {"uv": [0, 0, 16, 16], "rotation": 180, "texture": "#0"},
				"west": {"uv": [0, 0, 16, 16], "rotation": 270, "texture": "#0"},
				"up": {"uv": [0, 0, 16, 16], "texture": "#0"},
				"down": {"uv": [0, 0, 16, 16], "rotation": 180, "texture": "#0"}
			}
		},
		{
			"name": "Base-part",
			"from": [7.64822, 7.09406, 7.59695],
			"to": [7.70222, 7.36406, 8.13695],
			"rotation": {"angle": -22.5, "axis": "z", "origin": [7.7622, 7.02678, 7.86695]},
			"faces": {
				"north": {"uv": [0, 0, 16, 16], "rotation": 180, "texture": "#0"},
				"east": {"uv": [0, 0, 16, 16], "rotation": 90, "texture": "#0"},
				"south": {"uv": [0, 0, 16, 16], "texture": "#0"},
				"west": {"uv": [0, 0, 16, 16], "rotation": 270, "texture": "#0"},
				"up": {"uv": [0, 0, 16, 16], "texture": "#0"},
				"down": {"uv": [0, 0, 16, 16], "rotation": 180, "texture": "#0"}
			}
		},
		{
			"name": "Base-part",
			"from": [7.99093, 7.06384, 7.59695],
			"to": [8.04493, 7.33384, 8.13695],
			"rotation": {"angle": 22.5, "axis": "z", "origin": [7.92343, 7.38784, 7.86695]},
			"faces": {
				"north": {"uv": [0, 0, 16, 16], "texture": "#0"},
				"east": {"uv": [0, 0, 16, 16], "rotation": 90, "texture": "#0"},
				"south": {"uv": [0, 0, 16, 16], "rotation": 180, "texture": "#0"},
				"west": {"uv": [0, 0, 16, 16], "rotation": 270, "texture": "#0"},
				"up": {"uv": [0, 0, 16, 16], "texture": "#0"},
				"down": {"uv": [0, 0, 16, 16], "rotation": 180, "texture": "#0"}
			}
		},
		{
			"name": "Base-part",
			"from": [7.68264, 6.86255, 7.59695],
			"to": [7.73664, 7.13255, 8.13695],
			"rotation": {"angle": 0, "axis": "y", "origin": [7.7622, 7.02678, 7.86695]},
			"faces": {
				"north": {"uv": [0, 0, 16, 16], "rotation": 180, "texture": "#0"},
				"east": {"uv": [0, 0, 16, 16], "rotation": 90, "texture": "#0"},
				"south": {"uv": [0, 0, 16, 16], "texture": "#0"},
				"west": {"uv": [0, 0, 16, 16], "rotation": 270, "texture": "#0"},
				"up": {"uv": [0, 0, 16, 16], "texture": "#0"},
				"down": {"uv": [0, 0, 16, 16], "rotation": 180, "texture": "#0"}
			}
		},
		{
			"name": "Base-part",
			"from": [7.78635, 7.33045, 7.59695],
			"to": [8.05635, 7.38445, 8.13695],
			"rotation": {"angle": 0, "axis": "y", "origin": [7.88085, 6.96595, 7.86695]},
			"faces": {
				"north": {"uv": [0, 0, 16, 16], "rotation": 270, "texture": "#0"},
				"east": {"uv": [0, 0, 16, 16], "rotation": 90, "texture": "#0"},
				"south": {"uv": [0, 0, 16, 16], "rotation": 270, "texture": "#0"},
				"west": {"uv": [0, 0, 16, 16], "rotation": 270, "texture": "#0"},
				"up": {"uv": [0, 0, 16, 16], "texture": "#0"},
				"down": {"uv": [0, 0, 16, 16], "rotation": 180, "texture": "#0"}
			}
		},
		{
			"name": "Base-part",
			"from": [7.77251, 6.83651, 7.59695],
			"to": [8.04251, 6.89051, 8.13695],
			"rotation": {"angle": -45, "axis": "z", "origin": [7.75901, 6.95801, 7.86695]},
			"faces": {
				"north": {"uv": [0, 0, 16, 16], "rotation": 90, "texture": "#0"},
				"east": {"uv": [0, 0, 16, 16], "rotation": 90, "texture": "#0"},
				"south": {"uv": [0, 0, 16, 16], "rotation": 90, "texture": "#0"},
				"west": {"uv": [0, 0, 16, 16], "rotation": 270, "texture": "#0"},
				"up": {"uv": [0, 0, 16, 16], "texture": "#0"},
				"down": {"uv": [0, 0, 16, 16], "rotation": 180, "texture": "#0"}
			}
		},
		{
			"name": "Base-part",
			"from": [7.78603, 6.71023, 7.59695],
			"to": [8.05603, 6.76423, 8.13695],
			"rotation": {"angle": 45, "axis": "z", "origin": [7.92103, 6.91273, 7.86695]},
			"faces": {
				"north": {"uv": [0, 0, 16, 16], "rotation": 90, "texture": "#0"},
				"east": {"uv": [0, 0, 16, 16], "rotation": 90, "texture": "#0"},
				"south": {"uv": [0, 0, 16, 16], "rotation": 90, "texture": "#0"},
				"west": {"uv": [0, 0, 16, 16], "rotation": 270, "texture": "#0"},
				"up": {"uv": [0, 0, 16, 16], "texture": "#0"},
				"down": {"uv": [0, 0, 16, 16], "rotation": 180, "texture": "#0"}
			}
		},
		{
			"name": "Base-part",
			"from": [7.70925, 6.70383, 7.59695],
			"to": [7.77675, 6.77133, 8.13695],
			"rotation": {"angle": 45, "axis": "z", "origin": [7.91175, 6.91983, 7.86695]},
			"faces": {
				"north": {"uv": [0, 0, 16, 16], "rotation": 90, "texture": "#0"},
				"east": {"uv": [0, 0, 16, 16], "rotation": 90, "texture": "#0"},
				"south": {"uv": [0, 0, 16, 16], "rotation": 90, "texture": "#0"},
				"west": {"uv": [0, 0, 16, 16], "rotation": 270, "texture": "#0"},
				"up": {"uv": [0, 0, 16, 16], "texture": "#0"},
				"down": {"uv": [0, 0, 16, 16], "rotation": 180, "texture": "#0"}
			}
		},
		{
			"name": "Base-part",
			"from": [8.27268, 7.648, 7.59695],
			"to": [8.54268, 7.702, 8.13695],
			"rotation": {"angle": 0, "axis": "x", "origin": [8.40768, 7.675, 7.86695]},
			"faces": {
				"north": {"uv": [0, 0, 16, 16], "rotation": 90, "texture": "#0"},
				"east": {"uv": [0, 0, 16, 16], "rotation": 90, "texture": "#0"},
				"south": {"uv": [0, 0, 16, 16], "rotation": 90, "texture": "#0"},
				"west": {"uv": [0, 0, 16, 16], "rotation": 270, "texture": "#0"},
				"up": {"uv": [0, 0, 16, 16], "texture": "#0"},
				"down": {"uv": [0, 0, 16, 16], "rotation": 180, "texture": "#0"}
			}
		},
		{
			"name": "Base-part",
			"from": [8.04362, 7.19055, 7.59695],
			"to": [8.31362, 7.24455, 8.13695],
			"rotation": {"angle": -22.5, "axis": "z", "origin": [8.3809, 7.30452, 7.86695]},
			"faces": {
				"north": {"uv": [0, 0, 16, 16], "rotation": 270, "texture": "#0"},
				"east": {"uv": [0, 0, 16, 16], "rotation": 90, "texture": "#0"},
				"south": {"uv": [0, 0, 16, 16], "rotation": 270, "texture": "#0"},
				"west": {"uv": [0, 0, 16, 16], "rotation": 270, "texture": "#0"},
				"up": {"uv": [0, 0, 16, 16], "texture": "#0"},
				"down": {"uv": [0, 0, 16, 16], "rotation": 180, "texture": "#0"}
			}
		},
		{
			"name": "Base-part",
			"from": [8.07383, 7.53326, 7.59695],
			"to": [8.34383, 7.58726, 8.13695],
			"rotation": {"angle": 22.5, "axis": "z", "origin": [8.01983, 7.46576, 7.86695]},
			"faces": {
				"north": {"uv": [0, 0, 16, 16], "rotation": 90, "texture": "#0"},
				"east": {"uv": [0, 0, 16, 16], "rotation": 90, "texture": "#0"},
				"south": {"uv": [0, 0, 16, 16], "rotation": 90, "texture": "#0"},
				"west": {"uv": [0, 0, 16, 16], "rotation": 270, "texture": "#0"},
				"up": {"uv": [0, 0, 16, 16], "texture": "#0"},
				"down": {"uv": [0, 0, 16, 16], "rotation": 180, "texture": "#0"}
			}
		},
		{
			"name": "Base-part",
			"from": [8.27512, 7.22497, 7.59695],
			"to": [8.54512, 7.27897, 8.13695],
			"rotation": {"angle": 0, "axis": "y", "origin": [8.3809, 7.30452, 7.86695]},
			"faces": {
				"north": {"uv": [0, 0, 16, 16], "rotation": 270, "texture": "#0"},
				"east": {"uv": [0, 0, 16, 16], "rotation": 90, "texture": "#0"},
				"south": {"uv": [0, 0, 16, 16], "rotation": 270, "texture": "#0"},
				"west": {"uv": [0, 0, 16, 16], "rotation": 270, "texture": "#0"},
				"up": {"uv": [0, 0, 16, 16], "texture": "#0"},
				"down": {"uv": [0, 0, 16, 16], "rotation": 180, "texture": "#0"}
			}
		},
		{
			"name": "Base-part",
			"from": [8.02323, 7.32868, 7.59695],
			"to": [8.07723, 7.59868, 8.13695],
			"rotation": {"angle": 0, "axis": "y", "origin": [8.44173, 7.42318, 7.86695]},
			"faces": {
				"north": {"uv": [0, 0, 16, 16], "texture": "#0"},
				"east": {"uv": [0, 0, 16, 16], "rotation": 90, "texture": "#0"},
				"south": {"uv": [0, 0, 16, 16], "rotation": 180, "texture": "#0"},
				"west": {"uv": [0, 0, 16, 16], "rotation": 270, "texture": "#0"},
				"up": {"uv": [0, 0, 16, 16], "texture": "#0"},
				"down": {"uv": [0, 0, 16, 16], "rotation": 180, "texture": "#0"}
			}
		},
		{
			"name": "Base-part",
			"from": [8.51716, 7.31484, 7.59695],
			"to": [8.57116, 7.58484, 8.13695],
			"rotation": {"angle": -45, "axis": "z", "origin": [8.44966, 7.30134, 7.86695]},
			"faces": {
				"north": {"uv": [0, 0, 16, 16], "rotation": 180, "texture": "#0"},
				"east": {"uv": [0, 0, 16, 16], "rotation": 90, "texture": "#0"},
				"south": {"uv": [0, 0, 16, 16], "texture": "#0"},
				"west": {"uv": [0, 0, 16, 16], "rotation": 270, "texture": "#0"},
				"up": {"uv": [0, 0, 16, 16], "texture": "#0"},
				"down": {"uv": [0, 0, 16, 16], "rotation": 180, "texture": "#0"}
			}
		},
		{
			"name": "Base-part",
			"from": [8.64345, 7.32835, 7.59695],
			"to": [8.69745, 7.59835, 8.13695],
			"rotation": {"angle": 45, "axis": "z", "origin": [8.49495, 7.46335, 7.86695]},
			"faces": {
				"north": {"uv": [0, 0, 16, 16], "rotation": 180, "texture": "#0"},
				"east": {"uv": [0, 0, 16, 16], "rotation": 90, "texture": "#0"},
				"south": {"uv": [0, 0, 16, 16], "texture": "#0"},
				"west": {"uv": [0, 0, 16, 16], "rotation": 270, "texture": "#0"},
				"up": {"uv": [0, 0, 16, 16], "texture": "#0"},
				"down": {"uv": [0, 0, 16, 16], "rotation": 180, "texture": "#0"}
			}
		},
		{
			"name": "Base-part",
			"from": [8.63634, 7.25157, 7.59695],
			"to": [8.70384, 7.31907, 8.13695],
			"rotation": {"angle": 45, "axis": "z", "origin": [8.48784, 7.45407, 7.86695]},
			"faces": {
				"north": {"uv": [0, 0, 16, 16], "rotation": 180, "texture": "#0"},
				"east": {"uv": [0, 0, 16, 16], "rotation": 90, "texture": "#0"},
				"south": {"uv": [0, 0, 16, 16], "texture": "#0"},
				"west": {"uv": [0, 0, 16, 16], "rotation": 270, "texture": "#0"},
				"up": {"uv": [0, 0, 16, 16], "texture": "#0"},
				"down": {"uv": [0, 0, 16, 16], "rotation": 180, "texture": "#0"}
			}
		},
		{
			"from": [7.525, 7.35, 7.775],
			"to": [8.25, 7.8, 7.925],
			"faces": {
				"north": {"uv": [0, 0, 16, 16], "texture": "#1"},
				"south": {"uv": [0, 0, 16, 16], "texture": "#1"},
				"down": {"uv": [0, 0, 1.775, 0.15], "texture": "#1"}
			}
		},
		{
			"from": [8.0625, 7.2125, 7.775],
			"to": [8.6625, 7.7125, 7.925],
			"rotation": {"angle": 0, "axis": "z", "origin": [8.4, 7.4625, 7.85]},
			"faces": {
				"north": {"uv": [0, 0, 16, 16], "rotation": 270, "texture": "#1"},
				"south": {"uv": [0, 0, 16, 16], "rotation": 90, "texture": "#1"},
				"west": {"uv": [0, 0, 1.775, 0.15], "rotation": 90, "texture": "#1"}
			}
		},
		{
			"from": [7.65, 6.725, 7.775],
			"to": [8.15, 7.325, 7.925],
			"rotation": {"angle": 0, "axis": "z", "origin": [8.4, 7.4625, 7.85]},
			"faces": {
				"north": {"uv": [0, 0, 16, 16], "rotation": 180, "texture": "#1"},
				"south": {"uv": [0, 0, 16, 16], "rotation": 180, "texture": "#1"},
				"up": {"uv": [0, 0, 1.775, 0.15], "rotation": 180, "texture": "#1"}
			}
		},
		{
			"from": [7.175, 7.2, 7.775],
			"to": [7.775, 7.7, 7.925],
			"rotation": {"angle": 0, "axis": "z", "origin": [7.9, 7.025, 7.85]},
			"faces": {
				"north": {"uv": [0, 0, 16, 16], "rotation": 90, "texture": "#1"},
				"east": {"uv": [0, 0, 1.775, 0.15], "rotation": 270, "texture": "#1"},
				"south": {"uv": [0, 0, 16, 16], "rotation": 270, "texture": "#1"}
			}
		},
		{
			"from": [7.675, 7.625, 7.775],
			"to": [8.175, 8.225, 7.925],
			"rotation": {"angle": 0, "axis": "z", "origin": [7.475, 7.45, 7.85]},
			"faces": {
				"north": {"uv": [0, 0, 16, 16], "texture": "#1"},
				"south": {"uv": [0, 0, 16, 16], "texture": "#1"},
				"down": {"uv": [0, 0, 1.775, 0.15], "texture": "#1"}
			}
		}
	],
	"display": {
		"firstperson_righthand": {
			"translation": [2, 1.5, 0.75]
		},
		"firstperson_lefthand": {
			"translation": [2, 1.5, 0.75]
		},
		"ground": {
			"translation": [0, 3, 0],
			"scale": [4, 4, 4]
		},
		"gui": {
			"rotation": [0, -153.5, 0],
			"translation": [-0.5, 2, 0],
			"scale": [4, 4, 4]
		},
		"head": {
			"translation": [0, 4.5, -6.75],
			"scale": [1.81055, 1.81055, 1.81055]
		},
		"fixed": {
			"translation": [0.5, 2.25, 0],
			"scale": [1.89258, 1.89258, 1.89258]
		}
	},
	"groups": [
		{
			"name": "group",
			"origin": [8, 8, 8],
			"children": [
				{
					"name": "Base",
					"origin": [8, 8, 8],
					"children": [0, 1, 2, 3, 4, 5, 6, 7]
				},
				{
					"name": "Base",
					"origin": [8, 8, 8],
					"children": [8, 9, 10, 11, 12, 13, 14, 15]
				},
				{
					"name": "Base",
					"origin": [8, 8, 8],
					"children": [16, 17, 18, 19, 20, 21, 22, 23]
				},
				{
					"name": "Base",
					"origin": [8, 8, 8],
					"children": [24, 25, 26, 27, 28, 29, 30, 31]
				}
			]
		},
		{
			"name": "group",
			"origin": [8, 8, 8],
			"children": [32, 33, 34, 35, 36]
		}
	]
}