{
	"credit": "Made with Blockbench",
	"texture_size": [32, 32],
	"textures": {
		"0": "./purple_crystal",
		"1": "./nether_portal",
		"particle": "./purple_crystal"
	},
	"elements": [
		{
			"from": [7.7, 9.35, 6.6],
			"to": [8.2, 17.9, 7.1],
			"rotation": {"angle": 0, "axis": "x", "origin": [7.29595, 13.425, 7.20481]},
			"faces": {
				"north": {"uv": [5, 6, 5.125, 8.125], "texture": "#0"},
				"east": {"uv": [6, 5, 6.125, 7.125], "texture": "#0"},
				"south": {"uv": [5.5, 6, 5.625, 8.125], "texture": "#0"},
				"west": {"uv": [6.5, 0, 6.625, 2.125], "texture": "#0"},
				"up": {"uv": [7.625, 3.625, 7.5, 3.5], "texture": "#0"},
				"down": {"uv": [7.625, 4, 7.5, 4.125], "texture": "#0"}
			}
		},
		{
			"from": [7, 7, 7],
			"to": [7.5, 19, 7.5],
			"rotation": {"angle": 0, "axis": "x", "origin": [7.29595, 13.425, 7.20481]},
			"faces": {
				"north": {"uv": [1, 0, 1.125, 3], "texture": "#0"},
				"east": {"uv": [1.5, 0, 1.625, 3], "texture": "#0"},
				"south": {"uv": [2, 0, 2.125, 3], "texture": "#0"},
				"west": {"uv": [0, 2.5, 0.125, 5.5], "texture": "#0"},
				"up": {"uv": [7.125, 3.125, 7, 3], "texture": "#0"},
				"down": {"uv": [7.125, 3.5, 7, 3.625], "texture": "#0"}
			}
		},
		{
			"from": [7.5, 7.85, 7],
			"to": [8, 18.45, 7.5],
			"rotation": {"angle": 0, "axis": "x", "origin": [7.29595, 13.425, 7.20481]},
			"faces": {
				"north": {"uv": [4.5, 0, 4.625, 2.625], "texture": "#0"},
				"east": {"uv": [4.5, 3, 4.625, 5.625], "texture": "#0"},
				"south": {"uv": [5, 0, 5.125, 2.625], "texture": "#0"},
				"west": {"uv": [5, 3, 5.125, 5.625], "texture": "#0"},
				"up": {"uv": [7.125, 4.125, 7, 4], "texture": "#0"},
				"down": {"uv": [7.125, 4.5, 7, 4.625], "texture": "#0"}
			}
		},
		{
			"from": [6.5, 7.35, 7],
			"to": [7, 18.45, 7.5],
			"rotation": {"angle": 0, "axis": "x", "origin": [7.29595, 13.425, 7.20481]},
			"faces": {
				"north": {"uv": [2.5, 0, 2.625, 2.75], "texture": "#0"},
				"east": {"uv": [0.5, 2.5, 0.625, 5.25], "texture": "#0"},
				"south": {"uv": [3, 0, 3.125, 2.75], "texture": "#0"},
				"west": {"uv": [1, 3, 1.125, 5.75], "texture": "#0"},
				"up": {"uv": [7.125, 5.125, 7, 5], "texture": "#0"},
				"down": {"uv": [7.125, 5.5, 7, 5.625], "texture": "#0"}
			}
		},
		{
			"from": [6.7, 7.35, 6.55],
			"to": [7.2, 18.1, 7.05],
			"rotation": {"angle": 0, "axis": "x", "origin": [7.29595, 13.425, 7.20481]},
			"faces": {
				"north": {"uv": [3.5, 0, 3.625, 2.6875], "texture": "#0"},
				"east": {"uv": [3.5, 3, 3.625, 5.6875], "texture": "#0"},
				"south": {"uv": [4, 0, 4.125, 2.6875], "texture": "#0"},
				"west": {"uv": [4, 3, 4.125, 5.6875], "texture": "#0"},
				"up": {"uv": [7.125, 6.125, 7, 6], "texture": "#0"},
				"down": {"uv": [7.125, 6.5, 7, 6.625], "texture": "#0"}
			}
		},
		{
			"from": [7.2, 8.45, 6.25],
			"to": [7.7, 17.15, 7.05],
			"rotation": {"angle": 0, "axis": "x", "origin": [7.29595, 13.425, 7.20481]},
			"faces": {
				"north": {"uv": [6, 0, 6.125, 2.1875], "texture": "#0"},
				"east": {"uv": [0, 0, 0.1875, 2.1875], "texture": "#0"},
				"south": {"uv": [1, 6, 1.125, 8.1875], "texture": "#0"},
				"west": {"uv": [0.5, 0, 0.6875, 2.1875], "texture": "#0"},
				"up": {"uv": [7.125, 2.1875, 7, 2], "texture": "#0"},
				"down": {"uv": [7.125, 2.5, 7, 2.6875], "texture": "#0"}
			}
		},
		{
			"from": [6.2, 9, 6.8],
			"to": [6.7, 17.7, 7.3],
			"rotation": {"angle": 0, "axis": "x", "origin": [7.29595, 13.425, 7.20481]},
			"faces": {
				"north": {"uv": [1.5, 6, 1.625, 8.1875], "texture": "#0"},
				"east": {"uv": [2, 6, 2.125, 8.1875], "texture": "#0"},
				"south": {"uv": [2.5, 6, 2.625, 8.1875], "texture": "#0"},
				"west": {"uv": [6, 2.5, 6.125, 4.6875], "texture": "#0"},
				"up": {"uv": [7.125, 7.125, 7, 7], "texture": "#0"},
				"down": {"uv": [7.625, 0, 7.5, 0.125], "texture": "#0"}
			}
		},
		{
			"from": [6.35, 7.95, 7.3],
			"to": [6.85, 18.15, 7.8],
			"rotation": {"angle": 0, "axis": "x", "origin": [7.29595, 13.425, 7.20481]},
			"faces": {
				"north": {"uv": [0, 5.5, 0.125, 8.0625], "texture": "#0"},
				"east": {"uv": [5.5, 0, 5.625, 2.5625], "texture": "#0"},
				"south": {"uv": [0.5, 5.5, 0.625, 8.0625], "texture": "#0"},
				"west": {"uv": [5.5, 3, 5.625, 5.5625], "texture": "#0"},
				"up": {"uv": [7.625, 0.625, 7.5, 0.5], "texture": "#0"},
				"down": {"uv": [7.625, 1, 7.5, 1.125], "texture": "#0"}
			}
		},
		{
			"from": [6.85, 7.55, 7.3],
			"to": [7.35, 18.6, 7.8],
			"rotation": {"angle": 0, "axis": "x", "origin": [7.29595, 13.425, 7.20481]},
			"faces": {
				"north": {"uv": [1.5, 3, 1.625, 5.75], "texture": "#0"},
				"east": {"uv": [2, 3, 2.125, 5.75], "texture": "#0"},
				"south": {"uv": [2.5, 3, 2.625, 5.75], "texture": "#0"},
				"west": {"uv": [3, 3, 3.125, 5.75], "texture": "#0"},
				"up": {"uv": [7.625, 1.625, 7.5, 1.5], "texture": "#0"},
				"down": {"uv": [7.625, 2, 7.5, 2.125], "texture": "#0"}
			}
		},
		{
			"from": [7.35, 9.35, 7.3],
			"to": [7.85, 17.9, 7.8],
			"rotation": {"angle": 0, "axis": "x", "origin": [7.29595, 13.425, 7.20481]},
			"faces": {
				"north": {"uv": [3, 6, 3.125, 8.125], "texture": "#0"},
				"east": {"uv": [3.5, 6, 3.625, 8.125], "texture": "#0"},
				"south": {"uv": [4, 6, 4.125, 8.125], "texture": "#0"},
				"west": {"uv": [4.5, 6, 4.625, 8.125], "texture": "#0"},
				"up": {"uv": [7.625, 2.625, 7.5, 2.5], "texture": "#0"},
				"down": {"uv": [7.625, 3, 7.5, 3.125], "texture": "#0"}
			}
		},
		{
			"from": [6.85, 10.25, 7.8],
			"to": [7.35, 16.6, 8.3],
			"rotation": {"angle": 0, "axis": "x", "origin": [7.29595, 13.425, 7.20481]},
			"faces": {
				"north": {"uv": [6.5, 2.5, 6.625, 4.0625], "texture": "#0"},
				"east": {"uv": [6.5, 4.5, 6.625, 6.0625], "texture": "#0"},
				"south": {"uv": [6.5, 6.5, 6.625, 8.0625], "texture": "#0"},
				"west": {"uv": [7, 0, 7.125, 1.5625], "texture": "#0"},
				"up": {"uv": [7.625, 4.625, 7.5, 4.5], "texture": "#0"},
				"down": {"uv": [7.625, 5, 7.5, 5.125], "texture": "#0"}
			}
		},
		{
			"from": [6.23151, 16.2, 9.06493],
			"to": [6.53151, 18.2, 9.06493],
			"rotation": {"angle": 0, "axis": "x", "origin": [7.29595, 13.425, 7.20481]},
			"faces": {
				"north": {"uv": [0, 0, 16, 16], "texture": "#1"},
				"east": {"uv": [0, 0, 16, 16], "texture": "#1"},
				"south": {"uv": [0, 0, 16, 16], "texture": "#1"},
				"west": {"uv": [0, 0, 16, 16], "texture": "#1"},
				"up": {"uv": [0, 0, 16, 16], "texture": "#1"},
				"down": {"uv": [0, 0, 16, 16], "texture": "#1"}
			}
		},
		{
			"from": [5.4, 19, 8.8],
			"to": [5.7, 21, 8.8],
			"rotation": {"angle": 0, "axis": "x", "origin": [7.29595, 13.425, 7.20481]},
			"faces": {
				"north": {"uv": [0, 0, 16, 16], "texture": "#1"},
				"east": {"uv": [0, 0, 16, 16], "texture": "#1"},
				"south": {"uv": [0, 0, 16, 16], "texture": "#1"},
				"west": {"uv": [0, 0, 16, 16], "texture": "#1"},
				"up": {"uv": [0, 0, 16, 16], "texture": "#1"},
				"down": {"uv": [0, 0, 16, 16], "texture": "#1"}
			}
		},
		{
			"from": [4.63151, 12.45, 5.41493],
			"to": [4.93151, 14.45, 5.41493],
			"rotation": {"angle": 0, "axis": "x", "origin": [7.29595, 13.425, 7.20481]},
			"faces": {
				"north": {"uv": [0, 0, 16, 16], "texture": "#1"},
				"east": {"uv": [0, 0, 16, 16], "texture": "#1"},
				"south": {"uv": [0, 0, 16, 16], "texture": "#1"},
				"west": {"uv": [0, 0, 16, 16], "texture": "#1"},
				"up": {"uv": [0, 0, 16, 16], "texture": "#1"},
				"down": {"uv": [0, 0, 16, 16], "texture": "#1"}
			}
		},
		{
			"from": [8.45, 13.65, 5.15],
			"to": [8.75, 15.65, 5.15],
			"rotation": {"angle": 0, "axis": "x", "origin": [7.29595, 13.425, 7.20481]},
			"faces": {
				"north": {"uv": [0, 0, 16, 16], "texture": "#1"},
				"east": {"uv": [0, 0, 16, 16], "texture": "#1"},
				"south": {"uv": [0, 0, 16, 16], "texture": "#1"},
				"west": {"uv": [0, 0, 16, 16], "texture": "#1"},
				"up": {"uv": [0, 0, 16, 16], "texture": "#1"},
				"down": {"uv": [0, 0, 16, 16], "texture": "#1"}
			}
		},
		{
			"from": [7.68151, 17.45, 7.81493],
			"to": [7.98151, 19.45, 7.81493],
			"rotation": {"angle": 0, "axis": "x", "origin": [7.29595, 13.425, 7.20481]},
			"faces": {
				"north": {"uv": [0, 0, 16, 16], "texture": "#1"},
				"east": {"uv": [0, 0, 16, 16], "texture": "#1"},
				"south": {"uv": [0, 0, 16, 16], "texture": "#1"},
				"west": {"uv": [0, 0, 16, 16], "texture": "#1"},
				"up": {"uv": [0, 0, 16, 16], "texture": "#1"},
				"down": {"uv": [0, 0, 16, 16], "texture": "#1"}
			}
		},
		{
			"from": [8.64123, 10.1, 7.84824],
			"to": [8.94123, 12.1, 7.84824],
			"rotation": {"angle": 0, "axis": "x", "origin": [7.29595, 13.425, 7.20481]},
			"faces": {
				"north": {"uv": [0, 0, 16, 16], "texture": "#1"},
				"east": {"uv": [0, 0, 16, 16], "texture": "#1"},
				"south": {"uv": [0, 0, 16, 16], "texture": "#1"},
				"west": {"uv": [0, 0, 16, 16], "texture": "#1"},
				"up": {"uv": [0, 0, 16, 16], "texture": "#1"},
				"down": {"uv": [0, 0, 16, 16], "texture": "#1"}
			}
		},
		{
			"from": [9.15, 7.85, 5.85],
			"to": [9.45, 9.85, 5.85],
			"rotation": {"angle": 0, "axis": "x", "origin": [7.29595, 13.425, 7.20481]},
			"faces": {
				"north": {"uv": [0, 0, 16, 16], "texture": "#1"},
				"east": {"uv": [0, 0, 16, 16], "texture": "#1"},
				"south": {"uv": [0, 0, 16, 16], "texture": "#1"},
				"west": {"uv": [0, 0, 16, 16], "texture": "#1"},
				"up": {"uv": [0, 0, 16, 16], "texture": "#1"},
				"down": {"uv": [0, 0, 16, 16], "texture": "#1"}
			}
		},
		{
			"from": [7.34123, 5.65, 5.89824],
			"to": [7.64123, 7.65, 5.89824],
			"rotation": {"angle": 0, "axis": "x", "origin": [7.29595, 13.425, 7.20481]},
			"faces": {
				"north": {"uv": [0, 0, 16, 16], "texture": "#1"},
				"east": {"uv": [0, 0, 16, 16], "texture": "#1"},
				"south": {"uv": [0, 0, 16, 16], "texture": "#1"},
				"west": {"uv": [0, 0, 16, 16], "texture": "#1"},
				"up": {"uv": [0, 0, 16, 16], "texture": "#1"},
				"down": {"uv": [0, 0, 16, 16], "texture": "#1"}
			}
		}
	],
	"display": {
		"thirdperson_righthand": {
			"translation": [0, -2.75, 2.25]
		},
		"thirdperson_lefthand": {
			"translation": [0, -2.75, 2.25]
		},
		"firstperson_righthand": {
			"translation": [0, -2.75, 2.25]
		},
		"firstperson_lefthand": {
			"translation": [0, -2.75, 2.25]
		},
		"ground": {
			"translation": [0, -2.75, 2.25]
		},
		"gui": {
			"translation": [0, -7, 2.25],
			"scale": [1.31836, 1.31836, 1.31836]
		},
		"head": {
			"translation": [0, -2.75, 2.25]
		},
		"fixed": {
			"rotation": [0, 97.25, 0],
			"translation": [0, -7.25, -19],
			"scale": [4, 4, 4]
		}
	},
	"groups": [
		{
			"name": "Base",
			"origin": [8, 8, 8],
			"children": [0, 1, 2, 3, 4, 5, 6, 7, 8, 9, 10,
				{
					"name": "effects",
					"origin": [0, 0, 0],
					"children": [11, 12, 13, 14, 15, 16, 17, 18]
				}
			]
		}
	]
}