{
	"credit": "Made with Blockbench",
	"textures": {
		"0": "./laila",
		"particle": "./Eleon-Pack-1.16.4/assets/minecraft/optifine/cit/misc/laila",
		"staff_bermundes_hermit_staff": "./staff_bermundes_hermit_staff"
	},
	"elements": [
		{
			"name": "head",
			"from": [4, 18.475, 4],
			"to": [12, 26.475, 12],
			"faces": {
				"north": {"uv": [2, 2, 4, 4], "texture": "#0"},
				"east": {"uv": [0, 2, 2, 4], "texture": "#0"},
				"south": {"uv": [6, 2, 8, 4], "texture": "#0"},
				"west": {"uv": [4, 2, 6, 4], "texture": "#0"},
				"up": {"uv": [4, 2, 2, 0], "texture": "#0"},
				"down": {"uv": [6, 0, 4, 2], "texture": "#0"}
			}
		},
		{
			"name": "body",
			"from": [4, 6.475, 6],
			"to": [12, 18.475, 10],
			"faces": {
				"north": {"uv": [5, 5, 7, 8], "texture": "#0"},
				"east": {"uv": [4, 5, 5, 8], "texture": "#0"},
				"south": {"uv": [8, 5, 10, 8], "texture": "#0"},
				"west": {"uv": [7, 5, 8, 8], "texture": "#0"},
				"up": {"uv": [7, 5, 5, 4], "texture": "#0"},
				"down": {"uv": [9, 4, 7, 5], "texture": "#0"}
			}
		},
		{
			"name": "right_arm",
			"from": [12, 13.6, -1.925],
			"to": [15, 17.6, 10.075],
			"rotation": {"angle": 0, "axis": "x", "origin": [13.5, 17.5, 8]},
			"faces": {
				"north": {"uv": [12.5, 4, 11.75, 5], "rotation": 180, "texture": "#0"},
				"east": {"uv": [10, 5, 11, 8], "rotation": 270, "texture": "#0"},
				"south": {"uv": [11.75, 5, 11, 4], "texture": "#0"},
				"west": {"uv": [11.75, 5, 12.75, 8], "rotation": 90, "texture": "#0"},
				"up": {"uv": [11, 5, 11.75, 8], "rotation": 180, "texture": "#0"},
				"down": {"uv": [12.75, 5, 13.5, 8], "texture": "#0"}
			}
		},
		{
			"name": "left_arm",
			"from": [1, 6.475, 6],
			"to": [4, 18.475, 10],
			"faces": {
				"north": {"uv": [9, 13, 9.75, 16], "texture": "#0"},
				"east": {"uv": [8, 13, 9, 16], "texture": "#0"},
				"south": {"uv": [10.75, 13, 11.5, 16], "texture": "#0"},
				"west": {"uv": [9.75, 13, 10.75, 16], "texture": "#0"},
				"up": {"uv": [9.75, 13, 9, 12], "texture": "#0"},
				"down": {"uv": [10.5, 12, 9.75, 13], "texture": "#0"}
			}
		},
		{
			"name": "right_leg",
			"from": [4, -5.525, 6],
			"to": [8, 6.475, 10],
			"faces": {
				"north": {"uv": [5, 13, 6, 16], "texture": "#0"},
				"east": {"uv": [4, 13, 5, 16], "texture": "#0"},
				"south": {"uv": [7, 13, 8, 16], "texture": "#0"},
				"west": {"uv": [6, 13, 7, 16], "texture": "#0"},
				"up": {"uv": [6, 13, 5, 12], "texture": "#0"},
				"down": {"uv": [7, 12, 6, 13], "texture": "#0"}
			}
		},
		{
			"name": "left_leg",
			"from": [8, -5.525, 6],
			"to": [12, 6.475, 10],
			"faces": {
				"north": {"uv": [1, 5, 2, 8], "texture": "#0"},
				"east": {"uv": [0, 5, 1, 8], "texture": "#0"},
				"south": {"uv": [3, 5, 4, 8], "texture": "#0"},
				"west": {"uv": [2, 5, 3, 8], "texture": "#0"},
				"up": {"uv": [2, 5, 1, 4], "texture": "#0"},
				"down": {"uv": [3, 4, 2, 5], "texture": "#0"}
			}
		},
		{
			"name": "head_2nd_layer",
			"from": [3.5, 17.975, 3.5],
			"to": [12.5, 26.975, 12.5],
			"faces": {
				"north": {"uv": [10, 2, 12, 4], "texture": "#0"},
				"east": {"uv": [8, 2, 10, 4], "texture": "#0"},
				"south": {"uv": [14, 2, 16, 4], "texture": "#0"},
				"west": {"uv": [12, 2, 14, 4], "texture": "#0"},
				"up": {"uv": [12, 2, 10, 0], "texture": "#0"},
				"down": {"uv": [14, 0, 12, 2], "texture": "#0"}
			}
		},
		{
			"name": "body_2nd_layer",
			"from": [4, 5.995, 5.49],
			"to": [12, 19.005, 10.49],
			"faces": {
				"north": {"uv": [5, 9, 7, 12], "texture": "#0"},
				"east": {"uv": [4, 9, 5, 12], "texture": "#0"},
				"south": {"uv": [8, 9, 10, 12], "texture": "#0"},
				"west": {"uv": [7, 9, 8, 12], "texture": "#0"},
				"up": {"uv": [7, 9, 5, 8], "texture": "#0"},
				"down": {"uv": [9, 8, 7, 9], "texture": "#0"}
			}
		},
		{
			"name": "right_arm_2nd_layer",
			"from": [11.5, 13.1, -2.425],
			"to": [15.5, 18.1, 10.575],
			"rotation": {"angle": 0, "axis": "x", "origin": [13.5, 17.5, 8]},
			"faces": {
				"north": {"uv": [12.5, 8, 11.75, 9], "rotation": 180, "texture": "#0"},
				"east": {"uv": [10, 9, 11, 12], "rotation": 270, "texture": "#0"},
				"south": {"uv": [11.75, 9, 11, 8], "texture": "#0"},
				"west": {"uv": [11.75, 9, 12.75, 12], "rotation": 90, "texture": "#0"},
				"up": {"uv": [10.75, 9, 11.5, 12], "rotation": 180, "texture": "#0"},
				"down": {"uv": [12.75, 9, 13.5, 12], "texture": "#0"}
			}
		},
		{
			"name": "left_arm_2nd_layer",
			"from": [0.5, 5.975, 5.5],
			"to": [4.5, 18.975, 10.5],
			"faces": {
				"north": {"uv": [13, 13, 13.75, 16], "texture": "#0"},
				"east": {"uv": [12, 13, 13, 16], "texture": "#0"},
				"south": {"uv": [14.75, 13, 15.5, 16], "texture": "#0"},
				"west": {"uv": [13.75, 13, 14.75, 16], "texture": "#0"},
				"up": {"uv": [13.75, 13, 13, 12], "texture": "#0"},
				"down": {"uv": [14.5, 12, 13.75, 13], "texture": "#0"}
			}
		},
		{
			"name": "right_leg_2nd_layer",
			"from": [7.5, -6.025, 5.5],
			"to": [12.5, 6.975, 10.5],
			"faces": {
				"north": {"uv": [1, 9, 2, 12], "texture": "#0"},
				"east": {"uv": [0, 9, 1, 12], "texture": "#0"},
				"south": {"uv": [3, 9, 4, 12], "texture": "#0"},
				"west": {"uv": [0, 9, 1, 12], "texture": "#0"},
				"up": {"uv": [2, 9, 1, 8], "texture": "#0"},
				"down": {"uv": [3, 8, 2, 9], "texture": "#0"}
			}
		},
		{
			"name": "left_leg_2nd_layer",
			"from": [3.5, -6.025, 5.5],
			"to": [8.5, 6.975, 10.5],
			"faces": {
				"north": {"uv": [1, 13, 2, 16], "texture": "#0"},
				"east": {"uv": [0, 13, 1, 16], "texture": "#0"},
				"south": {"uv": [3, 13, 4, 16], "texture": "#0"},
				"west": {"uv": [2, 13, 3, 16], "texture": "#0"},
				"up": {"uv": [2, 13, 1, 12], "texture": "#0"},
				"down": {"uv": [3, 12, 2, 13], "texture": "#0"}
			}
		},
		{
			"name": "Box1",
			"from": [10.8, 29.0625, -1.875],
			"to": [13.8, 30.0625, -0.875],
			"rotation": {"angle": 0, "axis": "y", "origin": [8, 8, 8]},
			"faces": {
				"north": {"uv": [8.25, 1.25, 6.75, 1.75], "texture": "#staff_bermundes_hermit_staff"},
				"east": {"uv": [8.25, 1.25, 8, 1.75], "texture": "#staff_bermundes_hermit_staff"},
				"south": {"uv": [6.75, 1.25, 8.25, 1.75], "texture": "#staff_bermundes_hermit_staff"},
				"west": {"uv": [6.75, 1.25, 7, 1.75], "texture": "#staff_bermundes_hermit_staff"},
				"up": {"uv": [6.75, 1.5, 8.25, 1.25], "texture": "#staff_bermundes_hermit_staff"},
				"down": {"uv": [6.75, 1.5, 8.25, 1.75], "texture": "#staff_bermundes_hermit_staff"}
			}
		},
		{
			"name": "Box3",
			"from": [11.3, 26.0625, -2.125],
			"to": [15.3, 27.0625, -0.625],
			"rotation": {"angle": 0, "axis": "y", "origin": [8, 8, 8]},
			"faces": {
				"north": {"uv": [9, 2.75, 7, 3.25], "texture": "#staff_bermundes_hermit_staff"},
				"east": {"uv": [9, 3.25, 8.75, 2.75], "rotation": 180, "texture": "#staff_bermundes_hermit_staff"},
				"south": {"uv": [7, 2.75, 9, 3.25], "texture": "#staff_bermundes_hermit_staff"},
				"up": {"uv": [7, 3, 9, 2.75], "texture": "#staff_bermundes_hermit_staff"},
				"down": {"uv": [7, 3, 9, 3.25], "texture": "#staff_bermundes_hermit_staff"}
			}
		},
		{
			"name": "Box4",
			"from": [11.3, 25.5625, -2.125],
			"to": [14.8, 26.0625, -0.625],
			"rotation": {"angle": 0, "axis": "y", "origin": [8, 8, 8]},
			"faces": {
				"north": {"uv": [8.75, 3.25, 7, 3.5], "texture": "#staff_bermundes_hermit_staff"},
				"east": {"uv": [8.75, 3.5, 8.5, 3.25], "rotation": 180, "texture": "#staff_bermundes_hermit_staff"},
				"south": {"uv": [7, 3.25, 8.75, 3.5], "texture": "#staff_bermundes_hermit_staff"},
				"down": {"uv": [7, 3.25, 8.75, 3.5], "texture": "#staff_bermundes_hermit_staff"}
			}
		},
		{
			"name": "Box5",
			"from": [11.3, 25.0625, -2.125],
			"to": [14.3, 25.5625, -0.625],
			"rotation": {"angle": 0, "axis": "y", "origin": [8, 8, 8]},
			"faces": {
				"north": {"uv": [8.5, 3.5, 7, 3.75], "texture": "#staff_bermundes_hermit_staff"},
				"east": {"uv": [8.5, 3.75, 8.25, 3.5], "rotation": 180, "texture": "#staff_bermundes_hermit_staff"},
				"south": {"uv": [7, 3.5, 8.5, 3.75], "texture": "#staff_bermundes_hermit_staff"},
				"down": {"uv": [7, 3.5, 8.5, 3.75], "texture": "#staff_bermundes_hermit_staff"}
			}
		},
		{
			"name": "Box6",
			"from": [11.3, 19.0625, -2.375],
			"to": [13.3, 23.5625, -0.375],
			"rotation": {"angle": 0, "axis": "y", "origin": [8, 8, 8]},
			"faces": {
				"north": {"uv": [8, 4.75, 7, 6.75], "texture": "#staff_bermundes_hermit_staff"},
				"east": {"uv": [8, 4.75, 7.75, 6.75], "texture": "#staff_bermundes_hermit_staff"},
				"south": {"uv": [7, 4.75, 8, 6.75], "texture": "#staff_bermundes_hermit_staff"},
				"west": {"uv": [7, 4.75, 7.25, 6.75], "texture": "#staff_bermundes_hermit_staff"},
				"down": {"uv": [7, 6.5, 8, 6.75], "texture": "#staff_bermundes_hermit_staff"}
			}
		},
		{
			"name": "Box7",
			"from": [11.3, -1.2125, -2.375],
			"to": [15.3, 1.2875, -0.375],
			"rotation": {"angle": 0, "axis": "y", "origin": [8, 8, 8]},
			"faces": {
				"north": {"uv": [9, 12.25, 7, 13.5], "texture": "#staff_bermundes_hermit_staff"},
				"south": {"uv": [7, 12.25, 9, 13.5], "texture": "#staff_bermundes_hermit_staff"},
				"west": {"uv": [7, 12.25, 7.25, 13.5], "texture": "#staff_bermundes_hermit_staff"},
				"up": {"uv": [7, 12.5, 9, 12.25], "texture": "#staff_bermundes_hermit_staff"},
				"down": {"uv": [7, 13.25, 9, 13.5], "texture": "#staff_bermundes_hermit_staff"}
			}
		},
		{
			"name": "Box8",
			"from": [11.8, 28.0625, -1.875],
			"to": [12.8, 31.0625, -0.875],
			"rotation": {"angle": 0, "axis": "y", "origin": [8, 8, 8]},
			"faces": {
				"north": {"uv": [7.75, 0.75, 7.25, 2.25], "texture": "#staff_bermundes_hermit_staff"},
				"east": {"uv": [7.75, 2.25, 7.5, 0.75], "rotation": 180, "texture": "#staff_bermundes_hermit_staff"},
				"south": {"uv": [7.25, 0.75, 7.75, 2.25], "texture": "#staff_bermundes_hermit_staff"},
				"west": {"uv": [7.25, 0.75, 7.5, 2.25], "texture": "#staff_bermundes_hermit_staff"},
				"up": {"uv": [7.25, 1, 7.75, 0.75], "texture": "#staff_bermundes_hermit_staff"},
				"down": {"uv": [7.25, 2, 7.75, 2.25], "texture": "#staff_bermundes_hermit_staff"}
			}
		},
		{
			"name": "Box9",
			"from": [11.8, -4.2125, -2.375],
			"to": [13.8, -2.2125, -0.375],
			"rotation": {"angle": 0, "axis": "y", "origin": [8, 8, 8]},
			"faces": {
				"north": {"uv": [8.25, 14, 7.25, 15], "texture": "#staff_bermundes_hermit_staff"},
				"east": {"uv": [8.25, 14, 8, 15], "texture": "#staff_bermundes_hermit_staff"},
				"south": {"uv": [7.25, 14, 8.25, 15], "texture": "#staff_bermundes_hermit_staff"},
				"west": {"uv": [7.25, 14, 7.5, 15], "texture": "#staff_bermundes_hermit_staff"},
				"up": {"uv": [7.25, 14.25, 8.25, 14], "texture": "#staff_bermundes_hermit_staff"},
				"down": {"uv": [7.25, 14.75, 8.25, 15], "texture": "#staff_bermundes_hermit_staff"}
			}
		},
		{
			"name": "Box11",
			"from": [12.3, 2.2875, -2.375],
			"to": [14.3, 4.7875, -0.375],
			"rotation": {"angle": 0, "axis": "y", "origin": [8, 8, 8]},
			"faces": {
				"north": {"uv": [8.5, 10.5, 7.5, 11.75], "texture": "#staff_bermundes_hermit_staff"},
				"east": {"uv": [8.5, 11.75, 8.25, 10.5], "rotation": 180, "texture": "#staff_bermundes_hermit_staff"},
				"south": {"uv": [7.5, 10.5, 8.5, 11.75], "texture": "#staff_bermundes_hermit_staff"},
				"west": {"uv": [7.5, 10.5, 7.75, 11.75], "texture": "#staff_bermundes_hermit_staff"},
				"up": {"uv": [7.5, 10.75, 8.5, 10.5], "texture": "#staff_bermundes_hermit_staff"},
				"down": {"uv": [7.5, 11.5, 8.5, 11.75], "texture": "#staff_bermundes_hermit_staff"}
			}
		},
		{
			"name": "Box12",
			"from": [12.8, 16.5625, -1.875],
			"to": [15.3, 19.5625, -0.875],
			"rotation": {"angle": 0, "axis": "y", "origin": [8, 8, 8]},
			"faces": {
				"north": {"uv": [9, 6.5, 7.75, 8], "texture": "#staff_bermundes_hermit_staff"},
				"east": {"uv": [9, 6.5, 8.75, 8], "texture": "#staff_bermundes_hermit_staff"},
				"south": {"uv": [7.75, 6.5, 9, 8], "texture": "#staff_bermundes_hermit_staff"},
				"west": {"uv": [7.75, 6.5, 8, 8], "texture": "#staff_bermundes_hermit_staff"},
				"up": {"uv": [7.75, 6.75, 9, 6.5], "texture": "#staff_bermundes_hermit_staff"},
				"down": {"uv": [7.75, 7.75, 9, 8], "texture": "#staff_bermundes_hermit_staff"}
			}
		},
		{
			"name": "Box13",
			"from": [12.8, -5.7125, -1.875],
			"to": [13.8, 14.0625, -0.875],
			"rotation": {"angle": 0, "axis": "y", "origin": [8, 8, 8]},
			"faces": {
				"north": {"uv": [8.25, 8, 7.75, 15.75], "texture": "#staff_bermundes_hermit_staff"},
				"east": {"uv": [8.25, 15.75, 8, 8], "rotation": 180, "texture": "#staff_bermundes_hermit_staff"},
				"south": {"uv": [7.75, 8, 8.25, 15.75], "texture": "#staff_bermundes_hermit_staff"},
				"west": {"uv": [7.75, 8, 8, 15.75], "texture": "#staff_bermundes_hermit_staff"},
				"down": {"uv": [7.75, 15.5, 8.25, 15.75], "texture": "#staff_bermundes_hermit_staff"}
			}
		},
		{
			"name": "Box14",
			"from": [13.8, 30.5625, -1.875],
			"to": [14.8, 31.5625, -0.875],
			"rotation": {"angle": 0, "axis": "y", "origin": [8, 8, 8]},
			"faces": {
				"north": {"uv": [8.75, 0.5, 8.25, 1], "texture": "#staff_bermundes_hermit_staff"},
				"east": {"uv": [8.75, 1, 8.5, 0.5], "rotation": 180, "texture": "#staff_bermundes_hermit_staff"},
				"south": {"uv": [8.25, 0.5, 8.75, 1], "texture": "#staff_bermundes_hermit_staff"},
				"west": {"uv": [8.25, 0.5, 8.5, 1], "texture": "#staff_bermundes_hermit_staff"},
				"up": {"uv": [8.25, 0.75, 8.75, 0.5], "texture": "#staff_bermundes_hermit_staff"},
				"down": {"uv": [8.25, 0.75, 8.75, 1], "texture": "#staff_bermundes_hermit_staff"}
			}
		},
		{
			"name": "Box15",
			"from": [13.8, 27.0625, -2.125],
			"to": [15.3, 27.5625, -0.625],
			"rotation": {"angle": 0, "axis": "y", "origin": [8, 8, 8]},
			"faces": {
				"north": {"uv": [9, 2.5, 8.25, 2.75], "texture": "#staff_bermundes_hermit_staff"},
				"east": {"uv": [9, 2.75, 8.75, 2.5], "rotation": 180, "texture": "#staff_bermundes_hermit_staff"},
				"south": {"uv": [8.25, 2.5, 9, 2.75], "texture": "#staff_bermundes_hermit_staff"},
				"west": {"uv": [8.25, 2.5, 8.5, 2.75], "texture": "#staff_bermundes_hermit_staff"},
				"up": {"uv": [8.25, 2.75, 9, 2.5], "texture": "#staff_bermundes_hermit_staff"}
			}
		},
		{
			"name": "Box16",
			"from": [13.3, 19.5625, -2.125],
			"to": [15.3, 24.0625, -0.625],
			"rotation": {"angle": 0, "axis": "y", "origin": [8, 8, 8]},
			"faces": {
				"north": {"uv": [9, 4.25, 8, 6.5], "texture": "#staff_bermundes_hermit_staff"},
				"east": {"uv": [9, 4.25, 8.75, 6.5], "texture": "#staff_bermundes_hermit_staff"},
				"south": {"uv": [8, 4.25, 9, 6.5], "texture": "#staff_bermundes_hermit_staff"},
				"west": {"uv": [8, 4.25, 8.25, 6.5], "texture": "#staff_bermundes_hermit_staff"},
				"up": {"uv": [8, 4.5, 9, 4.25], "texture": "#staff_bermundes_hermit_staff"},
				"down": {"uv": [8, 6.25, 9, 6.5], "texture": "#staff_bermundes_hermit_staff"}
			}
		},
		{
			"name": "Box17",
			"from": [13.3, -2.2125, -2.375],
			"to": [15.3, 1.7875, -0.375],
			"rotation": {"angle": 0, "axis": "y", "origin": [8, 8, 8]},
			"faces": {
				"north": {"uv": [9, 12, 8, 14], "texture": "#staff_bermundes_hermit_staff"},
				"east": {"uv": [9, 12, 8.75, 14], "texture": "#staff_bermundes_hermit_staff"},
				"south": {"uv": [8, 12, 9, 14], "texture": "#staff_bermundes_hermit_staff"},
				"west": {"uv": [8, 12, 8.25, 14], "texture": "#staff_bermundes_hermit_staff"},
				"up": {"uv": [8, 12.25, 9, 12], "texture": "#staff_bermundes_hermit_staff"},
				"down": {"uv": [8, 13.75, 9, 14], "texture": "#staff_bermundes_hermit_staff"}
			}
		},
		{
			"name": "Box18",
			"from": [14.3, 27.5625, -2.125],
			"to": [15.3, 28.5625, -0.625],
			"rotation": {"angle": 0, "axis": "y", "origin": [8, 8, 8]},
			"faces": {
				"north": {"uv": [9, 2, 8.5, 2.5], "texture": "#staff_bermundes_hermit_staff"},
				"east": {"uv": [9, 2.5, 8.75, 2], "rotation": 180, "texture": "#staff_bermundes_hermit_staff"},
				"south": {"uv": [8.5, 2, 9, 2.5], "texture": "#staff_bermundes_hermit_staff"},
				"west": {"uv": [8.5, 2, 8.75, 2.5], "texture": "#staff_bermundes_hermit_staff"},
				"up": {"uv": [8.5, 2.25, 9, 2], "texture": "#staff_bermundes_hermit_staff"}
			}
		},
		{
			"name": "Box16",
			"from": [13.3, 24.0625, -2.125],
			"to": [13.8, 25.0625, -0.625],
			"rotation": {"angle": 0, "axis": "y", "origin": [8, 8, 8]},
			"faces": {
				"north": {"uv": [8.25, 3.75, 8, 4.25], "texture": "#staff_bermundes_hermit_staff"},
				"east": {"uv": [8.25, 3.75, 8, 4.25], "texture": "#staff_bermundes_hermit_staff"},
				"south": {"uv": [8, 3.75, 8.25, 4.25], "texture": "#staff_bermundes_hermit_staff"}
			}
		},
		{
			"name": "Box6",
			"from": [11.3, 23.5625, -2.625],
			"to": [13.3, 27.0625, -0.125],
			"rotation": {"angle": 0, "axis": "y", "origin": [8, 8, 8]},
			"faces": {
				"north": {"uv": [8, 2.75, 7, 4.75], "texture": "#staff_bermundes_hermit_staff"},
				"east": {"uv": [8, 2.75, 7.75, 4.75], "texture": "#staff_bermundes_hermit_staff"},
				"south": {"uv": [7, 2.75, 8, 4.75], "texture": "#staff_bermundes_hermit_staff"},
				"west": {"uv": [7, 2.75, 7.25, 4.75], "texture": "#staff_bermundes_hermit_staff"},
				"up": {"uv": [7, 3, 8, 2.75], "texture": "#staff_bermundes_hermit_staff"},
				"down": {"uv": [7, 4.5, 8, 4.75], "texture": "#staff_bermundes_hermit_staff"}
			}
		},
		{
			"name": "Box2",
			"from": [11.3, 28.5625, -2.375],
			"to": [13.3, 30.5625, -0.375],
			"rotation": {"angle": 0, "axis": "y", "origin": [8, 8, 8]},
			"faces": {
				"north": {"uv": [8, 1, 7, 2], "texture": "#staff_bermundes_hermit_staff"},
				"east": {"uv": [8, 2, 7.75, 1], "rotation": 180, "texture": "#staff_bermundes_hermit_staff"},
				"south": {"uv": [7, 1, 8, 2], "texture": "#staff_bermundes_hermit_staff"},
				"west": {"uv": [7, 1, 7.25, 2], "texture": "#staff_bermundes_hermit_staff"},
				"up": {"uv": [7, 1.25, 8, 1], "texture": "#staff_bermundes_hermit_staff"},
				"down": {"uv": [7, 1.75, 8, 2], "texture": "#staff_bermundes_hermit_staff"}
			}
		},
		{
			"name": "Box2",
			"from": [11.8, 29.0625, -2.875],
			"to": [12.8, 30.0625, 0.125],
			"rotation": {"angle": 0, "axis": "y", "origin": [8, 8, 8]},
			"faces": {
				"north": {"uv": [7.75, 1.25, 7.25, 1.75], "texture": "#staff_bermundes_hermit_staff"},
				"east": {"uv": [7.75, 1.25, 7.5, 1.75], "texture": "#staff_bermundes_hermit_staff"},
				"south": {"uv": [7.25, 1.25, 7.75, 1.75], "texture": "#staff_bermundes_hermit_staff"},
				"west": {"uv": [7.25, 1.25, 7.5, 1.75], "texture": "#staff_bermundes_hermit_staff"},
				"up": {"uv": [7.25, 1.5, 7.75, 1.25], "texture": "#staff_bermundes_hermit_staff"},
				"down": {"uv": [7.25, 1.5, 7.75, 1.75], "texture": "#staff_bermundes_hermit_staff"}
			}
		}
	],
	"display": {
		"thirdperson_righthand": {
			"rotation": [0, -90, 0],
			"translation": [0.75, 0, 1.5],
			"scale": [0.27, 0.22, 0.24]
		},
		"thirdperson_lefthand": {
			"rotation": [0, -90, 0],
			"translation": [0.75, 0, 1.5],
			"scale": [0.27, 0.22, 0.24]
		},
		"firstperson_righthand": {
			"rotation": [0, -90, 0],
			"translation": [0.75, 0, 1.5],
			"scale": [0.27, 0.22, 0.24]
		},
		"firstperson_lefthand": {
			"rotation": [0, -90, 0],
			"translation": [0.75, 0, 1.5],
			"scale": [0.27, 0.22, 0.24]
		},
		"ground": {
			"rotation": [0, -90, 0],
			"translation": [0.75, 0, 1.5],
			"scale": [0.27, 0.22, 0.24]
		},
		"gui": {
			"rotation": [0, 167.75, 0],
			"translation": [0.75, 0, 1.5],
			"scale": [0.27, 0.22, 0.24]
		},
		"head": {
			"rotation": [0, -90, 0],
			"translation": [0.75, 0, 1.5],
			"scale": [0.27, 0.22, 0.24]
		},
		"fixed": {
			"rotation": [-90, 0, 0],
			"translation": [0, 0, -27],
			"scale": [2, 2, 2]
		}
	},
	"groups": [
		{
			"name": "alex",
			"origin": [8, 8, 8],
			"children": [0, 1, 2, 3, 4, 5, 6, 7, 8, 9, 10, 11]
		},
		{
			"name": "staff_bermundes_hermit_staff",
			"origin": [8, 8, 8],
			"children": [12, 13, 14, 15, 16, 17, 18, 19, 20, 21, 22, 23, 24, 25, 26, 27, 28, 29, 30, 31]
		}
	]
}