{
	"credit": "Made with Blockbench",
	"texture_size": [32, 32],
	"textures": {
		"0": "./mushsage",
		"1": "./mushroom",
		"particle": "Custom-MC-Stuff/mushroom-sage"
	},
	"elements": [
		{
			"name": "head",
			"from": [4, 16.95, 4],
			"to": [12, 24.95, 12],
			"rotation": {"angle": 22.5, "axis": "x", "origin": [8, 20.95, 8]},
			"faces": {
				"north": {"uv": [2, 2, 4, 4], "texture": "#0"},
				"east": {"uv": [0, 2, 2, 4], "texture": "#0"},
				"south": {"uv": [6, 2, 8, 4], "texture": "#0"},
				"west": {"uv": [4, 2, 6, 4], "texture": "#0"},
				"up": {"uv": [4, 2, 2, 0], "texture": "#0"},
				"down": {"uv": [6, 0, 4, 2], "texture": "#0"}
			}
		},
		{
			"name": "body",
			"from": [4, 4.95, 6],
			"to": [12, 16.95, 10],
			"faces": {
				"north": {"uv": [5, 5, 7, 7.98], "texture": "#0"},
				"east": {"uv": [4, 5, 5, 8], "texture": "#0"},
				"south": {"uv": [8, 5, 10, 8], "texture": "#0"},
				"west": {"uv": [7, 5, 8, 7.98], "texture": "#0"},
				"up": {"uv": [7, 5, 5, 4], "texture": "#0"},
				"down": {"uv": [9, 4, 7, 5], "texture": "#0"}
			}
		},
		{
			"name": "right_arm",
			"from": [12, 4.95, 6],
			"to": [16, 16.95, 10],
			"faces": {
				"north": {"uv": [11, 5, 12, 8], "texture": "#0"},
				"east": {"uv": [10, 5, 11, 8], "texture": "#0"},
				"south": {"uv": [13, 5, 14, 8], "texture": "#0"},
				"west": {"uv": [12, 5, 13, 8], "texture": "#0"},
				"up": {"uv": [12, 5, 11, 4], "texture": "#0"},
				"down": {"uv": [13, 4, 12, 5], "texture": "#0"}
			}
		},
		{
			"name": "left_arm",
			"from": [0, 4.95, 6],
			"to": [4, 16.95, 10],
			"faces": {
				"north": {"uv": [9, 13, 10, 16], "texture": "#0"},
				"east": {"uv": [8, 13, 9, 16], "texture": "#0"},
				"south": {"uv": [11, 13, 12, 16], "texture": "#0"},
				"west": {"uv": [10, 13, 11, 16], "texture": "#0"},
				"up": {"uv": [10, 13, 9, 12], "texture": "#0"},
				"down": {"uv": [11, 12, 10, 13], "texture": "#0"}
			}
		},
		{
			"name": "right_leg",
			"from": [8, -7.05, 6],
			"to": [12, 4.95, 10],
			"faces": {
				"north": {"uv": [1, 5, 2, 8], "texture": "#0"},
				"east": {"uv": [0, 5, 1, 8], "texture": "#0"},
				"south": {"uv": [3, 5, 4, 8], "texture": "#0"},
				"west": {"uv": [2, 5, 3, 8], "texture": "#0"},
				"up": {"uv": [2, 5, 1, 4], "texture": "#0"},
				"down": {"uv": [3, 4, 2, 5], "texture": "#0"}
			}
		},
		{
			"name": "left_leg",
			"from": [4, -7.05, 6],
			"to": [8, 4.95, 10],
			"faces": {
				"north": {"uv": [5, 13, 6, 16], "texture": "#0"},
				"east": {"uv": [4, 13, 5, 16], "texture": "#0"},
				"south": {"uv": [7, 13, 8, 16], "texture": "#0"},
				"west": {"uv": [6, 13, 7, 16], "texture": "#0"},
				"up": {"uv": [6, 13, 5, 12], "texture": "#0"},
				"down": {"uv": [7, 12, 6, 13], "texture": "#0"}
			}
		},
		{
			"name": "head_2nd_layer",
			"from": [3.5, 16.45, 3.5],
			"to": [12.5, 25.45, 12.5],
			"rotation": {"angle": 22.5, "axis": "x", "origin": [8, 20.95, 8]},
			"faces": {
				"north": {"uv": [10, 2, 12, 4], "texture": "#0"},
				"east": {"uv": [8, 2, 10, 4], "texture": "#0"},
				"south": {"uv": [14, 2, 16, 4], "texture": "#0"},
				"west": {"uv": [12, 2, 14, 4], "texture": "#0"},
				"up": {"uv": [12, 2, 10, 0], "texture": "#0"},
				"down": {"uv": [14, 0, 12, 2], "texture": "#0"}
			}
		},
		{
			"name": "body_2nd_layer",
			"from": [4, 4.47, 5.5],
			"to": [12, 17.48, 10.5],
			"faces": {
				"north": {"uv": [5, 9, 7, 12], "texture": "#0"},
				"east": {"uv": [4, 9, 5, 12], "texture": "#0"},
				"south": {"uv": [8, 9, 10, 12], "texture": "#0"},
				"west": {"uv": [7, 9, 8, 12], "texture": "#0"},
				"up": {"uv": [7, 9, 5, 8], "texture": "#0"},
				"down": {"uv": [9, 8, 7, 9], "texture": "#0"}
			}
		},
		{
			"name": "right_arm_2nd_layer",
			"from": [11.5, 4.45, 5.5],
			"to": [16.49, 17.45, 10.5],
			"faces": {
				"north": {"uv": [11, 9, 12, 12], "texture": "#0"},
				"east": {"uv": [10, 9, 11, 12], "texture": "#0"},
				"south": {"uv": [13, 9, 14, 12], "texture": "#0"},
				"west": {"uv": [12, 9, 13, 12], "texture": "#0"},
				"up": {"uv": [12, 9, 11, 8], "texture": "#0"},
				"down": {"uv": [13, 8, 12, 9], "texture": "#0"}
			}
		},
		{
			"name": "left_arm_2nd_layer",
			"from": [-0.5, 4.45, 5.5],
			"to": [4.5, 17.45, 10.5],
			"faces": {
				"north": {"uv": [13, 13, 14, 16], "texture": "#0"},
				"east": {"uv": [12, 13, 13, 16], "texture": "#0"},
				"south": {"uv": [15, 13, 16, 16], "texture": "#0"},
				"west": {"uv": [14, 13, 15, 16], "texture": "#0"},
				"up": {"uv": [14, 13, 13, 12], "texture": "#0"},
				"down": {"uv": [15, 12, 14, 13], "texture": "#0"}
			}
		},
		{
			"name": "right_leg_2nd_layer",
			"from": [7.5, -7.55, 5.5],
			"to": [12.5, 5.45, 10.5],
			"faces": {
				"north": {"uv": [1, 9, 2, 12], "texture": "#0"},
				"east": {"uv": [0, 9, 1, 12], "texture": "#0"},
				"south": {"uv": [3, 9, 4, 12], "texture": "#0"},
				"west": {"uv": [2, 9, 3, 12], "texture": "#0"},
				"up": {"uv": [2, 9, 1, 8], "texture": "#0"},
				"down": {"uv": [3, 8, 2, 9], "texture": "#0"}
			}
		},
		{
			"name": "left_leg_2nd_layer",
			"from": [3.5, -7.55, 5.5],
			"to": [8.5, 5.45, 10.5],
			"faces": {
				"north": {"uv": [1, 13, 2, 16], "texture": "#0"},
				"east": {"uv": [0, 13, 1, 16], "texture": "#0"},
				"south": {"uv": [3, 13, 4, 16], "texture": "#0"},
				"west": {"uv": [2, 13, 3, 16], "texture": "#0"},
				"up": {"uv": [2, 12, 1, 11], "texture": "#0"},
				"down": {"uv": [3, 12, 2, 13], "texture": "#0"}
			}
		},
		{
			"name": "stem",
			"from": [7, 23.775, 2.85],
			"to": [9, 27.775, 4.85],
			"rotation": {"angle": 22.5, "axis": "x", "origin": [8, 8, 8]},
			"faces": {
				"north": {"uv": [3, 0, 4, 2], "texture": "#1"},
				"east": {"uv": [3, 2, 4, 4], "texture": "#1"},
				"south": {"uv": [4, 0, 5, 2], "texture": "#1"},
				"west": {"uv": [4, 2, 5, 4], "texture": "#1"},
				"up": {"uv": [7, 7.5, 6, 6.5], "texture": "#1"},
				"down": {"uv": [1, 7, 0, 8], "texture": "#1"}
			}
		},
		{
			"name": "cap",
			"from": [5, 27.5, 9.325],
			"to": [5.5, 28, 14.325],
			"rotation": {"angle": 22.5, "axis": "x", "origin": [8, 28.325, 10.75]},
			"faces": {
				"north": {"uv": [1, 7, 1.5, 7.5], "texture": "#1"},
				"east": {"uv": [0, 6, 2.5, 6.5], "texture": "#1"},
				"south": {"uv": [1.5, 7, 2, 7.5], "texture": "#1"},
				"west": {"uv": [2.5, 6, 5, 6.5], "texture": "#1"},
				"up": {"uv": [6.5, 6.5, 6, 4], "texture": "#1"},
				"down": {"uv": [5.5, 6, 5, 8.5], "texture": "#1"}
			}
		},
		{
			"name": "cap",
			"from": [5, 27.5, 0.85],
			"to": [11, 28, 6.85],
			"rotation": {"angle": 22.5, "axis": "x", "origin": [8, 8, 8]},
			"faces": {
				"north": {"uv": [3, 4, 6, 4.5], "texture": "#1"},
				"east": {"uv": [3, 4.5, 6, 5], "texture": "#1"},
				"south": {"uv": [5, 0, 8, 0.5], "texture": "#1"},
				"west": {"uv": [5, 0.5, 8, 1], "texture": "#1"},
				"up": {"uv": [3, 3, 0, 0], "texture": "#1"},
				"down": {"uv": [3, 3, 0, 6], "texture": "#1"}
			}
		},
		{
			"name": "cap",
			"from": [5, 27, 0.85],
			"to": [11, 27.5, 1.35],
			"rotation": {"angle": 22.5, "axis": "x", "origin": [8, 8, 8]},
			"faces": {
				"north": {"uv": [5, 1, 8, 1.5], "texture": "#1"},
				"east": {"uv": [2, 7, 2.5, 7.5], "texture": "#1"},
				"south": {"uv": [5, 1.5, 8, 2], "texture": "#1"},
				"west": {"uv": [2.5, 7, 3, 7.5], "texture": "#1"},
				"up": {"uv": [8, 2.5, 5, 2], "texture": "#1"},
				"down": {"uv": [8, 2.5, 5, 3], "texture": "#1"}
			}
		},
		{
			"name": "cap",
			"from": [5, 27, 6.35],
			"to": [11, 27.5, 6.85],
			"rotation": {"angle": 22.5, "axis": "x", "origin": [8, 8, 8]},
			"faces": {
				"north": {"uv": [3, 5, 6, 5.5], "texture": "#1"},
				"east": {"uv": [3, 7, 3.5, 7.5], "texture": "#1"},
				"south": {"uv": [5, 3, 8, 3.5], "texture": "#1"},
				"west": {"uv": [3.5, 7, 4, 7.5], "texture": "#1"},
				"up": {"uv": [8, 4, 5, 3.5], "texture": "#1"},
				"down": {"uv": [6, 5.5, 3, 6], "texture": "#1"}
			}
		},
		{
			"name": "cap",
			"from": [10.5, 27.5, 9.325],
			"to": [11, 28, 14.325],
			"rotation": {"angle": 22.5, "axis": "x", "origin": [8, 28.325, 10.75]},
			"faces": {
				"north": {"uv": [4, 7, 4.5, 7.5], "texture": "#1"},
				"east": {"uv": [0, 6.5, 2.5, 7], "texture": "#1"},
				"south": {"uv": [7, 4, 7.5, 4.5], "texture": "#1"},
				"west": {"uv": [2.5, 6.5, 5, 7], "texture": "#1"},
				"up": {"uv": [6, 8.5, 5.5, 6], "texture": "#1"},
				"down": {"uv": [7, 4, 6.5, 6.5], "texture": "#1"}
			}
		}
	],
	"display": {
		"head": {
			"translation": [0, -29, 0],
			"scale": [1.6, 1.6, 1.6]
		},
		"fixed": {
			"rotation": [-90, 0, 0],
			"translation": [0, 0, -23.25],
			"scale": [1.5, 1.5, 1.5]
		}
	},
	"groups": [
		{
			"name": "steve",
			"origin": [8, 8, 8],
			"children": [0, 1, 2, 3, 4, 5, 6, 7, 8, 9, 10, 11]
		},
		{
			"name": "Mushroom",
			"origin": [8, 8, 8],
			"children": [12, 13, 14, 15, 16, 17]
		}
	]
}