{
	"credit": "Made with Blockbench",
	"texture_size": [64, 64],
	"textures": {
		"0": "./mushman",
		"particle": "Desktop/mushman"
	},
	"elements": [
		{
			"name": "Cap",
			"from": [4, 20, 4],
			"to": [12, 20.5, 12],
			"rotation": {"angle": 0, "axis": "y", "origin": [8, 8, 8]},
			"faces": {
				"north": {"uv": [6, 1.5, 8, 1.75], "texture": "#0"},
				"east": {"uv": [6, 1.75, 8, 2], "texture": "#0"},
				"south": {"uv": [6, 2, 8, 2.25], "texture": "#0"},
				"west": {"uv": [6, 2.25, 8, 2.5], "texture": "#0"},
				"up": {"uv": [3.5, 5.5, 1.5, 3.5], "texture": "#0"},
				"down": {"uv": [5.5, 3.5, 3.5, 5.5], "texture": "#0"}
			}
		},
		{
			"name": "Cap",
			"from": [4, 17, 4],
			"to": [12, 20, 4.65],
			"rotation": {"angle": 0, "axis": "y", "origin": [8, 8, 8]},
			"faces": {
				"north": {"uv": [1.5, 5.5, 3.5, 6.25], "texture": "#0"},
				"east": {"uv": [3.25, 6.5, 3.5, 7.25], "texture": "#0"},
				"south": {"uv": [5.5, 3, 7.5, 3.75], "texture": "#0"},
				"west": {"uv": [3.25, 7.25, 3.5, 8], "texture": "#0"},
				"up": {"uv": [8, 2.75, 6, 2.5], "texture": "#0"},
				"down": {"uv": [8, 2.75, 6, 3], "texture": "#0"}
			}
		},
		{
			"name": "Cap",
			"from": [4, 17, 11.35],
			"to": [12, 20, 12],
			"rotation": {"angle": 0, "axis": "y", "origin": [8, 8, 8]},
			"faces": {
				"north": {"uv": [3.5, 5.5, 5.5, 6.25], "texture": "#0"},
				"east": {"uv": [5.5, 7.5, 5.75, 8.25], "texture": "#0"},
				"south": {"uv": [5.5, 3.75, 7.5, 4.5], "texture": "#0"},
				"west": {"uv": [2, 7.75, 2.25, 8.5], "texture": "#0"},
				"up": {"uv": [7.5, 6.25, 5.5, 6], "texture": "#0"},
				"down": {"uv": [3.5, 6.25, 1.5, 6.5], "texture": "#0"}
			}
		},
		{
			"name": "Cap",
			"from": [11.35, 17, 4.65],
			"to": [12, 20, 11.35],
			"rotation": {"angle": 0, "axis": "y", "origin": [8, 19.475, 11.675]},
			"faces": {
				"north": {"uv": [7.75, 5, 8, 5.75], "texture": "#0"},
				"east": {"uv": [5.5, 4.5, 7.25, 5.25], "texture": "#0"},
				"south": {"uv": [5.75, 7.75, 6, 8.5], "texture": "#0"},
				"west": {"uv": [5.5, 5.25, 7.25, 6], "texture": "#0"},
				"up": {"uv": [3.75, 8, 3.5, 6.25], "texture": "#0"},
				"down": {"uv": [4, 6.25, 3.75, 8], "texture": "#0"}
			}
		},
		{
			"name": "Cap",
			"from": [4, 17, 4.65],
			"to": [4.65, 20, 11.35],
			"rotation": {"angle": 0, "axis": "y", "origin": [8, 19.475, 11.675]},
			"faces": {
				"north": {"uv": [7.75, 5.75, 8, 6.5], "texture": "#0"},
				"east": {"uv": [6, 0, 7.75, 0.75], "texture": "#0"},
				"south": {"uv": [6, 7.75, 6.25, 8.5], "texture": "#0"},
				"west": {"uv": [6, 0.75, 7.75, 1.5], "texture": "#0"},
				"up": {"uv": [4.25, 8, 4, 6.25], "texture": "#0"},
				"down": {"uv": [4.5, 6.25, 4.25, 8], "texture": "#0"}
			}
		},
		{
			"name": "Base",
			"from": [5, 4.25, 5],
			"to": [11, 18.25, 11],
			"rotation": {"angle": 0, "axis": "y", "origin": [8, 8, 8]},
			"faces": {
				"north": {"uv": [0, 0, 1.5, 3.5], "texture": "#0"},
				"east": {"uv": [1.5, 0, 3, 3.5], "texture": "#0"},
				"south": {"uv": [3, 0, 4.5, 3.5], "texture": "#0"},
				"west": {"uv": [0, 3.5, 1.5, 7], "texture": "#0"},
				"up": {"uv": [6, 1.5, 4.5, 0], "texture": "#0"},
				"down": {"uv": [6, 1.5, 4.5, 3], "texture": "#0"}
			}
		},
		{
			"from": [5.5, 2.2, 6.5],
			"to": [7.5, 4.2, 9.5],
			"rotation": {"angle": 0, "axis": "y", "origin": [8, 8, 8]},
			"faces": {
				"north": {"uv": [7.25, 4.5, 7.75, 5], "texture": "#0"},
				"east": {"uv": [4.5, 3, 5.25, 3.5], "texture": "#0"},
				"south": {"uv": [7.25, 5, 7.75, 5.5], "texture": "#0"},
				"west": {"uv": [4.5, 6.25, 5.25, 6.75], "texture": "#0"},
				"up": {"uv": [5.75, 7, 5.25, 6.25], "texture": "#0"},
				"down": {"uv": [6.25, 6.25, 5.75, 7], "texture": "#0"}
			}
		},
		{
			"from": [5.7, 0.5, 6.7],
			"to": [7.3, 2.2, 9.3],
			"rotation": {"angle": 0, "axis": "y", "origin": [8, 8, 8]},
			"faces": {
				"north": {"uv": [7.25, 5.5, 7.75, 6], "texture": "#0"},
				"east": {"uv": [6.25, 6.25, 7, 6.75], "texture": "#0"},
				"south": {"uv": [6.75, 7.25, 7.25, 7.75], "texture": "#0"},
				"west": {"uv": [1.5, 6.5, 2.25, 7], "texture": "#0"},
				"up": {"uv": [2.75, 7.25, 2.25, 6.5], "texture": "#0"},
				"down": {"uv": [3.25, 6.5, 2.75, 7.25], "texture": "#0"}
			}
		},
		{
			"from": [5.45, -0.075, 6.45],
			"to": [7.55, 0.525, 9.55],
			"rotation": {"angle": 0, "axis": "y", "origin": [8, 8, 8]},
			"faces": {
				"north": {"uv": [8, 4.25, 8.5, 4.5], "texture": "#0"},
				"east": {"uv": [7.75, 6.5, 8.5, 6.75], "texture": "#0"},
				"south": {"uv": [4.75, 8, 5.25, 8.25], "texture": "#0"},
				"west": {"uv": [6.75, 7.75, 7.5, 8], "texture": "#0"},
				"up": {"uv": [5, 7.5, 4.5, 6.75], "texture": "#0"},
				"down": {"uv": [6.75, 6.75, 6.25, 7.5], "texture": "#0"}
			}
		},
		{
			"from": [8.5, 2.2, 6.5],
			"to": [10.5, 4.2, 9.5],
			"rotation": {"angle": 0, "axis": "y", "origin": [8, 8, 8]},
			"faces": {
				"north": {"uv": [7.25, 7.25, 7.75, 7.75], "texture": "#0"},
				"east": {"uv": [6.75, 6.75, 7.5, 7.25], "texture": "#0"},
				"south": {"uv": [0, 7.5, 0.5, 8], "texture": "#0"},
				"west": {"uv": [0, 7, 0.75, 7.5], "texture": "#0"},
				"up": {"uv": [1.25, 7.75, 0.75, 7], "texture": "#0"},
				"down": {"uv": [1.75, 7, 1.25, 7.75], "texture": "#0"}
			}
		},
		{
			"from": [8.7, 0.5, 6.7],
			"to": [10.3, 2.2, 9.3],
			"rotation": {"angle": 0, "axis": "y", "origin": [8, 8, 8]},
			"faces": {
				"north": {"uv": [7.5, 3, 8, 3.5], "texture": "#0"},
				"east": {"uv": [5, 7, 5.75, 7.5], "texture": "#0"},
				"south": {"uv": [7.5, 3.5, 8, 4], "texture": "#0"},
				"west": {"uv": [7, 6.25, 7.75, 6.75], "texture": "#0"},
				"up": {"uv": [2.25, 7.75, 1.75, 7], "texture": "#0"},
				"down": {"uv": [6.25, 7, 5.75, 7.75], "texture": "#0"}
			}
		},
		{
			"from": [8.45, -0.075, 6.45],
			"to": [10.55, 0.525, 9.55],
			"rotation": {"angle": 0, "axis": "y", "origin": [8, 8, 8]},
			"faces": {
				"north": {"uv": [8, 5, 8.5, 5.25], "texture": "#0"},
				"east": {"uv": [7.75, 7.25, 8.5, 7.5], "texture": "#0"},
				"south": {"uv": [8, 5.25, 8.5, 5.5], "texture": "#0"},
				"west": {"uv": [7.5, 7.75, 8.25, 8], "texture": "#0"},
				"up": {"uv": [2.75, 8, 2.25, 7.25], "texture": "#0"},
				"down": {"uv": [3.25, 7.25, 2.75, 8], "texture": "#0"}
			}
		},
		{
			"from": [2.725, 9.2, 7.35],
			"to": [6.175, 10.35, 8.5],
			"rotation": {"angle": 45, "axis": "z", "origin": [4.25, 9.5, 8]},
			"faces": {
				"north": {"uv": [7.75, 7.5, 8.5, 7.75], "texture": "#0"},
				"east": {"uv": [5, 6.75, 5.25, 7], "texture": "#0"},
				"south": {"uv": [8, 1.5, 8.75, 1.75], "texture": "#0"},
				"west": {"uv": [0.5, 7.5, 0.75, 7.75], "texture": "#0"},
				"up": {"uv": [8.75, 2, 8, 1.75], "texture": "#0"},
				"down": {"uv": [8.75, 2, 8, 2.25], "texture": "#0"}
			}
		},
		{
			"from": [4.12101, 5.61703, 7.35],
			"to": [5.27101, 8.21703, 8.5],
			"rotation": {"angle": -22.5, "axis": "z", "origin": [5.37101, 12.51703, 8]},
			"faces": {
				"north": {"uv": [0, 8, 0.25, 8.75], "texture": "#0"},
				"east": {"uv": [0.25, 8, 0.5, 8.75], "texture": "#0"},
				"south": {"uv": [2.25, 8, 2.5, 8.75], "texture": "#0"},
				"west": {"uv": [8, 2.25, 8.25, 3], "texture": "#0"},
				"up": {"uv": [7.75, 6.25, 7.5, 6], "texture": "#0"},
				"down": {"uv": [7.25, 8, 7, 8.25], "texture": "#0"}
			}
		},
		{
			"from": [1.30436, 5.12662, 6.8],
			"to": [3.37936, 6.65162, 9.075],
			"rotation": {"angle": 0, "axis": "z", "origin": [2.60436, 7.60162, 7.925]},
			"faces": {
				"north": {"uv": [7.5, 4, 8, 4.5], "texture": "#0"},
				"east": {"uv": [4.5, 7.5, 5, 8], "texture": "#0"},
				"south": {"uv": [5, 7.5, 5.5, 8], "texture": "#0"},
				"west": {"uv": [6.25, 7.5, 6.75, 8], "texture": "#0"},
				"up": {"uv": [8, 7.25, 7.5, 6.75], "texture": "#0"},
				"down": {"uv": [8.25, 0, 7.75, 0.5], "texture": "#0"}
			}
		},
		{
			"from": [9.825, 9.2, 7.35],
			"to": [13.275, 10.35, 8.5],
			"rotation": {"angle": -45, "axis": "z", "origin": [11.75, 9.5, 8]},
			"faces": {
				"north": {"uv": [2.5, 8, 3.25, 8.25], "texture": "#0"},
				"east": {"uv": [7.25, 8, 7.5, 8.25], "texture": "#0"},
				"south": {"uv": [8, 3, 8.75, 3.25], "texture": "#0"},
				"west": {"uv": [7.5, 8, 7.75, 8.25], "texture": "#0"},
				"up": {"uv": [4, 8.25, 3.25, 8], "texture": "#0"},
				"down": {"uv": [8.75, 3.25, 8, 3.5], "texture": "#0"}
			}
		},
		{
			"from": [10.72899, 5.61703, 7.35],
			"to": [11.87899, 8.21703, 8.5],
			"rotation": {"angle": 22.5, "axis": "z", "origin": [10.62899, 12.51703, 8]},
			"faces": {
				"north": {"uv": [8, 3.5, 8.25, 4.25], "texture": "#0"},
				"east": {"uv": [4, 8, 4.25, 8.75], "texture": "#0"},
				"south": {"uv": [4.25, 8, 4.5, 8.75], "texture": "#0"},
				"west": {"uv": [4.5, 8, 4.75, 8.75], "texture": "#0"},
				"up": {"uv": [8, 8.25, 7.75, 8], "texture": "#0"},
				"down": {"uv": [8.25, 8, 8, 8.25], "texture": "#0"}
			}
		},
		{
			"from": [12.62064, 5.12662, 6.8],
			"to": [14.69564, 6.65162, 9.075],
			"rotation": {"angle": 0, "axis": "z", "origin": [13.39564, 7.60162, 7.925]},
			"faces": {
				"north": {"uv": [0.5, 7.75, 1, 8.25], "texture": "#0"},
				"east": {"uv": [7.75, 0.5, 8.25, 1], "texture": "#0"},
				"south": {"uv": [1, 7.75, 1.5, 8.25], "texture": "#0"},
				"west": {"uv": [7.75, 1, 8.25, 1.5], "texture": "#0"},
				"up": {"uv": [2, 8.25, 1.5, 7.75], "texture": "#0"},
				"down": {"uv": [8.25, 4.5, 7.75, 5], "texture": "#0"}
			}
		},
		{
			"name": "Eye",
			"from": [9, 13.75, 4.6],
			"to": [9.5, 15.25, 5.1],
			"rotation": {"angle": 0, "axis": "y", "origin": [8, 8, 8]},
			"faces": {
				"north": {"uv": [5.25, 3, 5.5, 3.5], "texture": "#0"},
				"east": {"uv": [5.25, 8, 5.5, 8.5], "texture": "#0"},
				"south": {"uv": [8, 5.5, 8.25, 6], "texture": "#0"},
				"west": {"uv": [8, 6, 8.25, 6.5], "texture": "#0"},
				"up": {"uv": [8.5, 0.25, 8.25, 0], "texture": "#0"},
				"down": {"uv": [8.5, 0.25, 8.25, 0.5], "texture": "#0"}
			}
		},
		{
			"name": "Eye",
			"from": [6, 13.75, 4.6],
			"to": [6.5, 15.25, 5.1],
			"rotation": {"angle": 0, "axis": "y", "origin": [8, 8, 8]},
			"faces": {
				"north": {"uv": [6.25, 8, 6.5, 8.5], "texture": "#0"},
				"east": {"uv": [6.5, 8, 6.75, 8.5], "texture": "#0"},
				"south": {"uv": [6.75, 8, 7, 8.5], "texture": "#0"},
				"west": {"uv": [8, 6.75, 8.25, 7.25], "texture": "#0"},
				"up": {"uv": [0.75, 8.5, 0.5, 8.25], "texture": "#0"},
				"down": {"uv": [8.5, 0.5, 8.25, 0.75], "texture": "#0"}
			}
		}
	],
	"display": {
		"fixed": {
			"rotation": [-88.75, 0, 0],
			"translation": [0, 3.75, -32.75],
			"scale": [4, 4, 4]
		}
	},
	"groups": [
		{
			"name": "Cap",
			"origin": [0, 0, 0],
			"children": [0, 1, 2, 3, 4]
		},
		{
			"name": "Base",
			"origin": [8, 8, 8],
			"children": [5]
		},
		{
			"name": "Leg",
			"origin": [8, 8, 8],
			"children": [6, 7, 8]
		},
		{
			"name": "Leg",
			"origin": [8, 8, 8],
			"children": [9, 10, 11]
		},
		{
			"name": "Arm",
			"origin": [8, 8, 8],
			"children": [12, 13, 14]
		},
		{
			"name": "Arm",
			"origin": [8, 8, 8],
			"children": [15, 16, 17]
		},
		{
			"name": "Details",
			"origin": [0, 0, 0],
			"children": [18, 19]
		}
	]
}