{
	"credit": "Made with Blockbench",
	"textures": {
		"0": "./ripe_fruit",
		"particle": "./ripe_fruit"
	},
	"elements": [
		{
			"from": [6.5, 6.5, 6.5],
			"to": [9.5, 9.5, 9.5],
			"rotation": {"angle": 0, "axis": "y", "origin": [7, 7, 6.925]},
			"faces": {
				"north": {"uv": [0, 0, 3, 3], "texture": "#0"},
				"east": {"uv": [0, 3, 3, 6], "texture": "#0"},
				"south": {"uv": [3, 0, 6, 3], "texture": "#0"},
				"west": {"uv": [3, 3, 6, 6], "texture": "#0"},
				"up": {"uv": [3, 9, 0, 6], "texture": "#0"},
				"down": {"uv": [9, 0, 6, 3], "texture": "#0"}
			}
		},
		{
			"from": [7.5, 9.4, 7.5],
			"to": [8.5, 9.8, 8.5],
			"rotation": {"angle": 0, "axis": "y", "origin": [9.25, 9.25, 9.25]},
			"faces": {
				"north": {"uv": [7, 5, 8, 5.5], "texture": "#0"},
				"east": {"uv": [6, 7, 7, 7.5], "texture": "#0"},
				"south": {"uv": [7, 6, 8, 6.5], "texture": "#0"},
				"west": {"uv": [7, 7, 8, 7.5], "texture": "#0"},
				"up": {"uv": [4, 7, 3, 6], "texture": "#0"},
				"down": {"uv": [7, 3, 6, 4], "texture": "#0"}
			}
		},
		{
			"from": [7.5, 7.5, 9.425],
			"to": [8.5, 8.5, 9.825],
			"rotation": {"angle": 0, "axis": "y", "origin": [9.25, 9.25, 9.25]},
			"faces": {
				"north": {"uv": [4, 6, 5, 7], "texture": "#0"},
				"east": {"uv": [3, 8, 3.5, 9], "texture": "#0"},
				"south": {"uv": [6, 4, 7, 5], "texture": "#0"},
				"west": {"uv": [8, 3, 8.5, 4], "texture": "#0"},
				"up": {"uv": [5, 8.5, 4, 8], "texture": "#0"},
				"down": {"uv": [9, 4, 8, 4.5], "texture": "#0"}
			}
		},
		{
			"from": [6.15, 7.5, 7.5],
			"to": [6.6, 8.5, 8.5],
			"rotation": {"angle": 0, "axis": "y", "origin": [9.25, 9.25, 9.25]},
			"faces": {
				"north": {"uv": [5, 8, 5.5, 9], "texture": "#0"},
				"east": {"uv": [5, 6, 6, 7], "texture": "#0"},
				"south": {"uv": [8, 5, 8.5, 6], "texture": "#0"},
				"west": {"uv": [6, 5, 7, 6], "texture": "#0"},
				"up": {"uv": [6.5, 9, 6, 8], "texture": "#0"},
				"down": {"uv": [8.5, 6, 8, 7], "texture": "#0"}
			}
		},
		{
			"from": [9.425, 7.5, 7.5],
			"to": [9.825, 8.5, 8.5],
			"rotation": {"angle": 0, "axis": "y", "origin": [9.25, 9.25, 9.25]},
			"faces": {
				"north": {"uv": [7, 8, 7.5, 9], "texture": "#0"},
				"east": {"uv": [6, 6, 7, 7], "texture": "#0"},
				"south": {"uv": [8, 7, 8.5, 8], "texture": "#0"},
				"west": {"uv": [3, 7, 4, 8], "texture": "#0"},
				"up": {"uv": [8.5, 9, 8, 8], "texture": "#0"},
				"down": {"uv": [0.5, 9, 0, 10], "texture": "#0"}
			}
		},
		{
			"from": [7.5, 6.3, 7.5],
			"to": [8.5, 6.525, 8.5],
			"rotation": {"angle": 0, "axis": "y", "origin": [9.25, 9.25, 9.25]},
			"faces": {
				"north": {"uv": [9, 0, 10, 0.5], "texture": "#0"},
				"east": {"uv": [1, 9, 2, 9.5], "texture": "#0"},
				"south": {"uv": [9, 1, 10, 1.5], "texture": "#0"},
				"west": {"uv": [2, 9, 3, 9.5], "texture": "#0"},
				"up": {"uv": [8, 4, 7, 3], "texture": "#0"},
				"down": {"uv": [5, 7, 4, 8], "texture": "#0"}
			}
		},
		{
			"from": [7.5, 7.5, 6.225],
			"to": [8.5, 8.5, 6.625],
			"rotation": {"angle": 0, "axis": "y", "origin": [1.75, 1.75, 1.75]},
			"faces": {
				"north": {"uv": [7, 4, 8, 5], "texture": "#0"},
				"east": {"uv": [9, 2, 9.5, 3], "texture": "#0"},
				"south": {"uv": [5, 7, 6, 8], "texture": "#0"},
				"west": {"uv": [3, 9, 3.5, 10], "texture": "#0"},
				"up": {"uv": [10, 3.5, 9, 3], "texture": "#0"},
				"down": {"uv": [5, 9, 4, 9.5], "texture": "#0"}
			}
		}
	],
	"display": {
		"gui": {
			"rotation": [0.5, 55, 0],
			"scale": [3, 3, 3]
		},
		"fixed": {
			"translation": [0, 0, -3],
			"scale": [2, 2, 2]
		}
	}
}