{
	"credit": "Made with Blockbench",
	"texture_size": [64, 64],
	"textures": {
		"0": "./chimmy",
		"particle": "./chimmy"
	},
	"elements": [
		{
			"name": "base",
			"from": [10.00312, 8.46927, 5.7125],
			"to": [10.50312, 12.49427, 10.7125],
			"rotation": {"angle": 0, "axis": "y", "origin": [8, 8, 8]},
			"faces": {
				"north": {"uv": [1.25, 6.75, 1.375, 7.75], "texture": "#0"},
				"east": {"uv": [3.75, 0, 5, 1], "texture": "#0"},
				"south": {"uv": [1.5, 6.75, 1.625, 7.75], "texture": "#0"},
				"west": {"uv": [3.75, 1, 5, 2], "texture": "#0"},
				"up": {"uv": [5.125, 7.5, 5, 6.25], "texture": "#0"},
				"down": {"uv": [0.125, 6.75, 0, 8], "texture": "#0"}
			}
		},
		{
			"name": "base",
			"from": [5.50312, 8.46927, 5.7125],
			"to": [6.00312, 12.49427, 10.7125],
			"rotation": {"angle": 0, "axis": "y", "origin": [8, 8, 8]},
			"faces": {
				"north": {"uv": [1.75, 7, 1.875, 8], "texture": "#0"},
				"east": {"uv": [1.25, 3.75, 2.5, 4.75], "texture": "#0"},
				"south": {"uv": [2, 7, 2.125, 8], "texture": "#0"},
				"west": {"uv": [3.75, 2, 5, 3], "texture": "#0"},
				"up": {"uv": [0.375, 8, 0.25, 6.75], "texture": "#0"},
				"down": {"uv": [0.625, 6.75, 0.5, 8], "texture": "#0"}
			}
		},
		{
			"name": "base",
			"from": [5.95313, 8.46927, 10.2125],
			"to": [10.00313, 12.49427, 10.7125],
			"rotation": {"angle": 0, "axis": "y", "origin": [8, 8, 8]},
			"faces": {
				"north": {"uv": [3.5, 4.25, 4.5, 5.25], "texture": "#0"},
				"east": {"uv": [0.75, 6.75, 0.875, 7.75], "texture": "#0"},
				"south": {"uv": [4.5, 4.25, 5.5, 5.25], "texture": "#0"},
				"west": {"uv": [1, 6.75, 1.125, 7.75], "texture": "#0"},
				"up": {"uv": [8, 0.375, 7, 0.25], "texture": "#0"},
				"down": {"uv": [8, 0.5, 7, 0.625], "texture": "#0"}
			}
		},
		{
			"name": "base",
			"from": [5.50312, 12.46927, 5.7125],
			"to": [10.50312, 12.99427, 10.7125],
			"rotation": {"angle": 0, "axis": "y", "origin": [8, 8, 8]},
			"faces": {
				"north": {"uv": [6.5, 4, 7.75, 4.125], "texture": "#0"},
				"east": {"uv": [6.5, 4.25, 7.75, 4.375], "texture": "#0"},
				"south": {"uv": [6.5, 4.5, 7.75, 4.625], "texture": "#0"},
				"west": {"uv": [6.75, 0.75, 8, 0.875], "texture": "#0"},
				"up": {"uv": [1.25, 1.25, 0, 0], "texture": "#0"},
				"down": {"uv": [1.25, 1.25, 0, 2.5], "texture": "#0"}
			}
		},
		{
			"name": "base",
			"from": [5.50312, 7.94427, 5.7125],
			"to": [10.50312, 8.49427, 10.7125],
			"rotation": {"angle": 0, "axis": "y", "origin": [8, 8, 8]},
			"faces": {
				"north": {"uv": [6.75, 1, 8, 1.125], "texture": "#0"},
				"east": {"uv": [6.75, 1.25, 8, 1.375], "texture": "#0"},
				"south": {"uv": [6.75, 1.5, 8, 1.625], "texture": "#0"},
				"west": {"uv": [7, 0, 8.25, 0.125], "texture": "#0"},
				"up": {"uv": [2.5, 1.25, 1.25, 0], "texture": "#0"},
				"down": {"uv": [2.5, 1.25, 1.25, 2.5], "texture": "#0"}
			}
		},
		{
			"name": "base",
			"from": [6.00312, 8.51927, 5.8625],
			"to": [10.00312, 12.51927, 9.8625],
			"rotation": {"angle": 0, "axis": "y", "origin": [8, 8, 8]},
			"faces": {
				"north": {"uv": [1.25, 4.75, 2.25, 5.75], "texture": "#0"},
				"east": {"uv": [4.75, 3, 5.75, 4], "texture": "#0"},
				"south": {"uv": [0, 5, 1, 6], "texture": "#0"},
				"west": {"uv": [5, 0, 6, 1], "texture": "#0"},
				"up": {"uv": [6, 2, 5, 1], "texture": "#0"},
				"down": {"uv": [6, 2, 5, 3], "texture": "#0"}
			}
		},
		{
			"name": "base",
			"from": [11.88801, 6.99683, 6.6625],
			"to": [11.88801, 10.99683, 9.6625],
			"rotation": {"angle": 22.5, "axis": "z", "origin": [8, 8, 8]},
			"faces": {
				"north": {"uv": [0, 0, 0, 1], "texture": "#0"},
				"east": {"uv": [2.25, 5, 3, 6], "texture": "#0"},
				"south": {"uv": [0, 0, 0, 1], "texture": "#0"},
				"west": {"uv": [3, 5.25, 3.75, 6.25], "texture": "#0"},
				"up": {"uv": [0, 0.75, 0, 0], "texture": "#0"},
				"down": {"uv": [0, 0, 0, 0.75], "texture": "#0"}
			}
		},
		{
			"name": "base",
			"from": [4.11776, 6.99922, 6.6625],
			"to": [4.11776, 10.99922, 9.6625],
			"rotation": {"angle": -22.5, "axis": "z", "origin": [8, 8, 8]},
			"faces": {
				"north": {"uv": [0, 0, 0, 1], "texture": "#0"},
				"east": {"uv": [3.75, 5.25, 4.5, 6.25], "texture": "#0"},
				"south": {"uv": [0, 0, 0, 1], "texture": "#0"},
				"west": {"uv": [4.5, 5.25, 5.25, 6.25], "texture": "#0"},
				"up": {"uv": [0, 0.75, 0, 0], "texture": "#0"},
				"down": {"uv": [0, 0, 0, 0.75], "texture": "#0"}
			}
		},
		{
			"name": "base",
			"from": [6.00312, 7.76927, 5.9625],
			"to": [10.00312, 8.09427, 10.4625],
			"rotation": {"angle": 0, "axis": "y", "origin": [8, 8, 8]},
			"faces": {
				"north": {"uv": [7, 3, 8, 3.0625], "texture": "#0"},
				"east": {"uv": [7, 2.5, 8.125, 2.5625], "texture": "#0"},
				"south": {"uv": [7, 3.25, 8, 3.3125], "texture": "#0"},
				"west": {"uv": [7, 2.75, 8.125, 2.8125], "texture": "#0"},
				"up": {"uv": [3.5, 4.875, 2.5, 3.75], "texture": "#0"},
				"down": {"uv": [4.75, 3, 3.75, 4.125], "texture": "#0"}
			}
		},
		{
			"name": "base",
			"from": [5.50312, 3.29427, 5.7125],
			"to": [10.50312, 7.74427, 10.7125],
			"rotation": {"angle": 0, "axis": "y", "origin": [8, 8, 8]},
			"faces": {
				"north": {"uv": [1.25, 2.5, 2.5, 3.625], "texture": "#0"},
				"east": {"uv": [2.5, 1.25, 3.75, 2.375], "texture": "#0"},
				"south": {"uv": [2.5, 2.5, 3.75, 3.625], "texture": "#0"},
				"west": {"uv": [0, 3.75, 1.25, 4.875], "texture": "#0"},
				"up": {"uv": [1.25, 3.75, 0, 2.5], "texture": "#0"},
				"down": {"uv": [3.75, 0, 2.5, 1.25], "texture": "#0"}
			}
		},
		{
			"name": "base",
			"from": [8.50313, 6.54427, 5.5125],
			"to": [9.00313, 8.09427, 5.7125],
			"rotation": {"angle": 0, "axis": "y", "origin": [8, 8, 8]},
			"faces": {
				"north": {"uv": [3.5, 3.75, 3.625, 4.125], "texture": "#0"},
				"east": {"uv": [2.5, 7, 2.5625, 7.375], "texture": "#0"},
				"south": {"uv": [1, 5, 1.125, 5.375], "texture": "#0"},
				"west": {"uv": [2.75, 7, 2.8125, 7.375], "texture": "#0"},
				"up": {"uv": [2.375, 4.8125, 2.25, 4.75], "texture": "#0"},
				"down": {"uv": [4.875, 4, 4.75, 4.0625], "texture": "#0"}
			}
		},
		{
			"name": "base",
			"from": [7.00313, 6.54427, 5.5125],
			"to": [7.50313, 8.09427, 5.7125],
			"rotation": {"angle": 0, "axis": "y", "origin": [8, 8, 8]},
			"faces": {
				"north": {"uv": [6, 4.75, 6.125, 5.125], "texture": "#0"},
				"east": {"uv": [7, 3.5, 7.0625, 3.875], "texture": "#0"},
				"south": {"uv": [2.25, 7, 2.375, 7.375], "texture": "#0"},
				"west": {"uv": [7, 4.75, 7.0625, 5.125], "texture": "#0"},
				"up": {"uv": [3.125, 5.0625, 3, 5], "texture": "#0"},
				"down": {"uv": [3.375, 5, 3.25, 5.0625], "texture": "#0"}
			}
		},
		{
			"name": "base",
			"from": [10.52813, 6.13178, 3.7375],
			"to": [12.52813, 7.70678, 7.5375],
			"rotation": {"angle": 22.5, "axis": "x", "origin": [11.52813, 5.89428, 8.2125]},
			"faces": {
				"north": {"uv": [7, 2.5, 6.5, 2.875], "rotation": 180, "texture": "#0"},
				"east": {"uv": [3, 6.25, 3.375, 7.1875], "rotation": 270, "texture": "#0"},
				"south": {"uv": [6, 5.125, 5.5, 4.75], "texture": "#0"},
				"west": {"uv": [3.5, 6.25, 3.875, 7.1875], "rotation": 90, "texture": "#0"},
				"up": {"uv": [6, 1.75, 6.5, 2.6875], "rotation": 180, "texture": "#0"},
				"down": {"uv": [2.5, 6, 3, 6.9375], "texture": "#0"}
			}
		},
		{
			"name": "base",
			"from": [3.42812, 6.15678, 3.7125],
			"to": [5.42812, 7.73178, 7.5125],
			"rotation": {"angle": 22.5, "axis": "x", "origin": [4.42812, 5.89428, 8.2125]},
			"faces": {
				"north": {"uv": [7, 3.5, 6.5, 3.875], "rotation": 180, "texture": "#0"},
				"east": {"uv": [4, 6.25, 4.375, 7.1875], "rotation": 270, "texture": "#0"},
				"south": {"uv": [7, 3.375, 6.5, 3], "texture": "#0"},
				"west": {"uv": [4.5, 6.25, 4.875, 7.1875], "rotation": 90, "texture": "#0"},
				"up": {"uv": [5.25, 6, 5.75, 6.9375], "rotation": 180, "texture": "#0"},
				"down": {"uv": [5.75, 6, 6.25, 6.9375], "texture": "#0"}
			}
		},
		{
			"name": "base",
			"from": [8.30313, 1.06927, 6.4625],
			"to": [10.50313, 3.31927, 9.9625],
			"rotation": {"angle": 0, "axis": "y", "origin": [8, 8, 8]},
			"faces": {
				"north": {"uv": [6.25, 4.75, 6.8125, 5.3125], "texture": "#0"},
				"east": {"uv": [5.25, 5.25, 6.125, 5.8125], "texture": "#0"},
				"south": {"uv": [6.25, 5.5, 6.8125, 6.0625], "texture": "#0"},
				"west": {"uv": [5.5, 4, 6.375, 4.5625], "texture": "#0"},
				"up": {"uv": [1.5625, 6.625, 1, 5.75], "texture": "#0"},
				"down": {"uv": [6.3125, 3, 5.75, 3.875], "texture": "#0"}
			}
		},
		{
			"name": "base",
			"from": [5.52812, 1.06927, 6.4625],
			"to": [7.72812, 3.31927, 9.9625],
			"rotation": {"angle": 0, "axis": "y", "origin": [8, 8, 8]},
			"faces": {
				"north": {"uv": [6.25, 6.25, 6.8125, 6.8125], "texture": "#0"},
				"east": {"uv": [0, 6, 0.875, 6.5625], "texture": "#0"},
				"south": {"uv": [6.5, 1.75, 7.0625, 2.3125], "texture": "#0"},
				"west": {"uv": [6, 0, 6.875, 0.5625], "texture": "#0"},
				"up": {"uv": [6.5625, 1.625, 6, 0.75], "texture": "#0"},
				"down": {"uv": [2.3125, 6, 1.75, 6.875], "texture": "#0"}
			}
		}
	],
	"display": {
		"thirdperson_righthand": {
			"rotation": [59.25, 0, 0],
			"translation": [0, 1, 2]
		},
		"thirdperson_lefthand": {
			"rotation": [59.25, 0, 0],
			"translation": [0, 1, 2]
		},
		"gui": {
			"rotation": [0, -179.25, 0],
			"translation": [-0.25, 1.75, 0],
			"scale": [1.50195, 1.50195, 1.50195]
		},
		"head": {
			"rotation": [-146.25, -43.75, -152],
			"translation": [-7.5, 5.75, -6.75]
		},
		"fixed": {
			"rotation": [-85.75, 0, 0],
			"translation": [0, 0.25, -20.75],
			"scale": [3, 3, 3]
		}
	},
	"groups": [
		{
			"name": "base",
			"origin": [0, 0, 0],
			"children": [0, 1, 2, 3, 4, 5, 6, 7, 8, 9, 10, 11, 12, 13, 14, 15]
		}
	]
}