{
	"credit": "Made with Blockbench",
	"textures": {
		"0": "./roastChicken",
		"particle": "./roastChicken"
	},
	"elements": [
		{
			"name": "head",
			"from": [4.5, 5.5, 4],
			"to": [11.5, 10.5, 12],
			"rotation": {"angle": 0, "axis": "y", "origin": [8, 8, 8]},
			"faces": {
				"north": {"uv": [2, 2, 4, 4], "texture": "#0"},
				"east": {"uv": [0, 2, 2, 4], "texture": "#0"},
				"south": {"uv": [6, 2, 8, 4], "texture": "#0"},
				"west": {"uv": [4, 2, 6, 4], "texture": "#0"},
				"up": {"uv": [4, 2, 2, 0], "texture": "#0"},
				"down": {"uv": [6, 0, 4, 2], "texture": "#0"}
			}
		},
		{
			"name": "head_2nd_layer",
			"from": [4, 5, 3.5],
			"to": [12, 11, 12.5],
			"rotation": {"angle": 0, "axis": "y", "origin": [8, 8, 8]},
			"faces": {
				"north": {"uv": [10, 2, 12, 4], "texture": "#0"},
				"east": {"uv": [8, 2, 10, 4], "texture": "#0"},
				"south": {"uv": [14, 2, 16, 4], "texture": "#0"},
				"west": {"uv": [12, 2, 14, 4], "texture": "#0"},
				"up": {"uv": [12, 2, 10, 0], "texture": "#0"},
				"down": {"uv": [14, 0, 12, 2], "texture": "#0"}
			}
		}
	],
	"display": {
		"thirdperson_righthand": {
			"scale": [0.49609, 0.49609, 0.49609]
		},
		"thirdperson_lefthand": {
			"scale": [0.49609, 0.49609, 0.49609]
		},
		"firstperson_righthand": {
			"scale": [0.49609, 0.49609, 0.49609]
		},
		"firstperson_lefthand": {
			"scale": [0.49609, 0.49609, 0.49609]
		},
		"ground": {
			"scale": [0.49609, 0.49609, 0.49609]
		},
		"gui": {
			"rotation": [-13.25, -121.25, -41.5]
		},
		"head": {
			"rotation": [-20, 0, 0],
			"translation": [0, -1, -1.75],
			"scale": [3.6918, 3.6918, 3.6918]
		},
		"fixed": {
			"rotation": [-90, 0, 0],
			"translation": [0, 0, -1.25]
		}
	},
	"groups": [
		{
			"name": "steve",
			"origin": [8, 8, 8],
			"children": [0, 1]
		}
	]
}