{
	"credit": "Made with Blockbench",
	"textures": {
		"0": "./corpse_1",
		"texture": "./polearm",
		"zPolearm_texture_2": "./polearmtexture2",
		"zPolearminv": "./polearmtexture3"
	},
	"elements": [
		{
			"name": "head",
			"from": [5.1, 18.325, 8.45],
			"to": [13.1, 26.325, 16.45],
			"rotation": {"angle": 22.5, "axis": "x", "origin": [7.99938, 16.40312, 8.775]},
			"faces": {
				"north": {"uv": [2, 2, 4, 4], "texture": "#0"},
				"east": {"uv": [0, 2, 2, 4], "texture": "#0"},
				"south": {"uv": [6, 2, 8, 4], "texture": "#0"},
				"west": {"uv": [4, 2, 6, 4], "texture": "#0"},
				"up": {"uv": [4, 2, 2, 0], "texture": "#0"},
				"down": {"uv": [6, 0, 4, 2], "texture": "#0"}
			}
		},
		{
			"name": "body",
			"from": [5.1, 6.325, 10.45],
			"to": [13.1, 18.325, 14.45],
			"rotation": {"angle": 22.5, "axis": "x", "origin": [7.99938, 16.40312, 8.775]},
			"faces": {
				"north": {"uv": [5, 5, 7, 7.98], "texture": "#0"},
				"east": {"uv": [4, 5, 5, 8], "texture": "#0"},
				"south": {"uv": [8, 5, 10, 8], "texture": "#0"},
				"west": {"uv": [7, 5, 8, 7.98], "texture": "#0"},
				"up": {"uv": [7, 5, 5, 4], "texture": "#0"},
				"down": {"uv": [9, 4, 7, 5], "texture": "#0"}
			}
		},
		{
			"name": "right_arm",
			"from": [13.1, 6.325, 10.45],
			"to": [17.1, 18.325, 14.45],
			"rotation": {"angle": 22.5, "axis": "x", "origin": [7.99938, 16.40312, 8.775]},
			"faces": {
				"north": {"uv": [11, 5, 12, 8], "texture": "#0"},
				"east": {"uv": [10, 5, 11, 8], "texture": "#0"},
				"south": {"uv": [13, 5, 14, 8], "texture": "#0"},
				"west": {"uv": [12, 5, 13, 8], "texture": "#0"},
				"up": {"uv": [12, 5, 11, 4], "texture": "#0"},
				"down": {"uv": [13, 4, 12, 5], "texture": "#0"}
			}
		},
		{
			"name": "left_arm",
			"from": [1.1, 6.325, 10.45],
			"to": [5.1, 18.325, 14.45],
			"rotation": {"angle": 22.5, "axis": "x", "origin": [7.99938, 16.40312, 8.775]},
			"faces": {
				"north": {"uv": [9, 13, 10, 16], "texture": "#0"},
				"east": {"uv": [8, 13, 9, 16], "texture": "#0"},
				"south": {"uv": [11, 13, 12, 16], "texture": "#0"},
				"west": {"uv": [10, 13, 11, 16], "texture": "#0"},
				"up": {"uv": [10, 13, 9, 12], "texture": "#0"},
				"down": {"uv": [11, 12, 10, 13], "texture": "#0"}
			}
		},
		{
			"name": "right_leg",
			"from": [8, -6.55, 6],
			"to": [12, 5.45, 10],
			"rotation": {"angle": 45, "axis": "x", "origin": [8, 5.5, 8]},
			"faces": {
				"north": {"uv": [1, 5, 2, 8], "texture": "#0"},
				"east": {"uv": [0, 5, 1, 8], "texture": "#0"},
				"south": {"uv": [3, 5, 4, 8], "texture": "#0"},
				"west": {"uv": [2, 5, 3, 8], "texture": "#0"},
				"up": {"uv": [2, 5, 1, 4], "texture": "#0"},
				"down": {"uv": [3, 4, 2, 5], "texture": "#0"}
			}
		},
		{
			"name": "left_leg",
			"from": [4, -6.55, 6],
			"to": [8, 5.45, 10],
			"rotation": {"angle": 45, "axis": "x", "origin": [8, 5.5, 8]},
			"faces": {
				"north": {"uv": [5, 13, 6, 16], "texture": "#0"},
				"east": {"uv": [4, 13, 5, 16], "texture": "#0"},
				"south": {"uv": [7, 13, 8, 16], "texture": "#0"},
				"west": {"uv": [6, 13, 7, 16], "texture": "#0"},
				"up": {"uv": [6, 13, 5, 12], "texture": "#0"},
				"down": {"uv": [7, 12, 6, 13], "texture": "#0"}
			}
		},
		{
			"name": "head_2nd_layer",
			"from": [4.6, 17.825, 7.95],
			"to": [13.6, 26.825, 16.95],
			"rotation": {"angle": 22.5, "axis": "x", "origin": [7.99938, 16.40312, 8.775]},
			"faces": {
				"north": {"uv": [10, 2, 12, 4], "texture": "#0"},
				"east": {"uv": [8, 2, 10, 4], "texture": "#0"},
				"south": {"uv": [14, 2, 16, 4], "texture": "#0"},
				"west": {"uv": [12, 2, 14, 4], "texture": "#0"},
				"up": {"uv": [12, 2, 10, 0], "texture": "#0"},
				"down": {"uv": [14, 0, 12, 2], "texture": "#0"}
			}
		},
		{
			"name": "body_2nd_layer",
			"from": [5.1, 5.845, 9.95],
			"to": [13.1, 18.855, 14.95],
			"rotation": {"angle": 22.5, "axis": "x", "origin": [7.99938, 16.40312, 8.775]},
			"faces": {
				"north": {"uv": [5, 9, 7, 12], "texture": "#0"},
				"east": {"uv": [4, 9, 5, 12], "texture": "#0"},
				"south": {"uv": [8, 9, 10, 12], "texture": "#0"},
				"west": {"uv": [7, 9, 8, 12], "texture": "#0"},
				"up": {"uv": [7, 9, 5, 8], "texture": "#0"},
				"down": {"uv": [9, 8, 7, 9], "texture": "#0"}
			}
		},
		{
			"name": "right_arm_2nd_layer",
			"from": [12.6, 5.825, 9.95],
			"to": [17.59, 18.825, 14.95],
			"rotation": {"angle": 22.5, "axis": "x", "origin": [7.99938, 16.40312, 8.775]},
			"faces": {
				"north": {"uv": [11, 9, 12, 12], "texture": "#0"},
				"east": {"uv": [10, 9, 11, 12], "texture": "#0"},
				"south": {"uv": [13, 9, 14, 12], "texture": "#0"},
				"west": {"uv": [12, 9, 13, 12], "texture": "#0"},
				"up": {"uv": [12, 9, 11, 8], "texture": "#0"},
				"down": {"uv": [13, 8, 12, 9], "texture": "#0"}
			}
		},
		{
			"name": "left_arm_2nd_layer",
			"from": [0.6, 5.825, 9.95],
			"to": [5.6, 18.825, 14.95],
			"rotation": {"angle": 22.5, "axis": "x", "origin": [7.99938, 16.40312, 8.775]},
			"faces": {
				"north": {"uv": [13, 13, 14, 16], "texture": "#0"},
				"east": {"uv": [12, 13, 13, 16], "texture": "#0"},
				"south": {"uv": [15, 13, 16, 16], "texture": "#0"},
				"west": {"uv": [14, 13, 15, 16], "texture": "#0"},
				"up": {"uv": [14, 13, 13, 12], "texture": "#0"},
				"down": {"uv": [15, 12, 14, 13], "texture": "#0"}
			}
		},
		{
			"name": "right_leg_2nd_layer",
			"from": [7.5, -7.05, 5.5],
			"to": [12.5, 5.95, 10.5],
			"rotation": {"angle": 45, "axis": "x", "origin": [8, 5.5, 8]},
			"faces": {
				"north": {"uv": [1, 9, 2, 12], "texture": "#0"},
				"east": {"uv": [0, 9, 1, 12], "texture": "#0"},
				"south": {"uv": [3, 9, 4, 12], "texture": "#0"},
				"west": {"uv": [2, 9, 3, 12], "texture": "#0"},
				"up": {"uv": [2, 9, 1, 8], "texture": "#0"},
				"down": {"uv": [3, 8, 2, 9], "texture": "#0"}
			}
		},
		{
			"name": "left_leg_2nd_layer",
			"from": [3.5, -7.05, 5.5],
			"to": [8.5, 5.95, 10.5],
			"rotation": {"angle": 45, "axis": "x", "origin": [8, 5.5, 8]},
			"faces": {
				"north": {"uv": [1, 13, 2, 16], "texture": "#0"},
				"east": {"uv": [0, 13, 1, 16], "texture": "#0"},
				"south": {"uv": [3, 13, 4, 16], "texture": "#0"},
				"west": {"uv": [2, 13, 3, 16], "texture": "#0"},
				"up": {"uv": [2, 12, 1, 11], "texture": "#0"},
				"down": {"uv": [3, 12, 2, 13], "texture": "#0"}
			}
		},
		{
			"name": "zPolearm x128",
			"from": [7.04353, 9.10545, 6.44164],
			"to": [7.29978, 10.13045, 13.10414],
			"rotation": {"angle": -22.5, "axis": "z", "origin": [7.17166, 11.09586, 8]},
			"faces": {
				"north": {"uv": [9.375, 8.0625, 8.875, 7.9375], "rotation": 270, "texture": "#zPolearm_texture_2"},
				"east": {"uv": [6.625, 1.75, 7.125, 5], "rotation": 270, "texture": "#texture"},
				"south": {"uv": [6.625, 7.9375, 7.125, 8.0625], "rotation": 270, "texture": "#zPolearm_texture_2"},
				"west": {"uv": [8.875, 1.75, 9.375, 5], "rotation": 90, "texture": "#zPolearminv"},
				"up": {"uv": [7.9375, 1.75, 8.0625, 5], "rotation": 180, "texture": "#zPolearm_texture_2"},
				"down": {"uv": [7.9375, 1.75, 8.0625, 5], "texture": "#zPolearm_texture_2"}
			}
		},
		{
			"name": "zPolearm x128",
			"from": [7.04353, 9.3617, 13.10414],
			"to": [7.29978, 11.15545, 13.36039],
			"rotation": {"angle": -22.5, "axis": "z", "origin": [7.17166, 11.09586, 8]},
			"faces": {
				"north": {"uv": [9.25, 8.0625, 8.375, 7.9375], "rotation": 270, "texture": "#zPolearm_texture_2"},
				"east": {"uv": [6.75, 1.625, 7.625, 1.75], "rotation": 270, "texture": "#texture"},
				"south": {"uv": [6.75, 7.9375, 7.625, 8.0625], "rotation": 270, "texture": "#zPolearm_texture_2"},
				"west": {"uv": [8.375, 1.625, 9.25, 1.75], "rotation": 90, "texture": "#zPolearminv"},
				"up": {"uv": [7.9375, 1.625, 8.0625, 1.75], "rotation": 180, "texture": "#zPolearm_texture_2"},
				"down": {"uv": [7.9375, 1.625, 8.0625, 1.75], "texture": "#zPolearm_texture_2"}
			}
		},
		{
			"name": "zPolearm x128",
			"from": [7.04353, 9.3617, 6.18539],
			"to": [7.29978, 10.8992, 6.44164],
			"rotation": {"angle": -22.5, "axis": "z", "origin": [7.17166, 11.09586, 8]},
			"faces": {
				"north": {"uv": [9.25, 8.0625, 8.5, 7.9375], "rotation": 270, "texture": "#zPolearm_texture_2"},
				"east": {"uv": [6.75, 5, 7.5, 5.125], "rotation": 270, "texture": "#texture"},
				"south": {"uv": [6.75, 7.9375, 7.5, 8.0625], "rotation": 270, "texture": "#zPolearm_texture_2"},
				"west": {"uv": [8.5, 5, 9.25, 5.125], "rotation": 90, "texture": "#zPolearminv"},
				"up": {"uv": [7.9375, 5, 8.0625, 5.125], "rotation": 180, "texture": "#zPolearm_texture_2"},
				"down": {"uv": [7.9375, 5, 8.0625, 5.125], "texture": "#zPolearm_texture_2"}
			}
		},
		{
			"name": "zPolearm x128",
			"from": [7.04353, 9.61795, 13.36039],
			"to": [7.29978, 11.15545, 13.87289],
			"rotation": {"angle": -22.5, "axis": "z", "origin": [7.17166, 11.09586, 8]},
			"faces": {
				"north": {"uv": [9.125, 8.0625, 8.375, 7.9375], "rotation": 270, "texture": "#zPolearm_texture_2"},
				"east": {"uv": [6.875, 1.375, 7.625, 1.625], "rotation": 270, "texture": "#texture"},
				"south": {"uv": [6.875, 7.9375, 7.625, 8.0625], "rotation": 270, "texture": "#zPolearm_texture_2"},
				"west": {"uv": [8.375, 1.375, 9.125, 1.625], "rotation": 90, "texture": "#zPolearminv"},
				"up": {"uv": [7.9375, 1.375, 8.0625, 1.625], "rotation": 180, "texture": "#zPolearm_texture_2"},
				"down": {"uv": [7.9375, 1.375, 8.0625, 1.625], "texture": "#zPolearm_texture_2"}
			}
		},
		{
			"name": "zPolearm x128",
			"from": [7.04353, 9.8742, 13.87289],
			"to": [7.29978, 11.15545, 14.12914],
			"rotation": {"angle": -22.5, "axis": "z", "origin": [7.17166, 11.09586, 8]},
			"faces": {
				"north": {"uv": [9, 8.0625, 8.375, 7.9375], "rotation": 270, "texture": "#zPolearm_texture_2"},
				"east": {"uv": [7, 1.25, 7.625, 1.375], "rotation": 270, "texture": "#texture"},
				"south": {"uv": [7, 7.9375, 7.625, 8.0625], "rotation": 270, "texture": "#zPolearm_texture_2"},
				"west": {"uv": [8.375, 1.25, 9, 1.375], "rotation": 90, "texture": "#zPolearminv"},
				"up": {"uv": [7.9375, 1.25, 8.0625, 1.375], "rotation": 180, "texture": "#zPolearm_texture_2"},
				"down": {"uv": [7.9375, 1.25, 8.0625, 1.375], "texture": "#zPolearm_texture_2"}
			}
		},
		{
			"name": "zPolearm x128",
			"from": [7.04353, 10.13045, 14.12914],
			"to": [7.29978, 11.15545, 14.38539],
			"rotation": {"angle": -22.5, "axis": "z", "origin": [7.17166, 11.09586, 8]},
			"faces": {
				"north": {"uv": [8.875, 8.0625, 8.375, 7.9375], "rotation": 270, "texture": "#zPolearm_texture_2"},
				"east": {"uv": [7.125, 1.125, 7.625, 1.25], "rotation": 270, "texture": "#texture"},
				"south": {"uv": [7.125, 7.9375, 7.625, 8.0625], "rotation": 270, "texture": "#zPolearm_texture_2"},
				"west": {"uv": [8.375, 1.125, 8.875, 1.25], "rotation": 90, "texture": "#zPolearminv"},
				"up": {"uv": [7.9375, 1.125, 8.0625, 1.25], "rotation": 180, "texture": "#zPolearm_texture_2"},
				"down": {"uv": [7.9375, 1.125, 8.0625, 1.25], "texture": "#zPolearm_texture_2"}
			}
		},
		{
			"name": "zPolearm x128",
			"from": [7.04353, 10.13045, 9.00414],
			"to": [7.29978, 11.15545, 13.10414],
			"rotation": {"angle": -22.5, "axis": "z", "origin": [7.17166, 11.09586, 8]},
			"faces": {
				"north": {"uv": [8.875, 8.0625, 8.375, 7.9375], "rotation": 270, "texture": "#zPolearm_texture_2"},
				"east": {"uv": [7.125, 1.75, 7.625, 3.75], "rotation": 270, "texture": "#texture"},
				"south": {"uv": [7.125, 7.9375, 7.625, 8.0625], "rotation": 270, "texture": "#zPolearm_texture_2"},
				"west": {"uv": [8.375, 1.75, 8.875, 3.75], "rotation": 90, "texture": "#zPolearminv"},
				"up": {"uv": [7.9375, 1.75, 8.0625, 3.75], "rotation": 180, "texture": "#zPolearm_texture_2"},
				"down": {"uv": [7.9375, 1.75, 8.0625, 3.75], "texture": "#zPolearm_texture_2"}
			}
		},
		{
			"name": "zPolearm x128",
			"from": [7.04353, 10.13045, 7.46664],
			"to": [7.29978, 11.15545, 8.49164],
			"rotation": {"angle": -22.5, "axis": "z", "origin": [7.17166, 11.09586, 8]},
			"faces": {
				"north": {"uv": [8.875, 8.0625, 8.375, 7.9375], "rotation": 270, "texture": "#zPolearm_texture_2"},
				"east": {"uv": [7.125, 4, 7.625, 4.5], "rotation": 270, "texture": "#texture"},
				"south": {"uv": [7.125, 7.9375, 7.625, 8.0625], "rotation": 270, "texture": "#zPolearm_texture_2"},
				"west": {"uv": [8.375, 4, 8.875, 4.5], "rotation": 90, "texture": "#zPolearminv"},
				"up": {"uv": [7.9375, 4, 8.0625, 4.5], "rotation": 180, "texture": "#zPolearm_texture_2"},
				"down": {"uv": [7.9375, 4, 8.0625, 4.5], "texture": "#zPolearm_texture_2"}
			}
		},
		{
			"name": "zPolearm x128",
			"from": [7.04353, 10.13045, 6.44164],
			"to": [7.29978, 11.15545, 6.95414],
			"rotation": {"angle": -22.5, "axis": "z", "origin": [7.17166, 11.09586, 8]},
			"faces": {
				"north": {"uv": [8.875, 8.0625, 8.375, 7.9375], "rotation": 270, "texture": "#zPolearm_texture_2"},
				"east": {"uv": [7.125, 4.75, 7.625, 5], "rotation": 270, "texture": "#texture"},
				"south": {"uv": [7.125, 7.9375, 7.625, 8.0625], "rotation": 270, "texture": "#zPolearm_texture_2"},
				"west": {"uv": [8.375, 4.75, 8.875, 5], "rotation": 90, "texture": "#zPolearminv"},
				"up": {"uv": [7.9375, 4.75, 8.0625, 5], "rotation": 180, "texture": "#zPolearm_texture_2"},
				"down": {"uv": [7.9375, 4.75, 8.0625, 5], "texture": "#zPolearm_texture_2"}
			}
		},
		{
			"name": "zPolearm x128",
			"from": [7.04353, 10.3867, 14.38539],
			"to": [7.29978, 11.15545, 14.89789],
			"rotation": {"angle": -22.5, "axis": "z", "origin": [7.17166, 11.09586, 8]},
			"faces": {
				"north": {"uv": [8.75, 8.0625, 8.375, 7.9375], "rotation": 270, "texture": "#zPolearm_texture_2"},
				"east": {"uv": [7.25, 0.875, 7.625, 1.125], "rotation": 270, "texture": "#texture"},
				"south": {"uv": [7.25, 7.9375, 7.625, 8.0625], "rotation": 270, "texture": "#zPolearm_texture_2"},
				"west": {"uv": [8.375, 0.875, 8.75, 1.125], "rotation": 90, "texture": "#zPolearminv"},
				"up": {"uv": [7.9375, 0.875, 8.0625, 1.125], "rotation": 180, "texture": "#zPolearm_texture_2"},
				"down": {"uv": [7.9375, 0.875, 8.0625, 1.125], "texture": "#zPolearm_texture_2"}
			}
		},
		{
			"name": "zPolearm x128",
			"from": [7.04353, 10.64295, 14.89789],
			"to": [7.29978, 11.15545, 15.15414],
			"rotation": {"angle": -22.5, "axis": "z", "origin": [7.17166, 11.09586, 8]},
			"faces": {
				"north": {"uv": [8.625, 8.0625, 8.375, 7.9375], "rotation": 270, "texture": "#zPolearm_texture_2"},
				"east": {"uv": [7.375, 0.75, 7.625, 0.875], "rotation": 270, "texture": "#texture"},
				"south": {"uv": [7.375, 7.9375, 7.625, 8.0625], "rotation": 270, "texture": "#zPolearm_texture_2"},
				"west": {"uv": [8.375, 0.75, 8.625, 0.875], "rotation": 90, "texture": "#zPolearminv"},
				"up": {"uv": [7.9375, 0.75, 8.0625, 0.875], "rotation": 180, "texture": "#zPolearm_texture_2"},
				"down": {"uv": [7.9375, 0.75, 8.0625, 0.875], "texture": "#zPolearm_texture_2"}
			}
		},
		{
			"name": "zPolearm x128",
			"from": [7.04353, 10.64295, 8.49164],
			"to": [7.29978, 11.15545, 9.00414],
			"rotation": {"angle": -22.5, "axis": "z", "origin": [7.17166, 11.09586, 8]},
			"faces": {
				"north": {"uv": [8.625, 8.0625, 8.375, 7.9375], "rotation": 270, "texture": "#zPolearm_texture_2"},
				"east": {"uv": [7.375, 3.75, 7.625, 4], "rotation": 270, "texture": "#texture"},
				"south": {"uv": [7.375, 7.9375, 7.625, 8.0625], "rotation": 270, "texture": "#zPolearm_texture_2"},
				"west": {"uv": [8.375, 3.75, 8.625, 4], "rotation": 90, "texture": "#zPolearminv"},
				"up": {"uv": [7.9375, 3.75, 8.0625, 4], "rotation": 180, "texture": "#zPolearm_texture_2"},
				"down": {"uv": [7.9375, 3.75, 8.0625, 4], "texture": "#zPolearm_texture_2"}
			}
		},
		{
			"name": "zPolearm x128",
			"from": [7.04353, 10.64295, 6.95414],
			"to": [7.29978, 11.15545, 7.46664],
			"rotation": {"angle": -22.5, "axis": "z", "origin": [7.17166, 11.09586, 8]},
			"faces": {
				"north": {"uv": [8.625, 8.0625, 8.375, 7.9375], "rotation": 270, "texture": "#zPolearm_texture_2"},
				"east": {"uv": [7.375, 4.5, 7.625, 4.75], "rotation": 270, "texture": "#texture"},
				"south": {"uv": [7.375, 7.9375, 7.625, 8.0625], "rotation": 270, "texture": "#zPolearm_texture_2"},
				"west": {"uv": [8.375, 4.5, 8.625, 4.75], "rotation": 90, "texture": "#zPolearminv"},
				"up": {"uv": [7.9375, 4.5, 8.0625, 4.75], "rotation": 180, "texture": "#zPolearm_texture_2"},
				"down": {"uv": [7.9375, 4.5, 8.0625, 4.75], "texture": "#zPolearm_texture_2"}
			}
		},
		{
			"name": "zPolearm x128",
			"from": [7.04353, 10.8992, 15.15414],
			"to": [7.29978, 11.15545, 15.41039],
			"rotation": {"angle": -22.5, "axis": "z", "origin": [7.17166, 11.09586, 8]},
			"faces": {
				"north": {"uv": [8.5, 8.0625, 8.375, 7.9375], "rotation": 270, "texture": "#zPolearm_texture_2"},
				"east": {"uv": [7.5, 0.625, 7.625, 0.75], "rotation": 270, "texture": "#texture"},
				"south": {"uv": [7.5, 7.9375, 7.625, 8.0625], "rotation": 270, "texture": "#zPolearm_texture_2"},
				"west": {"uv": [8.375, 0.625, 8.5, 0.75], "rotation": 90, "texture": "#zPolearminv"},
				"up": {"uv": [7.9375, 0.625, 8.0625, 0.75], "rotation": 180, "texture": "#zPolearm_texture_2"},
				"down": {"uv": [7.9375, 0.625, 8.0625, 0.75], "texture": "#zPolearm_texture_2"}
			}
		},
		{
			"name": "zPolearm x128",
			"from": [6.91541, 11.15545, 11.82289],
			"to": [7.42791, 12.4367, 13.10414],
			"rotation": {"angle": -22.5, "axis": "z", "origin": [7.17166, 11.09586, 8]},
			"faces": {
				"north": {"uv": [8.375, 8.125, 7.75, 7.875], "rotation": 270, "texture": "#zPolearm_texture_2"},
				"east": {"uv": [7.625, 1.75, 8.25, 2.375], "rotation": 270, "texture": "#texture"},
				"south": {"uv": [7.625, 7.875, 8.25, 8.125], "rotation": 270, "texture": "#zPolearm_texture_2"},
				"west": {"uv": [7.75, 1.75, 8.375, 2.375], "rotation": 90, "texture": "#zPolearminv"},
				"up": {"uv": [7.875, 1.75, 8.125, 2.375], "rotation": 180, "texture": "#zPolearm_texture_2"},
				"down": {"uv": [7.875, 1.75, 8.125, 2.375], "texture": "#zPolearm_texture_2"}
			}
		},
		{
			"name": "zPolearm x128",
			"from": [6.91541, 11.15545, 10.28539],
			"to": [7.42791, 12.4367, 11.56664],
			"rotation": {"angle": -22.5, "axis": "z", "origin": [7.17166, 11.09586, 8]},
			"faces": {
				"north": {"uv": [8.375, 8.125, 7.75, 7.875], "rotation": 270, "texture": "#zPolearm_texture_2"},
				"east": {"uv": [7.625, 2.5, 8.25, 3.125], "rotation": 270, "texture": "#texture"},
				"south": {"uv": [7.625, 7.875, 8.25, 8.125], "rotation": 270, "texture": "#zPolearm_texture_2"},
				"west": {"uv": [7.75, 2.5, 8.375, 3.125], "rotation": 90, "texture": "#zPolearminv"},
				"up": {"uv": [7.875, 2.5, 8.125, 3.125], "rotation": 180, "texture": "#zPolearm_texture_2"},
				"down": {"uv": [7.875, 2.5, 8.125, 3.125], "texture": "#zPolearm_texture_2"}
			}
		},
		{
			"name": "zPolearm x128",
			"from": [6.91541, 11.15545, 3.11039],
			"to": [7.42791, 12.69295, 4.39164],
			"rotation": {"angle": -22.5, "axis": "z", "origin": [7.17166, 11.09586, 8]},
			"faces": {
				"north": {"uv": [8.375, 8.125, 7.625, 7.875], "rotation": 270, "texture": "#zPolearm_texture_2"},
				"east": {"uv": [7.625, 6, 8.375, 6.625], "rotation": 270, "texture": "#texture"},
				"south": {"uv": [7.625, 7.875, 8.375, 8.125], "rotation": 270, "texture": "#zPolearm_texture_2"},
				"west": {"uv": [7.625, 6, 8.375, 6.625], "rotation": 90, "texture": "#zPolearminv"},
				"up": {"uv": [7.875, 6, 8.125, 6.625], "rotation": 180, "texture": "#zPolearm_texture_2"},
				"down": {"uv": [7.875, 6, 8.125, 6.625], "texture": "#zPolearm_texture_2"}
			}
		},
		{
			"name": "zPolearm x128",
			"from": [6.91541, 11.15545, -2.52711],
			"to": [7.42791, 12.69295, -1.24586],
			"rotation": {"angle": -22.5, "axis": "z", "origin": [7.17166, 11.09586, 8]},
			"faces": {
				"north": {"uv": [8.375, 8.125, 7.625, 7.875], "rotation": 270, "texture": "#zPolearm_texture_2"},
				"east": {"uv": [7.625, 8.75, 8.375, 9.375], "rotation": 270, "texture": "#texture"},
				"south": {"uv": [7.625, 7.875, 8.375, 8.125], "rotation": 270, "texture": "#zPolearm_texture_2"},
				"west": {"uv": [7.625, 8.75, 8.375, 9.375], "rotation": 90, "texture": "#zPolearminv"},
				"up": {"uv": [7.875, 8.75, 8.125, 9.375], "rotation": 180, "texture": "#zPolearm_texture_2"},
				"down": {"uv": [7.875, 8.75, 8.125, 9.375], "texture": "#zPolearm_texture_2"}
			}
		},
		{
			"name": "zPolearm x128",
			"from": [6.91541, 11.4117, 13.10414],
			"to": [7.42791, 12.4367, 13.36039],
			"rotation": {"angle": -22.5, "axis": "z", "origin": [7.17166, 11.09586, 8]},
			"faces": {
				"north": {"uv": [8.25, 8.125, 7.75, 7.875], "rotation": 270, "texture": "#texture"},
				"east": {"uv": [7.75, 1.625, 8.25, 1.75], "rotation": 270, "texture": "#texture"},
				"south": {"uv": [7.75, 7.875, 8.25, 8.125], "rotation": 270, "texture": "#texture"},
				"west": {"uv": [7.75, 1.625, 8.25, 1.75], "rotation": 90, "texture": "#texture"},
				"up": {"uv": [7.875, 1.625, 8.125, 1.75], "rotation": 180, "texture": "#texture"},
				"down": {"uv": [7.875, 1.625, 8.125, 1.75], "texture": "#texture"}
			}
		},
		{
			"name": "zPolearm x128",
			"from": [6.91541, 11.4117, 11.56664],
			"to": [7.42791, 12.4367, 11.82289],
			"rotation": {"angle": -22.5, "axis": "z", "origin": [7.17166, 11.09586, 8]},
			"faces": {
				"north": {"uv": [8.25, 8.125, 7.75, 7.875], "rotation": 270, "texture": "#texture"},
				"east": {"uv": [7.75, 2.375, 8.25, 2.5], "rotation": 270, "texture": "#texture"},
				"south": {"uv": [7.75, 7.875, 8.25, 8.125], "rotation": 270, "texture": "#texture"},
				"west": {"uv": [7.75, 2.375, 8.25, 2.5], "rotation": 90, "texture": "#texture"},
				"up": {"uv": [7.875, 2.375, 8.125, 2.5], "rotation": 180, "texture": "#texture"},
				"down": {"uv": [7.875, 2.375, 8.125, 2.5], "texture": "#texture"}
			}
		},
		{
			"name": "zPolearm x128",
			"from": [6.91541, 11.4117, 4.39164],
			"to": [7.42791, 12.4367, 10.28539],
			"rotation": {"angle": -22.5, "axis": "z", "origin": [7.17166, 11.09586, 8]},
			"faces": {
				"north": {"uv": [8.25, 8.125, 7.75, 7.875], "rotation": 270, "texture": "#texture"},
				"east": {"uv": [7.75, 3.125, 8.25, 6], "rotation": 270, "texture": "#texture"},
				"south": {"uv": [7.75, 7.875, 8.25, 8.125], "rotation": 270, "texture": "#texture"},
				"west": {"uv": [7.75, 3.125, 8.25, 6], "rotation": 90, "texture": "#texture"},
				"up": {"uv": [7.875, 3.125, 8.125, 6], "rotation": 180, "texture": "#texture"},
				"down": {"uv": [7.875, 3.125, 8.125, 6], "texture": "#texture"}
			}
		},
		{
			"name": "zPolearm x128",
			"from": [6.91541, 11.4117, -1.24586],
			"to": [7.42791, 12.4367, 3.11039],
			"rotation": {"angle": -22.5, "axis": "z", "origin": [7.17166, 11.09586, 8]},
			"faces": {
				"north": {"uv": [8.25, 8.125, 7.75, 7.875], "rotation": 270, "texture": "#texture"},
				"east": {"uv": [7.75, 6.625, 8.25, 8.75], "rotation": 270, "texture": "#texture"},
				"south": {"uv": [7.75, 7.875, 8.25, 8.125], "rotation": 270, "texture": "#texture"},
				"west": {"uv": [7.75, 6.625, 8.25, 8.75], "rotation": 90, "texture": "#texture"},
				"up": {"uv": [7.875, 6.625, 8.125, 8.75], "rotation": 180, "texture": "#texture"},
				"down": {"uv": [7.875, 6.625, 8.125, 8.75], "texture": "#texture"}
			}
		},
		{
			"name": "zPolearm x128",
			"from": [6.91541, 11.4117, -14.31461],
			"to": [7.42791, 12.4367, -2.52711],
			"rotation": {"angle": -22.5, "axis": "z", "origin": [7.17166, 11.09586, 8]},
			"faces": {
				"north": {"uv": [8.25, 8.125, 7.75, 7.875], "rotation": 270, "texture": "#texture"},
				"east": {"uv": [7.75, 9.375, 8.25, 15.125], "rotation": 270, "texture": "#texture"},
				"south": {"uv": [7.75, 7.875, 8.25, 8.125], "rotation": 270, "texture": "#texture"},
				"west": {"uv": [7.75, 9.375, 8.25, 15.125], "rotation": 90, "texture": "#texture"},
				"up": {"uv": [7.875, 9.375, 8.125, 15.125], "rotation": 180, "texture": "#texture"},
				"down": {"uv": [7.875, 9.375, 8.125, 15.125], "texture": "#texture"}
			}
		},
		{
			"name": "zPolearm x128",
			"from": [6.91541, 11.66795, 13.36039],
			"to": [7.42791, 12.18045, 13.61664],
			"rotation": {"angle": -22.5, "axis": "z", "origin": [7.17166, 11.09586, 8]},
			"faces": {
				"north": {"uv": [8.125, 8.125, 7.875, 7.875], "rotation": 270, "texture": "#texture"},
				"east": {"uv": [7.875, 1.5, 8.125, 1.625], "rotation": 270, "texture": "#texture"},
				"south": {"uv": [7.875, 7.875, 8.125, 8.125], "rotation": 270, "texture": "#texture"},
				"west": {"uv": [7.875, 1.5, 8.125, 1.625], "rotation": 90, "texture": "#texture"},
				"up": {"uv": [7.875, 1.5, 8.125, 1.625], "rotation": 180, "texture": "#texture"},
				"down": {"uv": [7.875, 1.5, 8.125, 1.625], "texture": "#texture"}
			}
		},
		{
			"name": "zPolearm x128",
			"from": [6.91541, 11.66795, -14.57086],
			"to": [7.42791, 12.18045, -14.31461],
			"rotation": {"angle": -22.5, "axis": "z", "origin": [7.17166, 11.09586, 8]},
			"faces": {
				"north": {"uv": [8.125, 8.125, 7.875, 7.875], "rotation": 270, "texture": "#texture"},
				"east": {"uv": [7.875, 15.125, 8.125, 15.25], "rotation": 270, "texture": "#texture"},
				"south": {"uv": [7.875, 7.875, 8.125, 8.125], "rotation": 270, "texture": "#texture"},
				"west": {"uv": [7.875, 15.125, 8.125, 15.25], "rotation": 90, "texture": "#texture"},
				"up": {"uv": [7.875, 15.125, 8.125, 15.25], "rotation": 180, "texture": "#texture"},
				"down": {"uv": [7.875, 15.125, 8.125, 15.25], "texture": "#texture"}
			}
		},
		{
			"name": "zPolearm x128",
			"from": [6.91541, 12.4367, 12.33539],
			"to": [7.42791, 12.69295, 12.59164],
			"rotation": {"angle": -22.5, "axis": "z", "origin": [7.17166, 11.09586, 8]},
			"faces": {
				"north": {"uv": [7.75, 8.125, 7.625, 7.875], "rotation": 270, "texture": "#zPolearm_texture_2"},
				"east": {"uv": [8.25, 2, 8.375, 2.125], "rotation": 270, "texture": "#texture"},
				"south": {"uv": [8.25, 7.875, 8.375, 8.125], "rotation": 270, "texture": "#zPolearm_texture_2"},
				"west": {"uv": [7.625, 2, 7.75, 2.125], "rotation": 90, "texture": "#zPolearminv"},
				"up": {"uv": [7.875, 2, 8.125, 2.125], "rotation": 180, "texture": "#zPolearm_texture_2"},
				"down": {"uv": [7.875, 2, 8.125, 2.125], "texture": "#zPolearm_texture_2"}
			}
		},
		{
			"name": "zPolearm x128",
			"from": [6.91541, 12.4367, 10.79789],
			"to": [7.42791, 12.69295, 11.05414],
			"rotation": {"angle": -22.5, "axis": "z", "origin": [7.17166, 11.09586, 8]},
			"faces": {
				"north": {"uv": [7.75, 8.125, 7.625, 7.875], "rotation": 270, "texture": "#zPolearm_texture_2"},
				"east": {"uv": [8.25, 2.75, 8.375, 2.875], "rotation": 270, "texture": "#texture"},
				"south": {"uv": [8.25, 7.875, 8.375, 8.125], "rotation": 270, "texture": "#zPolearm_texture_2"},
				"west": {"uv": [7.625, 2.75, 7.75, 2.875], "rotation": 90, "texture": "#zPolearminv"},
				"up": {"uv": [7.875, 2.75, 8.125, 2.875], "rotation": 180, "texture": "#zPolearm_texture_2"},
				"down": {"uv": [7.875, 2.75, 8.125, 2.875], "texture": "#zPolearm_texture_2"}
			}
		},
		{
			"from": [6.65916, 11.66795, -14.31461],
			"to": [7.68416, 12.18045, 13.36039],
			"rotation": {"angle": -22.5, "axis": "z", "origin": [7.17166, 11.09586, 8]},
			"faces": {
				"north": {"uv": [8.125, 8.25, 7.875, 7.75], "rotation": 270, "texture": "#texture"},
				"east": {"uv": [7.875, 1.625, 8.125, 15.125], "rotation": 270, "texture": "#texture"},
				"south": {"uv": [7.875, 7.75, 8.125, 8.25], "rotation": 270, "texture": "#texture"},
				"west": {"uv": [7.875, 1.625, 8.125, 15.125], "rotation": 90, "texture": "#zPolearminv"},
				"up": {"uv": [7.75, 1.625, 8.25, 15.125], "rotation": 180, "texture": "#texture"},
				"down": {"uv": [7.75, 1.625, 8.25, 15.125], "texture": "#texture"}
			}
		},
		{
			"from": [6.65916, 11.4117, 3.11039],
			"to": [7.68416, 12.4367, 4.39164],
			"rotation": {"angle": -22.5, "axis": "z", "origin": [7.17166, 11.09586, 8]},
			"faces": {
				"north": {"uv": [8.25, 8.25, 7.75, 7.75], "rotation": 270, "texture": "#zPolearm_texture_2"},
				"east": {"uv": [7.75, 6, 8.25, 6.625], "rotation": 270, "texture": "#texture"},
				"south": {"uv": [7.75, 7.75, 8.25, 8.25], "rotation": 270, "texture": "#zPolearm_texture_2"},
				"west": {"uv": [7.75, 6, 8.25, 6.625], "rotation": 90, "texture": "#zPolearminv"},
				"up": {"uv": [7.75, 6, 8.25, 6.625], "rotation": 180, "texture": "#zPolearm_texture_2"},
				"down": {"uv": [7.75, 6, 8.25, 6.625], "texture": "#zPolearm_texture_2"}
			}
		},
		{
			"from": [6.65916, 11.4117, -2.52711],
			"to": [7.68416, 12.4367, -1.24586],
			"rotation": {"angle": -22.5, "axis": "z", "origin": [7.17166, 11.09586, 8]},
			"faces": {
				"north": {"uv": [8.25, 8.25, 7.75, 7.75], "rotation": 270, "texture": "#zPolearm_texture_2"},
				"east": {"uv": [7.75, 8.75, 8.25, 9.375], "rotation": 270, "texture": "#texture"},
				"south": {"uv": [7.75, 7.75, 8.25, 8.25], "rotation": 270, "texture": "#zPolearm_texture_2"},
				"west": {"uv": [7.75, 8.75, 8.25, 9.375], "rotation": 90, "texture": "#zPolearminv"},
				"up": {"uv": [7.75, 8.75, 8.25, 9.375], "rotation": 180, "texture": "#zPolearm_texture_2"},
				"down": {"uv": [7.75, 8.75, 8.25, 9.375], "texture": "#zPolearm_texture_2"}
			}
		},
		{
			"from": [6.40291, 11.66795, 3.11039],
			"to": [7.94041, 12.18045, 4.39164],
			"rotation": {"angle": -22.5, "axis": "z", "origin": [7.17166, 11.09586, 8]},
			"faces": {
				"north": {"uv": [8.125, 8.375, 7.875, 7.625], "rotation": 270, "texture": "#zPolearm_texture_2"},
				"east": {"uv": [7.875, 6, 8.125, 6.625], "rotation": 270, "texture": "#texture"},
				"south": {"uv": [7.875, 7.625, 8.125, 8.375], "rotation": 270, "texture": "#zPolearm_texture_2"},
				"west": {"uv": [7.875, 6, 8.125, 6.625], "rotation": 90, "texture": "#zPolearminv"},
				"up": {"uv": [7.625, 6, 8.375, 6.625], "rotation": 180, "texture": "#zPolearm_texture_2"},
				"down": {"uv": [7.625, 6, 8.375, 6.625], "texture": "#zPolearm_texture_2"}
			}
		},
		{
			"from": [6.40291, 11.66795, -2.52711],
			"to": [7.94041, 12.18045, -1.24586],
			"rotation": {"angle": -22.5, "axis": "z", "origin": [7.17166, 11.09586, 8]},
			"faces": {
				"north": {"uv": [8.125, 8.375, 7.875, 7.625], "rotation": 270, "texture": "#zPolearm_texture_2"},
				"east": {"uv": [7.875, 8.75, 8.125, 9.375], "rotation": 270, "texture": "#texture"},
				"south": {"uv": [7.875, 7.625, 8.125, 8.375], "rotation": 270, "texture": "#zPolearm_texture_2"},
				"west": {"uv": [7.875, 8.75, 8.125, 9.375], "rotation": 90, "texture": "#zPolearminv"},
				"up": {"uv": [7.625, 8.75, 8.375, 9.375], "rotation": 180, "texture": "#zPolearm_texture_2"},
				"down": {"uv": [7.625, 8.75, 8.375, 9.375], "texture": "#zPolearm_texture_2"}
			}
		},
		{
			"from": [6.65916, 11.15545, 10.79789],
			"to": [7.68416, 12.4367, 11.05414],
			"rotation": {"angle": -22.5, "axis": "z", "origin": [7.17166, 11.09586, 8]},
			"faces": {
				"north": {"uv": [8.375, 8.25, 7.75, 7.75], "rotation": 270, "texture": "#zPolearm_texture_2"},
				"east": {"uv": [7.625, 2.75, 8.25, 2.875], "rotation": 270, "texture": "#texture"},
				"south": {"uv": [7.625, 7.75, 8.25, 8.25], "rotation": 270, "texture": "#zPolearm_texture_2"},
				"west": {"uv": [7.75, 2.75, 8.375, 2.875], "rotation": 90, "texture": "#zPolearminv"},
				"up": {"uv": [7.75, 2.75, 8.25, 2.875], "rotation": 180, "texture": "#zPolearm_texture_2"},
				"down": {"uv": [7.75, 2.75, 8.25, 2.875], "texture": "#zPolearm_texture_2"}
			}
		},
		{
			"from": [6.65916, 11.15545, 12.33539],
			"to": [7.68416, 12.4367, 12.59164],
			"rotation": {"angle": -22.5, "axis": "z", "origin": [7.17166, 11.09586, 8]},
			"faces": {
				"north": {"uv": [8.375, 8.25, 7.75, 7.75], "rotation": 270, "texture": "#zPolearm_texture_2"},
				"east": {"uv": [7.625, 2, 8.25, 2.125], "rotation": 270, "texture": "#texture"},
				"south": {"uv": [7.625, 7.75, 8.25, 8.25], "rotation": 270, "texture": "#zPolearm_texture_2"},
				"west": {"uv": [7.75, 2, 8.375, 2.125], "rotation": 90, "texture": "#zPolearminv"},
				"up": {"uv": [7.75, 2, 8.25, 2.125], "rotation": 180, "texture": "#zPolearm_texture_2"},
				"down": {"uv": [7.75, 2, 8.25, 2.125], "texture": "#zPolearm_texture_2"}
			}
		},
		{
			"from": [6.91541, 10.8992, 6.44164],
			"to": [7.42791, 11.15545, 15.15414],
			"rotation": {"angle": -22.5, "axis": "z", "origin": [7.17166, 11.09586, 8]},
			"faces": {
				"north": {"uv": [8.5, 8.125, 8.375, 7.875], "rotation": 270, "texture": "#zPolearm_texture_2"},
				"east": {"uv": [7.5, 0.75, 7.625, 5], "rotation": 270, "texture": "#texture"},
				"south": {"uv": [7.5, 7.875, 7.625, 8.125], "rotation": 270, "texture": "#zPolearm_texture_2"},
				"west": {"uv": [8.375, 0.75, 8.5, 5], "rotation": 90, "texture": "#zPolearminv"},
				"up": {"uv": [7.875, 0.75, 8.125, 5], "rotation": 180, "texture": "#zPolearm_texture_2"},
				"down": {"uv": [7.875, 0.75, 8.125, 5], "texture": "#zPolearm_texture_2"}
			}
		},
		{
			"from": [6.91541, 10.64295, 6.18539],
			"to": [7.42791, 10.8992, 14.89789],
			"rotation": {"angle": -22.5, "axis": "z", "origin": [7.17166, 11.09586, 8]},
			"faces": {
				"north": {"uv": [8.625, 8.125, 8.5, 7.875], "rotation": 270, "texture": "#zPolearm_texture_2"},
				"east": {"uv": [7.375, 0.875, 7.5, 5.125], "rotation": 270, "texture": "#texture"},
				"south": {"uv": [7.375, 7.875, 7.5, 8.125], "rotation": 270, "texture": "#zPolearm_texture_2"},
				"west": {"uv": [8.5, 0.875, 8.625, 5.125], "rotation": 90, "texture": "#zPolearminv"},
				"up": {"uv": [7.875, 0.875, 8.125, 5.125], "rotation": 180, "texture": "#zPolearm_texture_2"},
				"down": {"uv": [7.875, 0.875, 8.125, 5.125], "texture": "#zPolearm_texture_2"}
			}
		},
		{
			"from": [6.91541, 10.3867, 9.26039],
			"to": [7.42791, 10.64295, 13.36039],
			"rotation": {"angle": -22.5, "axis": "z", "origin": [7.17166, 11.09586, 8]},
			"faces": {
				"north": {"uv": [8.75, 8.125, 8.625, 7.875], "rotation": 270, "texture": "#zPolearm_texture_2"},
				"east": {"uv": [7.25, 1.625, 7.375, 3.625], "rotation": 270, "texture": "#texture"},
				"south": {"uv": [7.25, 7.875, 7.375, 8.125], "rotation": 270, "texture": "#zPolearm_texture_2"},
				"west": {"uv": [8.625, 1.625, 8.75, 3.625], "rotation": 90, "texture": "#zPolearminv"},
				"up": {"uv": [7.875, 1.625, 8.125, 3.625], "rotation": 180, "texture": "#zPolearm_texture_2"},
				"down": {"uv": [7.875, 1.625, 8.125, 3.625], "texture": "#zPolearm_texture_2"}
			}
		},
		{
			"from": [6.91541, 10.13045, 9.26039],
			"to": [7.42791, 10.3867, 13.10414],
			"rotation": {"angle": -22.5, "axis": "z", "origin": [7.17166, 11.09586, 8]},
			"faces": {
				"north": {"uv": [8.875, 8.125, 8.75, 7.875], "rotation": 270, "texture": "#zPolearm_texture_2"},
				"east": {"uv": [7.125, 1.75, 7.25, 3.625], "rotation": 270, "texture": "#texture"},
				"south": {"uv": [7.125, 7.875, 7.25, 8.125], "rotation": 270, "texture": "#zPolearm_texture_2"},
				"west": {"uv": [8.75, 1.75, 8.875, 3.625], "rotation": 90, "texture": "#zPolearminv"},
				"up": {"uv": [7.875, 1.75, 8.125, 3.625], "rotation": 180, "texture": "#zPolearm_texture_2"},
				"down": {"uv": [7.875, 1.75, 8.125, 3.625], "texture": "#zPolearm_texture_2"}
			}
		},
		{
			"from": [6.91541, 10.13045, 7.72289],
			"to": [7.42791, 10.64295, 8.23539],
			"rotation": {"angle": -22.5, "axis": "z", "origin": [7.17166, 11.09586, 8]},
			"faces": {
				"north": {"uv": [8.875, 8.125, 8.625, 7.875], "rotation": 270, "texture": "#zPolearm_texture_2"},
				"east": {"uv": [7.125, 4.125, 7.375, 4.375], "rotation": 270, "texture": "#texture"},
				"south": {"uv": [7.125, 7.875, 7.375, 8.125], "rotation": 270, "texture": "#zPolearm_texture_2"},
				"west": {"uv": [8.625, 4.125, 8.875, 4.375], "rotation": 90, "texture": "#zPolearminv"},
				"up": {"uv": [7.875, 4.125, 8.125, 4.375], "rotation": 180, "texture": "#zPolearm_texture_2"},
				"down": {"uv": [7.875, 4.125, 8.125, 4.375], "texture": "#zPolearm_texture_2"}
			}
		},
		{
			"from": [6.91541, 9.61795, 6.18539],
			"to": [7.42791, 10.64295, 6.44164],
			"rotation": {"angle": -22.5, "axis": "z", "origin": [7.17166, 11.09586, 8]},
			"faces": {
				"north": {"uv": [9.125, 8.125, 8.625, 7.875], "rotation": 270, "texture": "#zPolearm_texture_2"},
				"east": {"uv": [6.875, 5, 7.375, 5.125], "rotation": 270, "texture": "#texture"},
				"south": {"uv": [6.875, 7.875, 7.375, 8.125], "rotation": 270, "texture": "#zPolearm_texture_2"},
				"west": {"uv": [8.625, 5, 9.125, 5.125], "rotation": 90, "texture": "#zPolearminv"},
				"up": {"uv": [7.875, 5, 8.125, 5.125], "rotation": 180, "texture": "#zPolearm_texture_2"},
				"down": {"uv": [7.875, 5, 8.125, 5.125], "texture": "#zPolearm_texture_2"}
			}
		},
		{
			"from": [6.91541, 9.8742, 6.44164],
			"to": [7.42791, 10.13045, 6.95414],
			"rotation": {"angle": -22.5, "axis": "z", "origin": [7.17166, 11.09586, 8]},
			"faces": {
				"north": {"uv": [9, 8.125, 8.875, 7.875], "rotation": 270, "texture": "#zPolearm_texture_2"},
				"east": {"uv": [7, 4.75, 7.125, 5], "rotation": 270, "texture": "#texture"},
				"south": {"uv": [7, 7.875, 7.125, 8.125], "rotation": 270, "texture": "#zPolearm_texture_2"},
				"west": {"uv": [8.875, 4.75, 9, 5], "rotation": 90, "texture": "#zPolearminv"},
				"up": {"uv": [7.875, 4.75, 8.125, 5], "rotation": 180, "texture": "#zPolearm_texture_2"},
				"down": {"uv": [7.875, 4.75, 8.125, 5], "texture": "#zPolearm_texture_2"}
			}
		},
		{
			"from": [6.91541, 9.61795, 6.44164],
			"to": [7.42791, 9.8742, 6.69789],
			"rotation": {"angle": -22.5, "axis": "z", "origin": [7.17166, 11.09586, 8]},
			"faces": {
				"north": {"uv": [9.125, 8.125, 9, 7.875], "rotation": 270, "texture": "#zPolearm_texture_2"},
				"east": {"uv": [6.875, 4.875, 7, 5], "rotation": 270, "texture": "#texture"},
				"south": {"uv": [6.875, 7.875, 7, 8.125], "rotation": 270, "texture": "#zPolearm_texture_2"},
				"west": {"uv": [9, 4.875, 9.125, 5], "rotation": 90, "texture": "#zPolearminv"},
				"up": {"uv": [7.875, 4.875, 8.125, 5], "rotation": 180, "texture": "#zPolearm_texture_2"},
				"down": {"uv": [7.875, 4.875, 8.125, 5], "texture": "#zPolearm_texture_2"}
			}
		},
		{
			"from": [6.91541, 6.03045, 14.64164],
			"to": [7.42791, 8.08045, 16.69164],
			"rotation": {"angle": -22.5, "axis": "z", "origin": [7.17166, 11.09586, 8]},
			"faces": {
				"north": {"uv": [10.875, 8.125, 9.875, 7.875], "rotation": 270, "texture": "#texture"},
				"east": {"uv": [5.125, 0, 6.125, 1], "rotation": 270, "texture": "#texture"},
				"south": {"uv": [5.125, 7.875, 6.125, 8.125], "rotation": 270, "texture": "#texture"},
				"west": {"uv": [9.875, 0, 10.875, 1], "rotation": 90, "texture": "#texture"},
				"up": {"uv": [7.875, 0, 8.125, 1], "rotation": 180, "texture": "#texture"},
				"down": {"uv": [7.875, 0, 8.125, 1], "texture": "#texture"}
			}
		}
	],
	"display": {
		"thirdperson_righthand": {
			"rotation": [0, -90, 0],
			"translation": [0, -2.739, 1],
			"scale": [2.4, 2.4, 2.4]
		},
		"thirdperson_lefthand": {
			"rotation": [0, 90, 0],
			"translation": [0, -2.739, 1],
			"scale": [2.4, 2.4, 2.4]
		},
		"firstperson_righthand": {
			"rotation": [17, -90, 0],
			"translation": [2.6, 4.8695, -0.008],
			"scale": [1.6, 1.6, 1.6]
		},
		"firstperson_lefthand": {
			"rotation": [17, 90, 0],
			"translation": [2.6, 4.8695, -0.008],
			"scale": [1.6, 1.6, 1.6]
		},
		"ground": {
			"rotation": [0, 0, -45],
			"translation": [0, 3.3956, 0],
			"scale": [1.7, 1.7, 1.7]
		},
		"gui": {
			"rotation": [0, 0, -45],
			"scale": [1.4, 1.4, 1.4]
		},
		"head": {
			"rotation": [0, 0, 45],
			"translation": [0, 19, 0],
			"scale": [2, 2, 2]
		},
		"fixed": {
			"rotation": [0, -48, 90],
			"translation": [-1.25, 0, -5.25],
			"scale": [2, 2, 2]
		}
	},
	"groups": [
		{
			"name": "steve",
			"origin": [8, 8, 8],
			"children": [0, 1, 2, 3, 4, 5, 6, 7, 8, 9, 10, 11]
		},
		{
			"name": "polearm",
			"origin": [8, 8, 8],
			"children": [12, 13, 14, 15, 16, 17, 18, 19, 20, 21, 22, 23, 24, 25, 26, 27, 28, 29, 30, 31, 32, 33, 34, 35, 36, 37, 38, 39, 40, 41, 42, 43, 44, 45, 46, 47, 48, 49, 50, 51, 52, 53, 54]
		}
	]
}