{
	"credit": "Made with Blockbench",
	"textures": {
		"0": "./jar1",
		"particle": "./jar1"
	},
	"elements": [
		{
			"name": "head",
			"from": [4, 4, 4],
			"to": [12, 12, 12],
			"rotation": {"angle": 0, "axis": "y", "origin": [8, 8, 8]},
			"faces": {
				"north": {"uv": [2, 2, 4, 4], "texture": "#0"},
				"east": {"uv": [0, 2, 2, 4], "texture": "#0"},
				"south": {"uv": [6, 2, 8, 4], "texture": "#0"},
				"west": {"uv": [4, 2, 6, 4], "texture": "#0"},
				"up": {"uv": [4, 2, 2, 0], "texture": "#0"},
				"down": {"uv": [6, 0, 4, 2], "texture": "#0"}
			}
		},
		{
			"name": "head",
			"from": [6.32843, 4, 14.1066],
			"to": [15.32843, 18, 23.1066],
			"rotation": {"angle": 22.5, "axis": "y", "origin": [10.82843, 10, 18.6066]},
			"faces": {
				"north": {"uv": [2, 2, 4, 4], "texture": "#0"},
				"east": {"uv": [0, 2, 2, 4], "texture": "#0"},
				"south": {"uv": [6, 2, 8, 4], "texture": "#0"},
				"west": {"uv": [4, 2, 6, 4], "texture": "#0"},
				"up": {"uv": [4, 2, 2, 0], "texture": "#0"},
				"down": {"uv": [6, 0, 4, 2], "texture": "#0"}
			}
		},
		{
			"name": "head",
			"from": [15.05, 4, 4],
			"to": [26.05, 13, 15],
			"rotation": {"angle": 22.5, "axis": "y", "origin": [19.05, 8, 8]},
			"faces": {
				"north": {"uv": [4, 2, 6, 4], "texture": "#0"},
				"east": {"uv": [2, 2, 4, 4], "texture": "#0"},
				"south": {"uv": [0, 2, 2, 4], "texture": "#0"},
				"west": {"uv": [6, 2, 8, 4], "texture": "#0"},
				"up": {"uv": [4, 2, 2, 0], "rotation": 90, "texture": "#0"},
				"down": {"uv": [6, 0, 4, 2], "rotation": 270, "texture": "#0"}
			}
		},
		{
			"name": "head_2nd_layer",
			"from": [3.5, 3.5, 3.5],
			"to": [12.5, 12.5, 12.5],
			"rotation": {"angle": 0, "axis": "y", "origin": [8, 8, 8]},
			"faces": {
				"north": {"uv": [10, 2, 12, 4], "texture": "#0"},
				"east": {"uv": [8, 2, 10, 4], "texture": "#0"},
				"south": {"uv": [14, 2, 16, 4], "texture": "#0"},
				"west": {"uv": [12, 2, 14, 4], "texture": "#0"},
				"up": {"uv": [12, 2, 10, 0], "texture": "#0"},
				"down": {"uv": [14, 0, 12, 2], "texture": "#0"}
			}
		},
		{
			"name": "head_2nd_layer",
			"from": [5.82843, 3.5, 13.6066],
			"to": [15.82843, 18.5, 23.6066],
			"rotation": {"angle": 22.5, "axis": "y", "origin": [10.82843, 10, 18.6066]},
			"faces": {
				"north": {"uv": [10, 2, 12, 4], "texture": "#0"},
				"east": {"uv": [8, 2, 10, 4], "texture": "#0"},
				"south": {"uv": [14, 2, 16, 4], "texture": "#0"},
				"west": {"uv": [12, 2, 14, 4], "texture": "#0"},
				"up": {"uv": [12, 2, 10, 0], "texture": "#0"},
				"down": {"uv": [14, 0, 12, 2], "texture": "#0"}
			}
		},
		{
			"name": "head_2nd_layer",
			"from": [14.55, 3.5, 3.5],
			"to": [26.55, 13.5, 15.5],
			"rotation": {"angle": 22.5, "axis": "y", "origin": [19.05, 8, 8]},
			"faces": {
				"north": {"uv": [12, 2, 14, 4], "texture": "#0"},
				"east": {"uv": [10, 2, 12, 4], "texture": "#0"},
				"south": {"uv": [8, 2, 10, 4], "texture": "#0"},
				"west": {"uv": [14, 2, 16, 4], "texture": "#0"},
				"up": {"uv": [12, 2, 10, 0], "rotation": 90, "texture": "#0"},
				"down": {"uv": [14, 0, 12, 2], "rotation": 270, "texture": "#0"}
			}
		}
	],
	"display": {
		"thirdperson_righthand": {
			"scale": [0.33398, 0.33398, 0.33398]
		},
		"thirdperson_lefthand": {
			"scale": [0.33398, 0.33398, 0.33398]
		},
		"firstperson_righthand": {
			"scale": [0.33398, 0.33398, 0.33398]
		},
		"firstperson_lefthand": {
			"scale": [0.33398, 0.33398, 0.33398]
		},
		"ground": {
			"scale": [0.33398, 0.33398, 0.33398]
		},
		"head": {
			"scale": [0.33398, 0.33398, 0.33398]
		},
		"fixed": {
			"rotation": [-90, 0, 0],
			"translation": [0, 0, -3.25],
			"scale": [0.7, 1, 0.7]
		}
	},
	"groups": [
		{
			"name": "steve",
			"origin": [8, 8, 8],
			"children": [0, 1, 2, 3, 4, 5]
		}
	]
}