{
	"credit": "Made with Blockbench",
	"textures": {
		"0": "./jackson",
		"1": "./potion",
		"particle": "Custom-MC-Stuff/Potion-Merchant-plauge"
	},
	"elements": [
		{
			"name": "head",
			"from": [4, 23.5, 4],
			"to": [12, 31.5, 12],
			"rotation": {"angle": -22.5, "axis": "x", "origin": [8, 27.5, 8]},
			"faces": {
				"north": {"uv": [2, 2, 4, 4], "texture": "#0"},
				"east": {"uv": [0, 2, 2, 4], "texture": "#0"},
				"south": {"uv": [6, 2, 8, 4], "texture": "#0"},
				"west": {"uv": [4, 2, 6, 4], "texture": "#0"},
				"up": {"uv": [4, 2, 2, 0], "texture": "#0"},
				"down": {"uv": [6, 0, 4, 2], "texture": "#0"}
			}
		},
		{
			"name": "body",
			"from": [4, 11.5, 6],
			"to": [12, 23.5, 10],
			"faces": {
				"north": {"uv": [5, 5, 7, 8], "texture": "#0"},
				"east": {"uv": [4, 5, 5, 8], "texture": "#0"},
				"south": {"uv": [8, 5, 10, 8], "texture": "#0"},
				"west": {"uv": [7, 5, 8, 8], "texture": "#0"},
				"up": {"uv": [7, 5, 5, 4], "texture": "#0"},
				"down": {"uv": [9, 4, 7, 5], "texture": "#0"}
			}
		},
		{
			"name": "right_arm",
			"from": [12, 11.5, 6],
			"to": [15, 23.5, 10],
			"faces": {
				"north": {"uv": [11, 5, 11.75, 8], "texture": "#0"},
				"east": {"uv": [10, 5, 11, 8], "texture": "#0"},
				"south": {"uv": [12.75, 5, 13.5, 8], "texture": "#0"},
				"west": {"uv": [11.75, 5, 12.75, 8], "texture": "#0"},
				"up": {"uv": [11.75, 5, 11, 4], "texture": "#0"},
				"down": {"uv": [12.5, 4, 11.75, 5], "texture": "#0"}
			}
		},
		{
			"name": "left_arm",
			"from": [1, 18.725, -1.375],
			"to": [4, 22.725, 10.625],
			"rotation": {"angle": -22.5, "axis": "x", "origin": [2.5, 17.5, 8]},
			"faces": {
				"north": {"uv": [10.5, 12, 9.75, 13], "rotation": 180, "texture": "#0"},
				"east": {"uv": [8, 13, 9, 16], "rotation": 270, "texture": "#0"},
				"south": {"uv": [9.75, 13, 9, 12], "texture": "#0"},
				"west": {"uv": [9.75, 13, 10.75, 16], "rotation": 90, "texture": "#0"},
				"up": {"uv": [9, 13, 9.75, 16], "rotation": 180, "texture": "#0"},
				"down": {"uv": [10.75, 13, 11.5, 16], "texture": "#0"}
			}
		},
		{
			"name": "right_leg",
			"from": [4, -0.5, 6],
			"to": [8, 11.5, 10],
			"faces": {
				"north": {"uv": [5, 13, 6, 16], "texture": "#0"},
				"east": {"uv": [4, 13, 5, 16], "texture": "#0"},
				"south": {"uv": [7, 13, 8, 16], "texture": "#0"},
				"west": {"uv": [6, 13, 7, 16], "texture": "#0"},
				"up": {"uv": [6, 13, 5, 12], "texture": "#0"},
				"down": {"uv": [7, 12, 6, 13], "texture": "#0"}
			}
		},
		{
			"name": "left_leg",
			"from": [8, -0.5, 6],
			"to": [12, 11.5, 10],
			"faces": {
				"north": {"uv": [1, 5, 2, 8], "texture": "#0"},
				"east": {"uv": [0, 5, 1, 8], "texture": "#0"},
				"south": {"uv": [3, 5, 4, 8], "texture": "#0"},
				"west": {"uv": [2, 5, 3, 8], "texture": "#0"},
				"up": {"uv": [2, 5, 1, 4], "texture": "#0"},
				"down": {"uv": [3, 4, 2, 5], "texture": "#0"}
			}
		},
		{
			"name": "head_2nd_layer",
			"from": [3.5, 23, 3.5],
			"to": [12.5, 32, 12.5],
			"rotation": {"angle": -22.5, "axis": "x", "origin": [8, 27.5, 8]},
			"faces": {
				"north": {"uv": [10, 2, 12, 4], "texture": "#0"},
				"east": {"uv": [8, 2, 10, 4], "texture": "#0"},
				"south": {"uv": [14, 2, 16, 4], "texture": "#0"},
				"west": {"uv": [12, 2, 14, 4], "texture": "#0"},
				"up": {"uv": [12, 2, 10, 0], "texture": "#0"},
				"down": {"uv": [14, 0, 12, 2], "texture": "#0"}
			}
		},
		{
			"name": "body_2nd_layer",
			"from": [4, 11.02, 5.49],
			"to": [12, 24.03, 10.49],
			"faces": {
				"north": {"uv": [5, 9, 7, 12], "texture": "#0"},
				"east": {"uv": [4, 9, 5, 12], "texture": "#0"},
				"south": {"uv": [8, 9, 10, 12], "texture": "#0"},
				"west": {"uv": [7, 9, 8, 12], "texture": "#0"},
				"up": {"uv": [7, 9, 5, 8], "texture": "#0"},
				"down": {"uv": [9, 8, 7, 9], "texture": "#0"}
			}
		},
		{
			"name": "right_arm_2nd_layer",
			"from": [11.5, 11, 5.5],
			"to": [15.5, 24, 10.5],
			"faces": {
				"north": {"uv": [10.75, 9, 11.5, 12], "texture": "#0"},
				"east": {"uv": [10, 9, 11, 12], "texture": "#0"},
				"south": {"uv": [12.75, 9, 13.5, 12], "texture": "#0"},
				"west": {"uv": [11.75, 9, 12.75, 12], "texture": "#0"},
				"up": {"uv": [11.75, 9, 11, 8], "texture": "#0"},
				"down": {"uv": [12.5, 8, 11.75, 9], "texture": "#0"}
			}
		},
		{
			"name": "left_arm_2nd_layer",
			"from": [0.5, 18.225, -1.875],
			"to": [4.5, 23.225, 11.125],
			"rotation": {"angle": -22.5, "axis": "x", "origin": [2.5, 17.5, 8]},
			"faces": {
				"north": {"uv": [14.5, 12, 13.75, 13], "rotation": 180, "texture": "#0"},
				"east": {"uv": [12, 13, 13, 16], "rotation": 270, "texture": "#0"},
				"south": {"uv": [13.75, 13, 13, 12], "texture": "#0"},
				"west": {"uv": [13.75, 13, 14.75, 16], "rotation": 90, "texture": "#0"},
				"up": {"uv": [13, 13, 13.75, 16], "rotation": 180, "texture": "#0"},
				"down": {"uv": [14.75, 13, 15.5, 16], "texture": "#0"}
			}
		},
		{
			"name": "right_leg_2nd_layer",
			"from": [7.5, -1, 5.5],
			"to": [12.5, 12, 10.5],
			"faces": {
				"north": {"uv": [1, 9, 2, 12], "texture": "#0"},
				"east": {"uv": [0, 9, 1, 12], "texture": "#0"},
				"south": {"uv": [3, 9, 4, 12], "texture": "#0"},
				"west": {"uv": [0, 9, 1, 12], "texture": "#0"},
				"up": {"uv": [2, 9, 1, 8], "texture": "#0"},
				"down": {"uv": [3, 8, 2, 9], "texture": "#0"}
			}
		},
		{
			"name": "left_leg_2nd_layer",
			"from": [3.5, -1, 5.5],
			"to": [8.5, 12, 10.5],
			"faces": {
				"north": {"uv": [1, 13, 2, 16], "texture": "#0"},
				"east": {"uv": [0, 13, 1, 16], "texture": "#0"},
				"south": {"uv": [3, 13, 4, 16], "texture": "#0"},
				"west": {"uv": [2, 13, 3, 16], "texture": "#0"},
				"up": {"uv": [2, 13, 1, 12], "texture": "#0"},
				"down": {"uv": [3, 12, 2, 13], "texture": "#0"}
			}
		},
		{
			"name": "frame",
			"from": [1.5, 19, -2.275],
			"to": [4, 19.5, -1.775],
			"rotation": {"angle": -22.5, "axis": "x", "origin": [2.8, 17.525, -2.525]},
			"faces": {
				"north": {"uv": [6, 0, 8, 1], "texture": "#1"},
				"east": {"uv": [6, 6, 7, 7], "texture": "#1"},
				"south": {"uv": [6, 1, 8, 2], "texture": "#1"},
				"west": {"uv": [7, 4, 8, 5], "texture": "#1"},
				"up": {"uv": [8, 3, 6, 2], "texture": "#1"},
				"down": {"uv": [8, 3, 6, 4], "texture": "#1"}
			}
		},
		{
			"name": "frame",
			"from": [1.5, 18.5, -2.275],
			"to": [2, 19, -1.775],
			"rotation": {"angle": -22.5, "axis": "x", "origin": [2.8, 17.525, -2.525]},
			"faces": {
				"north": {"uv": [7, 5, 8, 6], "texture": "#1"},
				"east": {"uv": [6, 7, 7, 8], "texture": "#1"},
				"south": {"uv": [7, 6, 8, 7], "texture": "#1"},
				"west": {"uv": [7, 7, 8, 8], "texture": "#1"},
				"up": {"uv": [9, 1, 8, 0], "texture": "#1"},
				"down": {"uv": [9, 1, 8, 2], "texture": "#1"}
			}
		},
		{
			"name": "frame",
			"from": [3.5, 18.5, -2.275],
			"to": [4, 19, -1.775],
			"rotation": {"angle": -22.5, "axis": "x", "origin": [2.8, 17.525, -2.525]},
			"faces": {
				"north": {"uv": [8, 2, 9, 3], "texture": "#1"},
				"east": {"uv": [8, 3, 9, 4], "texture": "#1"},
				"south": {"uv": [8, 4, 9, 5], "texture": "#1"},
				"west": {"uv": [8, 5, 9, 6], "texture": "#1"},
				"up": {"uv": [7, 9, 6, 8], "texture": "#1"},
				"down": {"uv": [9, 6, 8, 7], "texture": "#1"}
			}
		},
		{
			"name": "frame",
			"from": [2.5, 13.5, -2.275],
			"to": [3, 14, -1.775],
			"rotation": {"angle": -22.5, "axis": "x", "origin": [2.8, 17.525, -2.525]},
			"faces": {
				"north": {"uv": [7, 8, 8, 9], "texture": "#1"},
				"east": {"uv": [8, 7, 9, 8], "texture": "#1"},
				"south": {"uv": [8, 8, 9, 9], "texture": "#1"},
				"west": {"uv": [9, 0, 10, 1], "texture": "#1"},
				"up": {"uv": [10, 2, 9, 1], "texture": "#1"},
				"down": {"uv": [10, 2, 9, 3], "texture": "#1"}
			}
		},
		{
			"name": "frame",
			"from": [3, 13.5, -2.275],
			"to": [3.5, 18.5, -1.775],
			"rotation": {"angle": -22.5, "axis": "x", "origin": [2.8, 17.525, -2.525]},
			"faces": {
				"north": {"uv": [4, 0, 5, 5], "texture": "#1"},
				"east": {"uv": [0, 5, 1, 10], "texture": "#1"},
				"south": {"uv": [5, 0, 6, 5], "texture": "#1"},
				"west": {"uv": [1, 5, 2, 10], "texture": "#1"},
				"up": {"uv": [10, 8, 9, 7], "texture": "#1"},
				"down": {"uv": [9, 9, 8, 10], "texture": "#1"}
			}
		},
		{
			"name": "frame",
			"from": [2, 13.5, -2.275],
			"to": [2.5, 18.5, -1.775],
			"rotation": {"angle": -22.5, "axis": "x", "origin": [2.8, 17.525, -2.525]},
			"faces": {
				"north": {"uv": [2, 5, 3, 10], "texture": "#1"},
				"east": {"uv": [3, 5, 4, 10], "texture": "#1"},
				"south": {"uv": [4, 5, 5, 10], "texture": "#1"},
				"west": {"uv": [5, 5, 6, 10], "texture": "#1"},
				"up": {"uv": [10, 9, 9, 8], "texture": "#1"},
				"down": {"uv": [10, 9, 9, 10], "texture": "#1"}
			}
		},
		{
			"name": "cork",
			"from": [2, 18.5, -2.275],
			"to": [3.5, 19, -1.775],
			"rotation": {"angle": -22.5, "axis": "x", "origin": [2.8, 17.525, -2.525]},
			"faces": {
				"north": {"uv": [0, 10, 1, 11], "texture": "#1"},
				"east": {"uv": [10, 0, 11, 1], "texture": "#1"},
				"south": {"uv": [1, 10, 2, 11], "texture": "#1"},
				"west": {"uv": [10, 1, 11, 2], "texture": "#1"},
				"up": {"uv": [3, 11, 2, 10], "texture": "#1"},
				"down": {"uv": [11, 2, 10, 3], "texture": "#1"}
			}
		},
		{
			"name": "cork",
			"from": [2, 19.5, -2.275],
			"to": [3.5, 20, -1.775],
			"rotation": {"angle": -22.5, "axis": "x", "origin": [2.8, 17.525, -2.525]},
			"faces": {
				"north": {"uv": [3, 10, 4, 11], "texture": "#1"},
				"east": {"uv": [10, 3, 11, 4], "texture": "#1"},
				"south": {"uv": [4, 10, 5, 11], "texture": "#1"},
				"west": {"uv": [10, 4, 11, 5], "texture": "#1"},
				"up": {"uv": [6, 11, 5, 10], "texture": "#1"},
				"down": {"uv": [11, 5, 10, 6], "texture": "#1"}
			}
		},
		{
			"name": "fluid",
			"from": [2.5, 14, -2.275],
			"to": [3, 18.5, -1.775],
			"rotation": {"angle": -22.5, "axis": "x", "origin": [2.8, 17.525, -2.525]},
			"faces": {
				"north": {"uv": [0, 0, 1, 5], "texture": "#1"},
				"east": {"uv": [1, 0, 2, 5], "texture": "#1"},
				"south": {"uv": [2, 0, 3, 5], "texture": "#1"},
				"west": {"uv": [3, 0, 4, 5], "texture": "#1"},
				"up": {"uv": [7, 5, 6, 4], "texture": "#1"},
				"down": {"uv": [7, 5, 6, 6], "texture": "#1"}
			}
		}
	],
	"display": {
		"head": {
			"translation": [0, -29, 0],
			"scale": [1.6, 1.6, 1.6]
		},
		"fixed": {
			"rotation": [-90, 0, 0],
			"translation": [0, 0, -16.75],
			"scale": [2, 2, 2]
		}
	},
	"groups": [
		{
			"name": "alex",
			"origin": [8, 8, 8],
			"children": [0, 1, 2, 3, 4, 5, 6, 7, 8, 9, 10, 11]
		},
		{
			"name": "Potion",
			"origin": [0, 0, 0],
			"children": [
				{
					"name": "Frame",
					"origin": [8, 8, 8],
					"children": [12, 13, 14, 15, 16, 17]
				},
				{
					"name": "cork",
					"origin": [0, 0, 0],
					"children": [18, 19]
				},
				{
					"name": "Liquid",
					"origin": [0, 0, 0],
					"children": [20]
				}
			]
		}
	]
}