{
	"credit": "Made with Blockbench",
	"texture_size": [64, 64],
	"textures": {
		"0": "./jug",
		"particle": "./jug"
	},
	"elements": [
		{
			"from": [5.575, 4.875, 8.925],
			"to": [12.575, 7.875, 13.925],
			"rotation": {"angle": 0, "axis": "y", "origin": [8, 8, 8]},
			"faces": {
				"north": {"uv": [1, 3, 2.75, 3.75], "texture": "#0"},
				"east": {"uv": [4.25, 1.5, 5.5, 2.25], "texture": "#0"},
				"south": {"uv": [2.75, 3.5, 4.5, 4.25], "texture": "#0"},
				"west": {"uv": [2, 4.25, 3.25, 5], "texture": "#0"},
				"up": {"uv": [1.75, 1.25, 0, 0], "texture": "#0"},
				"down": {"uv": [1.75, 1.25, 0, 2.5], "texture": "#0"}
			}
		},
		{
			"from": [6.075, 2.2, 9.3],
			"to": [12.075, 5.2, 13.3],
			"rotation": {"angle": 0, "axis": "y", "origin": [8, 8, 8]},
			"faces": {
				"north": {"uv": [3.75, 0, 5.25, 0.75], "texture": "#0"},
				"east": {"uv": [4.25, 2.25, 5.25, 3], "texture": "#0"},
				"south": {"uv": [3.75, 0.75, 5.25, 1.5], "texture": "#0"},
				"west": {"uv": [3.25, 4.25, 4.25, 5], "texture": "#0"},
				"up": {"uv": [4.25, 2.5, 2.75, 1.5], "texture": "#0"},
				"down": {"uv": [4.25, 2.5, 2.75, 3.5], "texture": "#0"}
			}
		},
		{
			"from": [6.075, 0.2, 10.6],
			"to": [7.625, 2.25, 11.925],
			"rotation": {"angle": 0, "axis": "y", "origin": [8, 8, 8]},
			"faces": {
				"north": {"uv": [0, 5.75, 0.375, 6.25], "texture": "#0"},
				"east": {"uv": [1.75, 5.75, 2.125, 6.25], "texture": "#0"},
				"south": {"uv": [2.25, 5.75, 2.625, 6.25], "texture": "#0"},
				"west": {"uv": [2.75, 5.75, 3.125, 6.25], "texture": "#0"},
				"up": {"uv": [6.375, 1.125, 6, 0.75], "texture": "#0"},
				"down": {"uv": [6.375, 2, 6, 2.375], "texture": "#0"}
			}
		},
		{
			"from": [7.125, 7.9, 10.6],
			"to": [7.625, 12.3, 11.1],
			"rotation": {"angle": 0, "axis": "y", "origin": [8, 8, 8]},
			"faces": {
				"north": {"uv": [5.5, 6, 5.625, 7.125], "texture": "#0"},
				"east": {"uv": [0, 6.25, 0.125, 7.375], "texture": "#0"},
				"south": {"uv": [0.25, 6.25, 0.375, 7.375], "texture": "#0"},
				"west": {"uv": [0.75, 6.25, 0.875, 7.375], "texture": "#0"},
				"up": {"uv": [7.875, 7.625, 7.75, 7.5], "texture": "#0"},
				"down": {"uv": [7.875, 7.75, 7.75, 7.875], "texture": "#0"}
			}
		},
		{
			"from": [4.175, 11.8, 10.6],
			"to": [7.575, 12.3, 11.1],
			"rotation": {"angle": 0, "axis": "z", "origin": [7.375, 10.1, 10.85]},
			"faces": {
				"north": {"uv": [5.5, 6, 5.625, 7.125], "rotation": 90, "texture": "#0"},
				"east": {"uv": [7.875, 7.75, 7.75, 7.875], "rotation": 270, "texture": "#0"},
				"south": {"uv": [0.25, 6.25, 0.375, 7.375], "rotation": 270, "texture": "#0"},
				"west": {"uv": [7.875, 7.625, 7.75, 7.5], "rotation": 270, "texture": "#0"},
				"up": {"uv": [0, 6.25, 0.125, 7.375], "rotation": 270, "texture": "#0"},
				"down": {"uv": [0.75, 6.25, 0.875, 7.375], "rotation": 270, "texture": "#0"}
			}
		},
		{
			"from": [4.175, 12.24976, 8.41108],
			"to": [4.675, 12.74976, 10.91108],
			"rotation": {"angle": -22.5, "axis": "x", "origin": [4.425, 12.99976, 12.13608]},
			"faces": {
				"north": {"uv": [7.875, 7.75, 7.75, 7.875], "rotation": 270, "texture": "#0"},
				"east": {"uv": [0.25, 6.25, 0.375, 7.375], "rotation": 270, "texture": "#0"},
				"south": {"uv": [7.875, 7.625, 7.75, 7.5], "rotation": 270, "texture": "#0"},
				"west": {"uv": [5.5, 6, 5.625, 7.125], "rotation": 90, "texture": "#0"},
				"up": {"uv": [0, 6.25, 0.125, 7.375], "rotation": 180, "texture": "#0"},
				"down": {"uv": [0.75, 6.25, 0.875, 7.375], "texture": "#0"}
			}
		},
		{
			"from": [3.175, 12.24976, 8.38608],
			"to": [5.675, 12.74976, 8.91108],
			"rotation": {"angle": -22.5, "axis": "x", "origin": [4.425, 12.99976, 12.13608]},
			"faces": {
				"north": {"uv": [7.875, 7.75, 7.75, 7.875], "rotation": 270, "texture": "#0"},
				"east": {"uv": [0.25, 6.25, 0.375, 7.375], "rotation": 270, "texture": "#0"},
				"south": {"uv": [7.875, 7.625, 7.75, 7.5], "rotation": 270, "texture": "#0"},
				"west": {"uv": [5.5, 6, 5.625, 7.125], "rotation": 90, "texture": "#0"},
				"up": {"uv": [0, 6.25, 0.125, 7.375], "rotation": 180, "texture": "#0"},
				"down": {"uv": [0.75, 6.25, 0.875, 7.375], "texture": "#0"}
			}
		},
		{
			"from": [3.1875, 10.95321, 7.48039],
			"to": [3.7125, 11.45321, 8.85539],
			"rotation": {"angle": -22.5, "axis": "x", "origin": [4.425, 11.20321, 9.10539]},
			"faces": {
				"north": {"uv": [0.25, 6.25, 0.375, 7.375], "rotation": 270, "texture": "#0"},
				"east": {"uv": [7.875, 7.625, 7.75, 7.5], "rotation": 270, "texture": "#0"},
				"south": {"uv": [5.5, 6, 5.625, 7.125], "rotation": 90, "texture": "#0"},
				"west": {"uv": [7.875, 7.75, 7.75, 7.875], "rotation": 270, "texture": "#0"},
				"up": {"uv": [0, 6.25, 0.125, 7.375], "rotation": 90, "texture": "#0"},
				"down": {"uv": [0.75, 6.25, 0.875, 7.375], "rotation": 90, "texture": "#0"}
			}
		},
		{
			"from": [5.1375, 10.95321, 7.48039],
			"to": [5.6625, 11.45321, 8.85539],
			"rotation": {"angle": -22.5, "axis": "x", "origin": [4.425, 11.20321, 9.10539]},
			"faces": {
				"north": {"uv": [0.25, 6.25, 0.375, 7.375], "rotation": 270, "texture": "#0"},
				"east": {"uv": [7.875, 7.625, 7.75, 7.5], "rotation": 270, "texture": "#0"},
				"south": {"uv": [5.5, 6, 5.625, 7.125], "rotation": 90, "texture": "#0"},
				"west": {"uv": [7.875, 7.75, 7.75, 7.875], "rotation": 270, "texture": "#0"},
				"up": {"uv": [0, 6.25, 0.125, 7.375], "rotation": 90, "texture": "#0"},
				"down": {"uv": [0.75, 6.25, 0.875, 7.375], "rotation": 90, "texture": "#0"}
			}
		},
		{
			"from": [9.775, 7.925, 12.55],
			"to": [10.275, 10.1, 13.05],
			"rotation": {"angle": 0, "axis": "y", "origin": [8, 8, 8]},
			"faces": {
				"north": {"uv": [7, 0, 7.125, 0.5], "texture": "#0"},
				"east": {"uv": [1.75, 7, 1.875, 7.5], "texture": "#0"},
				"south": {"uv": [2, 7, 2.125, 7.5], "texture": "#0"},
				"west": {"uv": [2.25, 7, 2.375, 7.5], "texture": "#0"},
				"up": {"uv": [0.125, 8.125, 0, 8], "texture": "#0"},
				"down": {"uv": [8.125, 0, 8, 0.125], "texture": "#0"}
			}
		},
		{
			"from": [5.225, 12.95, 12.8],
			"to": [8.225, 13.45, 13.3],
			"rotation": {"angle": 22.5, "axis": "z", "origin": [6.725, 13.2, 13.05]},
			"faces": {
				"north": {"uv": [3.25, 6.5, 4, 6.625], "texture": "#0"},
				"east": {"uv": [0.5, 8, 0.625, 8.125], "texture": "#0"},
				"south": {"uv": [6.5, 3.25, 7.25, 3.375], "texture": "#0"},
				"west": {"uv": [8, 0.5, 8.125, 0.625], "texture": "#0"},
				"up": {"uv": [7.25, 3.625, 6.5, 3.5], "texture": "#0"},
				"down": {"uv": [7.25, 3.75, 6.5, 3.875], "texture": "#0"}
			}
		},
		{
			"from": [6.45, 7.875, 12.325],
			"to": [6.95, 14.85, 12.825],
			"rotation": {"angle": 0, "axis": "y", "origin": [8, 8, 8]},
			"faces": {
				"north": {"uv": [4.75, 5.25, 4.875, 7], "texture": "#0"},
				"east": {"uv": [1.25, 5.5, 1.375, 7.25], "texture": "#0"},
				"south": {"uv": [1.5, 5.5, 1.625, 7.25], "texture": "#0"},
				"west": {"uv": [5.5, 4.25, 5.625, 6], "texture": "#0"},
				"up": {"uv": [0.375, 8.125, 0.25, 8], "texture": "#0"},
				"down": {"uv": [8.125, 0.25, 8, 0.375], "texture": "#0"}
			}
		},
		{
			"from": [9.8, 0.2, 10.6],
			"to": [11.35, 2.25, 11.925],
			"rotation": {"angle": 0, "axis": "y", "origin": [8, 8, 8]},
			"faces": {
				"north": {"uv": [5.75, 4.25, 6.125, 4.75], "texture": "#0"},
				"east": {"uv": [5.75, 4.75, 6.125, 5.25], "texture": "#0"},
				"south": {"uv": [5.75, 5.25, 6.125, 5.75], "texture": "#0"},
				"west": {"uv": [5.75, 5.75, 6.125, 6.25], "texture": "#0"},
				"up": {"uv": [6.375, 2.875, 6, 2.5], "texture": "#0"},
				"down": {"uv": [6.375, 3, 6, 3.375], "texture": "#0"}
			}
		},
		{
			"from": [9.8, 2.25, 9.225],
			"to": [11.35, 3.725, 9.275],
			"rotation": {"angle": 0, "axis": "y", "origin": [8, 8, 8]},
			"faces": {
				"north": {"uv": [3.25, 6, 3.625, 6.375], "texture": "#0"},
				"east": {"uv": [1.5, 7.25, 1.625, 7.625], "texture": "#0"},
				"south": {"uv": [3.75, 6, 4.125, 6.375], "texture": "#0"},
				"west": {"uv": [3.75, 7.25, 3.875, 7.625], "texture": "#0"},
				"up": {"uv": [7.625, 4.125, 7.25, 4], "texture": "#0"},
				"down": {"uv": [7.625, 4.25, 7.25, 4.375], "texture": "#0"}
			}
		},
		{
			"from": [7.025, 2.25, 9.225],
			"to": [8.575, 4.8, 9.275],
			"rotation": {"angle": 0, "axis": "y", "origin": [8, 8, 8]},
			"faces": {
				"north": {"uv": [4.25, 5.25, 4.625, 5.875], "texture": "#0"},
				"east": {"uv": [6.5, 5.75, 6.625, 6.375], "texture": "#0"},
				"south": {"uv": [0.75, 5.5, 1.125, 6.125], "texture": "#0"},
				"west": {"uv": [6.5, 6.5, 6.625, 7.125], "texture": "#0"},
				"up": {"uv": [7.625, 4.625, 7.25, 4.5], "texture": "#0"},
				"down": {"uv": [7.625, 4.75, 7.25, 4.875], "texture": "#0"}
			}
		},
		{
			"from": [6.05, 3.05, 10.475],
			"to": [6.075, 4.8, 11.4],
			"rotation": {"angle": 0, "axis": "y", "origin": [8, 8, 8]},
			"faces": {
				"north": {"uv": [2.5, 7, 2.625, 7.5], "texture": "#0"},
				"east": {"uv": [1, 6.25, 1.25, 6.75], "texture": "#0"},
				"south": {"uv": [2.75, 7, 2.875, 7.5], "texture": "#0"},
				"west": {"uv": [2.75, 6.25, 3, 6.75], "texture": "#0"},
				"up": {"uv": [7.875, 2.5, 7.75, 2.25], "texture": "#0"},
				"down": {"uv": [2.625, 7.75, 2.5, 8], "texture": "#0"}
			}
		},
		{
			"from": [6.05, 2.525, 12.425],
			"to": [6.075, 4.275, 12.9],
			"rotation": {"angle": 0, "axis": "y", "origin": [8, 8, 8]},
			"faces": {
				"north": {"uv": [3, 7, 3.125, 7.5], "texture": "#0"},
				"east": {"uv": [4, 7, 4.125, 7.5], "texture": "#0"},
				"south": {"uv": [4.25, 7, 4.375, 7.5], "texture": "#0"},
				"west": {"uv": [4.5, 7, 4.625, 7.5], "texture": "#0"},
				"up": {"uv": [1.625, 8.125, 1.5, 8], "texture": "#0"},
				"down": {"uv": [8.125, 1.5, 8, 1.625], "texture": "#0"}
			}
		},
		{
			"from": [6.05, 3.175, 11.8],
			"to": [6.075, 4.5, 12.275],
			"rotation": {"angle": 0, "axis": "y", "origin": [8, 8, 8]},
			"faces": {
				"north": {"uv": [1, 7.5, 1.125, 7.875], "texture": "#0"},
				"east": {"uv": [7.5, 1, 7.625, 1.375], "texture": "#0"},
				"south": {"uv": [7.5, 1.5, 7.625, 1.875], "texture": "#0"},
				"west": {"uv": [1.75, 7.5, 1.875, 7.875], "texture": "#0"},
				"up": {"uv": [1.875, 8.125, 1.75, 8], "texture": "#0"},
				"down": {"uv": [8.125, 1.75, 8, 1.875], "texture": "#0"}
			}
		},
		{
			"from": [5.55, 5.375, 10.625],
			"to": [5.575, 6.4, 12.275],
			"rotation": {"angle": 0, "axis": "y", "origin": [8, 8, 8]},
			"faces": {
				"north": {"uv": [3.75, 7.75, 3.875, 8], "texture": "#0"},
				"east": {"uv": [4.25, 6.5, 4.625, 6.75], "texture": "#0"},
				"south": {"uv": [7.75, 3.75, 7.875, 4], "texture": "#0"},
				"west": {"uv": [6.5, 4.5, 6.875, 4.75], "texture": "#0"},
				"up": {"uv": [2.125, 7.875, 2, 7.5], "texture": "#0"},
				"down": {"uv": [7.625, 2, 7.5, 2.375], "texture": "#0"}
			}
		},
		{
			"from": [5.55, 7.225, 9.15],
			"to": [5.575, 7.725, 10.8],
			"rotation": {"angle": 0, "axis": "y", "origin": [8, 8, 8]},
			"faces": {
				"north": {"uv": [2, 8, 2.125, 8.125], "texture": "#0"},
				"east": {"uv": [2.25, 7.5, 2.625, 7.625], "texture": "#0"},
				"south": {"uv": [8, 2, 8.125, 2.125], "texture": "#0"},
				"west": {"uv": [7.5, 2.5, 7.875, 2.625], "texture": "#0"},
				"up": {"uv": [2.875, 7.875, 2.75, 7.5], "texture": "#0"},
				"down": {"uv": [7.625, 2.75, 7.5, 3.125], "texture": "#0"}
			}
		},
		{
			"from": [5.55, 6.275, 12.825],
			"to": [5.575, 7.7, 13.4],
			"rotation": {"angle": 0, "axis": "y", "origin": [8, 8, 8]},
			"faces": {
				"north": {"uv": [3, 7.5, 3.125, 7.875], "texture": "#0"},
				"east": {"uv": [3.25, 7.5, 3.375, 7.875], "texture": "#0"},
				"south": {"uv": [3.5, 7.5, 3.625, 7.875], "texture": "#0"},
				"west": {"uv": [4, 7.5, 4.125, 7.875], "texture": "#0"},
				"up": {"uv": [2.375, 8.125, 2.25, 8], "texture": "#0"},
				"down": {"uv": [8.125, 2.25, 8, 2.375], "texture": "#0"}
			}
		},
		{
			"from": [5.55, 6.675, 11.325],
			"to": [5.575, 7.7, 12.325],
			"rotation": {"angle": 0, "axis": "y", "origin": [8, 8, 8]},
			"faces": {
				"north": {"uv": [7.75, 4, 7.875, 4.25], "texture": "#0"},
				"east": {"uv": [1.75, 4.75, 2, 5], "texture": "#0"},
				"south": {"uv": [7.75, 4.25, 7.875, 4.5], "texture": "#0"},
				"west": {"uv": [5.25, 3.75, 5.5, 4], "texture": "#0"},
				"up": {"uv": [7.875, 4.75, 7.75, 4.5], "texture": "#0"},
				"down": {"uv": [4.875, 7.75, 4.75, 8], "texture": "#0"}
			}
		},
		{
			"from": [5.55, 5.025, 13],
			"to": [5.575, 6.05, 13.5],
			"rotation": {"angle": 0, "axis": "y", "origin": [8, 8, 8]},
			"faces": {
				"north": {"uv": [7.75, 4.75, 7.875, 5], "texture": "#0"},
				"east": {"uv": [5, 7.75, 5.125, 8], "texture": "#0"},
				"south": {"uv": [7.75, 5.25, 7.875, 5.5], "texture": "#0"},
				"west": {"uv": [5.5, 7.75, 5.625, 8], "texture": "#0"},
				"up": {"uv": [2.625, 8.125, 2.5, 8], "texture": "#0"},
				"down": {"uv": [8.125, 2.5, 8, 2.625], "texture": "#0"}
			}
		},
		{
			"from": [12.575, 5.025, 9.225],
			"to": [12.6, 6.775, 10.2],
			"rotation": {"angle": 0, "axis": "y", "origin": [8, 8, 8]},
			"faces": {
				"north": {"uv": [7, 4.5, 7.125, 5], "texture": "#0"},
				"east": {"uv": [3, 6.25, 3.25, 6.75], "texture": "#0"},
				"south": {"uv": [4.75, 7, 4.875, 7.5], "texture": "#0"},
				"west": {"uv": [6.25, 3.75, 6.5, 4.25], "texture": "#0"},
				"up": {"uv": [7.875, 5.75, 7.75, 5.5], "texture": "#0"},
				"down": {"uv": [7.875, 5.75, 7.75, 6], "texture": "#0"}
			}
		},
		{
			"from": [12.575, 5.35, 10.775],
			"to": [12.6, 6, 12.725],
			"rotation": {"angle": 0, "axis": "y", "origin": [8, 8, 8]},
			"faces": {
				"north": {"uv": [2.75, 8, 2.875, 8.125], "texture": "#0"},
				"east": {"uv": [7, 0.5, 7.5, 0.625], "texture": "#0"},
				"south": {"uv": [8, 2.75, 8.125, 2.875], "texture": "#0"},
				"west": {"uv": [7, 1, 7.5, 1.125], "texture": "#0"},
				"up": {"uv": [5.125, 7.5, 5, 7], "texture": "#0"},
				"down": {"uv": [7.125, 5, 7, 5.5], "texture": "#0"}
			}
		},
		{
			"from": [12.575, 6.3, 10.775],
			"to": [12.6, 7.75, 11.575],
			"rotation": {"angle": 0, "axis": "y", "origin": [8, 8, 8]},
			"faces": {
				"north": {"uv": [4.25, 7.5, 4.375, 7.875], "texture": "#0"},
				"east": {"uv": [6.5, 4.75, 6.75, 5.125], "texture": "#0"},
				"south": {"uv": [4.5, 7.5, 4.625, 7.875], "texture": "#0"},
				"west": {"uv": [5, 6.5, 5.25, 6.875], "texture": "#0"},
				"up": {"uv": [7.875, 6.25, 7.75, 6], "texture": "#0"},
				"down": {"uv": [6.375, 7.75, 6.25, 8], "texture": "#0"}
			}
		},
		{
			"from": [12.575, 7.1, 9.15],
			"to": [12.6, 7.75, 10.575],
			"rotation": {"angle": 0, "axis": "y", "origin": [8, 8, 8]},
			"faces": {
				"north": {"uv": [3, 8, 3.125, 8.125], "texture": "#0"},
				"east": {"uv": [4.75, 7.5, 5.125, 7.625], "texture": "#0"},
				"south": {"uv": [8, 3, 8.125, 3.125], "texture": "#0"},
				"west": {"uv": [7.5, 5, 7.875, 5.125], "texture": "#0"},
				"up": {"uv": [5.375, 7.875, 5.25, 7.5], "texture": "#0"},
				"down": {"uv": [5.875, 7.5, 5.75, 7.875], "texture": "#0"}
			}
		},
		{
			"from": [12.575, 6.475, 12.1],
			"to": [12.6, 7.75, 13.525],
			"rotation": {"angle": 0, "axis": "y", "origin": [8, 8, 8]},
			"faces": {
				"north": {"uv": [7.5, 5.75, 7.625, 6.125], "texture": "#0"},
				"east": {"uv": [1.75, 6.25, 2.125, 6.625], "texture": "#0"},
				"south": {"uv": [6, 7.5, 6.125, 7.875], "texture": "#0"},
				"west": {"uv": [2.25, 6.25, 2.625, 6.625], "texture": "#0"},
				"up": {"uv": [6.875, 7.875, 6.75, 7.5], "texture": "#0"},
				"down": {"uv": [7.625, 6.75, 7.5, 7.125], "texture": "#0"}
			}
		},
		{
			"from": [12.075, 3.325, 11.225],
			"to": [12.1, 4, 13.05],
			"rotation": {"angle": 0, "axis": "y", "origin": [8, 8, 8]},
			"faces": {
				"north": {"uv": [3.25, 8, 3.375, 8.125], "texture": "#0"},
				"east": {"uv": [7, 1.75, 7.5, 1.875], "texture": "#0"},
				"south": {"uv": [8, 3.25, 8.125, 3.375], "texture": "#0"},
				"west": {"uv": [7, 3, 7.5, 3.125], "texture": "#0"},
				"up": {"uv": [5.375, 7.5, 5.25, 7], "texture": "#0"},
				"down": {"uv": [7.125, 5.5, 7, 6], "texture": "#0"}
			}
		},
		{
			"from": [12.075, 3, 9.35],
			"to": [12.1, 4.6, 10.2],
			"rotation": {"angle": 0, "axis": "y", "origin": [8, 8, 8]},
			"faces": {
				"north": {"uv": [7, 7.5, 7.125, 7.875], "texture": "#0"},
				"east": {"uv": [5.25, 6.5, 5.5, 6.875], "texture": "#0"},
				"south": {"uv": [7.5, 7.25, 7.625, 7.625], "texture": "#0"},
				"west": {"uv": [6.5, 5.25, 6.75, 5.625], "texture": "#0"},
				"up": {"uv": [7.875, 6.5, 7.75, 6.25], "texture": "#0"},
				"down": {"uv": [6.625, 7.75, 6.5, 8], "texture": "#0"}
			}
		},
		{
			"from": [12.075, 2.3, 11.2],
			"to": [12.1, 3.1, 12.05],
			"rotation": {"angle": 0, "axis": "y", "origin": [8, 8, 8]},
			"faces": {
				"north": {"uv": [7.75, 6.5, 7.875, 6.75], "texture": "#0"},
				"east": {"uv": [6, 1.25, 6.25, 1.5], "texture": "#0"},
				"south": {"uv": [7.75, 6.75, 7.875, 7], "texture": "#0"},
				"west": {"uv": [7, 6, 7.25, 6.25], "texture": "#0"},
				"up": {"uv": [7.875, 7.25, 7.75, 7], "texture": "#0"},
				"down": {"uv": [7.375, 7.75, 7.25, 8], "texture": "#0"}
			}
		},
		{
			"from": [12.075, 2.575, 10.35],
			"to": [12.1, 4.725, 10.7],
			"rotation": {"angle": 0, "axis": "y", "origin": [8, 8, 8]},
			"faces": {
				"north": {"uv": [6.75, 7, 6.875, 7.5], "texture": "#0"},
				"east": {"uv": [7, 7, 7.125, 7.5], "texture": "#0"},
				"south": {"uv": [7.25, 0, 7.375, 0.5], "texture": "#0"},
				"west": {"uv": [1.25, 7.25, 1.375, 7.75], "texture": "#0"},
				"up": {"uv": [3.625, 8.125, 3.5, 8], "texture": "#0"},
				"down": {"uv": [8.125, 3.5, 8, 3.625], "texture": "#0"}
			}
		},
		{
			"from": [12.075, 4.225, 11.025],
			"to": [12.1, 4.725, 12.825],
			"rotation": {"angle": 0, "axis": "y", "origin": [8, 8, 8]},
			"faces": {
				"north": {"uv": [7.75, 7.25, 7.875, 7.375], "texture": "#0"},
				"east": {"uv": [6.75, 4, 7.25, 4.125], "texture": "#0"},
				"south": {"uv": [7.5, 7.75, 7.625, 7.875], "texture": "#0"},
				"west": {"uv": [4.25, 6.75, 4.75, 6.875], "texture": "#0"},
				"up": {"uv": [3.875, 7.25, 3.75, 6.75], "texture": "#0"},
				"down": {"uv": [6.875, 4.75, 6.75, 5.25], "texture": "#0"}
			}
		},
		{
			"from": [6.05, 3.725, 9.425],
			"to": [6.075, 4.225, 10.35],
			"rotation": {"angle": 0, "axis": "y", "origin": [8, 8, 8]},
			"faces": {
				"north": {"uv": [1.25, 8, 1.375, 8.125], "texture": "#0"},
				"east": {"uv": [7.75, 2.75, 8, 2.875], "texture": "#0"},
				"south": {"uv": [8, 1.25, 8.125, 1.375], "texture": "#0"},
				"west": {"uv": [7.75, 3, 8, 3.125], "texture": "#0"},
				"up": {"uv": [7.875, 3.5, 7.75, 3.25], "texture": "#0"},
				"down": {"uv": [7.875, 3.5, 7.75, 3.75], "texture": "#0"}
			}
		},
		{
			"from": [6.05, 2.475, 9.45],
			"to": [6.075, 2.925, 11.825],
			"rotation": {"angle": 0, "axis": "y", "origin": [8, 8, 8]},
			"faces": {
				"north": {"uv": [1, 8, 1.125, 8.125], "texture": "#0"},
				"east": {"uv": [6.75, 2.5, 7.375, 2.625], "texture": "#0"},
				"south": {"uv": [8, 1, 8.125, 1.125], "texture": "#0"},
				"west": {"uv": [6.75, 2.75, 7.375, 2.875], "texture": "#0"},
				"up": {"uv": [3.375, 7.375, 3.25, 6.75], "texture": "#0"},
				"down": {"uv": [3.625, 6.75, 3.5, 7.375], "texture": "#0"}
			}
		},
		{
			"from": [7.4, 5.175, 8.875],
			"to": [8.575, 7.4, 8.925],
			"rotation": {"angle": 0, "axis": "y", "origin": [8, 8, 8]},
			"faces": {
				"north": {"uv": [4.25, 3, 4.5, 3.5], "texture": "#0"},
				"east": {"uv": [6.75, 5.25, 6.875, 5.75], "texture": "#0"},
				"south": {"uv": [0.75, 5, 1, 5.5], "texture": "#0"},
				"west": {"uv": [6.75, 5.75, 6.875, 6.25], "texture": "#0"},
				"up": {"uv": [7.75, 5.375, 7.5, 5.25], "texture": "#0"},
				"down": {"uv": [0.5, 7.75, 0.25, 7.875], "texture": "#0"}
			}
		},
		{
			"from": [5.725, 6.325, 8.875],
			"to": [7.25, 7.825, 8.925],
			"rotation": {"angle": 0, "axis": "y", "origin": [8, 8, 8]},
			"faces": {
				"north": {"uv": [4.25, 6, 4.625, 6.375], "texture": "#0"},
				"east": {"uv": [7.25, 5, 7.375, 5.375], "texture": "#0"},
				"south": {"uv": [5, 6, 5.375, 6.375], "texture": "#0"},
				"west": {"uv": [5.5, 7.25, 5.625, 7.625], "texture": "#0"},
				"up": {"uv": [7.625, 5.625, 7.25, 5.5], "texture": "#0"},
				"down": {"uv": [6.125, 7.25, 5.75, 7.375], "texture": "#0"}
			}
		},
		{
			"from": [9.425, 5.1, 13.9],
			"to": [10.3, 6.6, 13.95],
			"rotation": {"angle": 0, "axis": "y", "origin": [8, 8, 8]},
			"faces": {
				"north": {"uv": [6.5, 2, 6.75, 2.375], "texture": "#0"},
				"east": {"uv": [7.25, 5.75, 7.375, 6.125], "texture": "#0"},
				"south": {"uv": [6.5, 2.5, 6.75, 2.875], "texture": "#0"},
				"west": {"uv": [6.25, 7.25, 6.375, 7.625], "texture": "#0"},
				"up": {"uv": [8, 0.375, 7.75, 0.25], "texture": "#0"},
				"down": {"uv": [0.75, 7.75, 0.5, 7.875], "texture": "#0"}
			}
		},
		{
			"from": [9.425, 2.875, 13.275],
			"to": [11.7, 4.375, 13.325],
			"rotation": {"angle": 0, "axis": "y", "origin": [8, 8, 8]},
			"faces": {
				"north": {"uv": [5.5, 1.5, 6.125, 1.875], "texture": "#0"},
				"east": {"uv": [6.5, 7.25, 6.625, 7.625], "texture": "#0"},
				"south": {"uv": [5.5, 3.75, 6.125, 4.125], "texture": "#0"},
				"west": {"uv": [7.25, 6.75, 7.375, 7.125], "texture": "#0"},
				"up": {"uv": [7.375, 1.375, 6.75, 1.25], "texture": "#0"},
				"down": {"uv": [7.375, 1.5, 6.75, 1.625], "texture": "#0"}
			}
		},
		{
			"from": [6.425, 2.325, 13.275],
			"to": [7.675, 3.825, 13.325],
			"rotation": {"angle": 0, "axis": "y", "origin": [8, 8, 8]},
			"faces": {
				"north": {"uv": [6.25, 0, 6.625, 0.375], "texture": "#0"},
				"east": {"uv": [7.25, 7.25, 7.375, 7.625], "texture": "#0"},
				"south": {"uv": [6.25, 1.25, 6.625, 1.625], "texture": "#0"},
				"west": {"uv": [0, 7.5, 0.125, 7.875], "texture": "#0"},
				"up": {"uv": [7.875, 0.125, 7.5, 0], "texture": "#0"},
				"down": {"uv": [0.625, 7.5, 0.25, 7.625], "texture": "#0"}
			}
		},
		{
			"from": [6.125, 4.125, 13.275],
			"to": [8.8, 4.65, 13.325],
			"rotation": {"angle": 0, "axis": "y", "origin": [8, 8, 8]},
			"faces": {
				"north": {"uv": [1.75, 6.75, 2.375, 6.875], "texture": "#0"},
				"east": {"uv": [0.75, 8, 0.875, 8.125], "texture": "#0"},
				"south": {"uv": [6.75, 2, 7.375, 2.125], "texture": "#0"},
				"west": {"uv": [8, 0.75, 8.125, 0.875], "texture": "#0"},
				"up": {"uv": [7.375, 2.375, 6.75, 2.25], "texture": "#0"},
				"down": {"uv": [3.125, 6.75, 2.5, 6.875], "texture": "#0"}
			}
		},
		{
			"from": [8.425, 2.25, 13.275],
			"to": [9.175, 3.95, 13.325],
			"rotation": {"angle": 0, "axis": "y", "origin": [8, 8, 8]},
			"faces": {
				"north": {"uv": [4, 6.5, 4.25, 6.875], "texture": "#0"},
				"east": {"uv": [7.5, 0.25, 7.625, 0.625], "texture": "#0"},
				"south": {"uv": [6.5, 4, 6.75, 4.375], "texture": "#0"},
				"west": {"uv": [0.75, 7.5, 0.875, 7.875], "texture": "#0"},
				"up": {"uv": [8, 2.125, 7.75, 2], "texture": "#0"},
				"down": {"uv": [2.5, 7.75, 2.25, 7.875], "texture": "#0"}
			}
		},
		{
			"from": [10.15, 6.825, 13.9],
			"to": [12.325, 7.675, 13.95],
			"rotation": {"angle": 0, "axis": "y", "origin": [8, 8, 8]},
			"faces": {
				"north": {"uv": [4.5, 4, 5, 4.25], "texture": "#0"},
				"east": {"uv": [7.75, 0.5, 7.875, 0.75], "texture": "#0"},
				"south": {"uv": [5.5, 2, 6, 2.25], "texture": "#0"},
				"west": {"uv": [7.75, 0.75, 7.875, 1], "texture": "#0"},
				"up": {"uv": [7.25, 4.375, 6.75, 4.25], "texture": "#0"},
				"down": {"uv": [7.25, 6.25, 6.75, 6.375], "texture": "#0"}
			}
		},
		{
			"from": [10.975, 5.325, 13.9],
			"to": [12.5, 6.175, 13.95],
			"rotation": {"angle": 0, "axis": "y", "origin": [8, 8, 8]},
			"faces": {
				"north": {"uv": [6.5, 1, 6.875, 1.25], "texture": "#0"},
				"east": {"uv": [7.75, 1, 7.875, 1.25], "texture": "#0"},
				"south": {"uv": [6.5, 3, 6.875, 3.25], "texture": "#0"},
				"west": {"uv": [1.25, 7.75, 1.375, 8], "texture": "#0"},
				"up": {"uv": [7.625, 6.375, 7.25, 6.25], "texture": "#0"},
				"down": {"uv": [7.625, 6.5, 7.25, 6.625], "texture": "#0"}
			}
		},
		{
			"from": [5.85, 5.325, 13.9],
			"to": [6.925, 7.65, 13.95],
			"rotation": {"angle": 0, "axis": "y", "origin": [8, 8, 8]},
			"faces": {
				"north": {"uv": [0.5, 5.75, 0.75, 6.375], "texture": "#0"},
				"east": {"uv": [6.75, 0, 6.875, 0.625], "texture": "#0"},
				"south": {"uv": [6, 0, 6.25, 0.625], "texture": "#0"},
				"west": {"uv": [1, 6.75, 1.125, 7.375], "texture": "#0"},
				"up": {"uv": [8, 1.375, 7.75, 1.25], "texture": "#0"},
				"down": {"uv": [1.75, 7.75, 1.5, 7.875], "texture": "#0"}
			}
		},
		{
			"from": [7.275, 6.125, 13.9],
			"to": [9.225, 7.15, 13.95],
			"rotation": {"angle": 0, "axis": "y", "origin": [8, 8, 8]},
			"faces": {
				"north": {"uv": [6, 3.5, 6.5, 3.75], "texture": "#0"},
				"east": {"uv": [7.75, 1.5, 7.875, 1.75], "texture": "#0"},
				"south": {"uv": [6.25, 0.5, 6.75, 0.75], "texture": "#0"},
				"west": {"uv": [7.75, 1.75, 7.875, 2], "texture": "#0"},
				"up": {"uv": [7.25, 6.625, 6.75, 6.5], "texture": "#0"},
				"down": {"uv": [7.25, 6.75, 6.75, 6.875], "texture": "#0"}
			}
		},
		{
			"from": [8, 9.575, 6.4],
			"to": [12, 15.575, 10.4],
			"rotation": {"angle": 22.5, "axis": "x", "origin": [9.5, 10.5, 9.5]},
			"faces": {
				"north": {"uv": [1.75, 0, 2.75, 1.5], "texture": "#0"},
				"east": {"uv": [1.75, 1.5, 2.75, 3], "texture": "#0"},
				"south": {"uv": [0, 2.5, 1, 4], "texture": "#0"},
				"west": {"uv": [2.75, 0, 3.75, 1.5], "texture": "#0"},
				"up": {"uv": [2, 4.75, 1, 3.75], "texture": "#0"},
				"down": {"uv": [1, 4, 0, 5], "texture": "#0"}
			}
		},
		{
			"from": [8.5, 8.075, 6.8],
			"to": [11.5, 9.575, 9.8],
			"rotation": {"angle": 22.5, "axis": "x", "origin": [9.5, 10.5, 9.5]},
			"faces": {
				"north": {"uv": [1, 2.5, 1.75, 2.875], "texture": "#0"},
				"east": {"uv": [2, 3.75, 2.75, 4.125], "texture": "#0"},
				"south": {"uv": [5.25, 0, 6, 0.375], "texture": "#0"},
				"west": {"uv": [5.25, 0.5, 6, 0.875], "texture": "#0"},
				"up": {"uv": [1.75, 5.5, 1, 4.75], "texture": "#0"},
				"down": {"uv": [0.75, 5, 0, 5.75], "texture": "#0"}
			}
		},
		{
			"from": [8.5, 6.3, 9.8],
			"to": [11.5, 9.575, 10.4],
			"rotation": {"angle": 22.5, "axis": "x", "origin": [9.5, 10.5, 9.5]},
			"faces": {
				"north": {"uv": [4.25, 4.25, 5, 5.125], "texture": "#0"},
				"east": {"uv": [6.25, 4.25, 6.375, 5.125], "texture": "#0"},
				"south": {"uv": [4.5, 3, 5.25, 3.875], "texture": "#0"},
				"west": {"uv": [6.25, 5.25, 6.375, 6.125], "texture": "#0"},
				"up": {"uv": [7, 1.875, 6.25, 1.75], "texture": "#0"},
				"down": {"uv": [7.25, 0.75, 6.5, 0.875], "texture": "#0"}
			}
		},
		{
			"from": [10.1, 10.65, 6],
			"to": [11.5, 13.925, 6.6],
			"rotation": {"angle": 22.5, "axis": "x", "origin": [9.5, 10.5, 9.5]},
			"faces": {
				"north": {"uv": [3.25, 5, 3.625, 5.875], "texture": "#0"},
				"east": {"uv": [5.75, 6.25, 5.875, 7.125], "texture": "#0"},
				"south": {"uv": [3.75, 5, 4.125, 5.875], "texture": "#0"},
				"west": {"uv": [6, 6.25, 6.125, 7.125], "texture": "#0"},
				"up": {"uv": [7.625, 0.875, 7.25, 0.75], "texture": "#0"},
				"down": {"uv": [7.625, 3.25, 7.25, 3.375], "texture": "#0"}
			}
		},
		{
			"from": [8.5, 12.025, 6],
			"to": [9.9, 15.3, 6.6],
			"rotation": {"angle": 22.5, "axis": "x", "origin": [9.5, 10.5, 9.5]},
			"faces": {
				"north": {"uv": [5, 4, 5.375, 4.875], "texture": "#0"},
				"east": {"uv": [6.25, 6.25, 6.375, 7.125], "texture": "#0"},
				"south": {"uv": [5, 5, 5.375, 5.875], "texture": "#0"},
				"west": {"uv": [0.5, 6.5, 0.625, 7.375], "texture": "#0"},
				"up": {"uv": [7.625, 3.625, 7.25, 3.5], "texture": "#0"},
				"down": {"uv": [7.625, 3.75, 7.25, 3.875], "texture": "#0"}
			}
		},
		{
			"from": [8.65, 6.325, 6.8],
			"to": [11.65, 7.825, 9.8],
			"rotation": {"angle": 22.5, "axis": "x", "origin": [9.5, 10.5, 9.5]},
			"faces": {
				"north": {"uv": [5.25, 1, 6, 1.375], "texture": "#0"},
				"east": {"uv": [5.25, 2.25, 6, 2.625], "texture": "#0"},
				"south": {"uv": [5.25, 2.75, 6, 3.125], "texture": "#0"},
				"west": {"uv": [5.25, 3.25, 6, 3.625], "texture": "#0"},
				"up": {"uv": [2.5, 5.75, 1.75, 5], "texture": "#0"},
				"down": {"uv": [3.25, 5, 2.5, 5.75], "texture": "#0"}
			}
		}
	],
	"display": {
		"thirdperson_righthand": {
			"translation": [0, 2.25, 0],
			"scale": [0.45, 0.46, 0.46]
		},
		"thirdperson_lefthand": {
			"translation": [0, 2.25, 0],
			"scale": [0.45, 0.46, 0.46]
		},
		"firstperson_righthand": {
			"translation": [0, 2.25, 0],
			"scale": [0.45, 0.46, 0.46]
		},
		"firstperson_lefthand": {
			"translation": [0, 2.25, 0],
			"scale": [0.45, 0.46, 0.46]
		},
		"ground": {
			"translation": [0, 2.75, 0]
		},
		"gui": {
			"rotation": [0, -180, 0]
		},
		"head": {
			"translation": [0, 9.75, 0],
			"scale": [0.45, 0.46, 0.46]
		},
		"fixed": {
			"rotation": [-90, 0, 0],
			"translation": [0, -12.75, -15.25],
			"scale": [2, 2, 2]
		}
	},
	"groups": [
		{
			"name": "Body",
			"origin": [8, 8, 8],
			"children": [0, 1, 2, 3, 4, 5, 6, 7, 8, 9, 10, 11, 12, 13, 14, 15, 16, 17, 18, 19, 20, 21, 22, 23, 24, 25, 26, 27, 28, 29, 30, 31, 32, 33, 34, 35, 36, 37, 38, 39, 40, 41, 42, 43, 44, 45,
				{
					"name": "detail",
					"origin": [8, 8, 8],
					"children": []
				}
			]
		},
		{
			"name": "Head",
			"origin": [8, 8, 8],
			"children": [46, 47, 48, 49, 50, 51]
		}
	]
}