{
	"credit": "Made with Blockbench",
	"textures": {
		"0": "./kirk",
		"particle": "Custom-MC-Stuff/kirk",
		"texture": "./polearm",
		"zPolearm_texture_2": "./polearmtexture2",
		"zPolearminv": "./polearmtexture3"
	},
	"elements": [
		{
			"name": "head",
			"from": [4, 20.175, 1],
			"to": [12, 28.175, 9],
			"rotation": {"angle": -45, "axis": "x", "origin": [8, 22.775, 8]},
			"faces": {
				"north": {"uv": [2, 2, 4, 4], "texture": "#0"},
				"east": {"uv": [0, 2, 2, 4], "texture": "#0"},
				"south": {"uv": [6, 2, 8, 4], "texture": "#0"},
				"west": {"uv": [4, 2, 6, 4], "texture": "#0"},
				"up": {"uv": [4, 2, 2, 0], "texture": "#0"},
				"down": {"uv": [6, 0, 4, 2], "texture": "#0"}
			}
		},
		{
			"name": "body",
			"from": [4, 6.775, 6],
			"to": [12, 18.775, 10],
			"rotation": {"angle": 0, "axis": "y", "origin": [0, -4.725, 0]},
			"faces": {
				"north": {"uv": [5, 5, 7, 7.98], "texture": "#0"},
				"east": {"uv": [4, 5, 5, 8], "texture": "#0"},
				"south": {"uv": [8, 5, 10, 8], "texture": "#0"},
				"west": {"uv": [7, 5, 8, 7.98], "texture": "#0"},
				"up": {"uv": [7, 5, 5, 4], "texture": "#0"},
				"down": {"uv": [9, 4, 7, 5], "texture": "#0"}
			}
		},
		{
			"name": "right_arm",
			"from": [12, 13.775, -1],
			"to": [16, 17.775, 11],
			"rotation": {"angle": -22.5, "axis": "x", "origin": [13.9975, 12.775, 8]},
			"faces": {
				"north": {"uv": [13, 4, 12, 5], "rotation": 180, "texture": "#0"},
				"east": {"uv": [10, 5, 11, 8], "rotation": 270, "texture": "#0"},
				"south": {"uv": [12, 5, 11, 4], "texture": "#0"},
				"west": {"uv": [12, 5, 13, 8], "rotation": 90, "texture": "#0"},
				"up": {"uv": [11, 5, 12, 8], "rotation": 180, "texture": "#0"},
				"down": {"uv": [13, 5, 14, 8], "texture": "#0"}
			}
		},
		{
			"name": "left_arm",
			"from": [0, 6.775, 6],
			"to": [4, 18.775, 10],
			"rotation": {"angle": 0, "axis": "y", "origin": [0, -4.725, 0]},
			"faces": {
				"north": {"uv": [9, 13, 10, 16], "texture": "#0"},
				"east": {"uv": [8, 13, 9, 16], "texture": "#0"},
				"south": {"uv": [11, 13, 12, 16], "texture": "#0"},
				"west": {"uv": [10, 13, 11, 16], "texture": "#0"},
				"up": {"uv": [10, 13, 9, 12], "texture": "#0"},
				"down": {"uv": [11, 12, 10, 13], "texture": "#0"}
			}
		},
		{
			"name": "right_leg",
			"from": [8, -5.225, 6],
			"to": [12, 6.775, 10],
			"rotation": {"angle": 0, "axis": "y", "origin": [0, -4.725, 0]},
			"faces": {
				"north": {"uv": [1, 5, 2, 8], "texture": "#0"},
				"east": {"uv": [0, 5, 1, 8], "texture": "#0"},
				"south": {"uv": [3, 5, 4, 8], "texture": "#0"},
				"west": {"uv": [2, 5, 3, 8], "texture": "#0"},
				"up": {"uv": [2, 5, 1, 4], "texture": "#0"},
				"down": {"uv": [3, 4, 2, 5], "texture": "#0"}
			}
		},
		{
			"name": "left_leg",
			"from": [4, -5.225, 6],
			"to": [8, 6.775, 10],
			"rotation": {"angle": 0, "axis": "y", "origin": [0, -4.725, 0]},
			"faces": {
				"north": {"uv": [5, 13, 6, 16], "texture": "#0"},
				"east": {"uv": [4, 13, 5, 16], "texture": "#0"},
				"south": {"uv": [7, 13, 8, 16], "texture": "#0"},
				"west": {"uv": [6, 13, 7, 16], "texture": "#0"},
				"up": {"uv": [6, 13, 5, 12], "texture": "#0"},
				"down": {"uv": [7, 12, 6, 13], "texture": "#0"}
			}
		},
		{
			"name": "head_2nd_layer",
			"from": [3.5, 19.675, 0.5],
			"to": [12.5, 28.675, 9.5],
			"rotation": {"angle": -45, "axis": "x", "origin": [8, 22.775, 8]},
			"faces": {
				"north": {"uv": [10, 2, 12, 4], "texture": "#0"},
				"east": {"uv": [8, 2, 10, 4], "texture": "#0"},
				"south": {"uv": [14, 2, 16, 4], "texture": "#0"},
				"west": {"uv": [12, 2, 14, 4], "texture": "#0"},
				"up": {"uv": [12, 2, 10, 0], "texture": "#0"},
				"down": {"uv": [14, 0, 12, 2], "texture": "#0"}
			}
		},
		{
			"name": "body_2nd_layer",
			"from": [4, 6.295, 5.5],
			"to": [12, 19.305, 10.5],
			"rotation": {"angle": 0, "axis": "y", "origin": [0, -4.725, 0]},
			"faces": {
				"north": {"uv": [5, 9, 7, 12], "texture": "#0"},
				"east": {"uv": [4, 9, 5, 12], "texture": "#0"},
				"south": {"uv": [8, 9, 10, 12], "texture": "#0"},
				"west": {"uv": [7, 9, 8, 12], "texture": "#0"},
				"up": {"uv": [7, 9, 5, 8], "texture": "#0"},
				"down": {"uv": [9, 8, 7, 9], "texture": "#0"}
			}
		},
		{
			"name": "right_arm_2nd_layer",
			"from": [11.5, 13.275, -1.5],
			"to": [16.49, 18.275, 11.5],
			"rotation": {"angle": -22.5, "axis": "x", "origin": [13.9975, 12.775, 8]},
			"faces": {
				"north": {"uv": [13, 8, 12, 9], "rotation": 180, "texture": "#0"},
				"east": {"uv": [10, 9, 11, 12], "rotation": 270, "texture": "#0"},
				"south": {"uv": [12, 9, 11, 8], "texture": "#0"},
				"west": {"uv": [12, 9, 13, 12], "rotation": 90, "texture": "#0"},
				"up": {"uv": [11, 9, 12, 12], "rotation": 180, "texture": "#0"},
				"down": {"uv": [13, 9, 14, 12], "texture": "#0"}
			}
		},
		{
			"name": "left_arm_2nd_layer",
			"from": [-0.5, 6.275, 5.5],
			"to": [4.5, 19.275, 10.5],
			"rotation": {"angle": 0, "axis": "y", "origin": [0, -4.725, 0]},
			"faces": {
				"north": {"uv": [13, 13, 14, 16], "texture": "#0"},
				"east": {"uv": [12, 13, 13, 16], "texture": "#0"},
				"south": {"uv": [15, 13, 16, 16], "texture": "#0"},
				"west": {"uv": [14, 13, 15, 16], "texture": "#0"},
				"up": {"uv": [14, 13, 13, 12], "texture": "#0"},
				"down": {"uv": [15, 12, 14, 13], "texture": "#0"}
			}
		},
		{
			"name": "right_leg_2nd_layer",
			"from": [7.5, -5.725, 5.5],
			"to": [12.5, 7.275, 10.5],
			"rotation": {"angle": 0, "axis": "y", "origin": [0, -4.725, 0]},
			"faces": {
				"north": {"uv": [1, 9, 2, 12], "texture": "#0"},
				"east": {"uv": [0, 9, 1, 12], "texture": "#0"},
				"south": {"uv": [3, 9, 4, 12], "texture": "#0"},
				"west": {"uv": [2, 9, 3, 12], "texture": "#0"},
				"up": {"uv": [2, 9, 1, 8], "texture": "#0"},
				"down": {"uv": [3, 8, 2, 9], "texture": "#0"}
			}
		},
		{
			"name": "left_leg_2nd_layer",
			"from": [3.5, -5.725, 5.5],
			"to": [8.5, 7.275, 10.5],
			"rotation": {"angle": 0, "axis": "y", "origin": [0, -4.725, 0]},
			"faces": {
				"north": {"uv": [1, 13, 2, 16], "texture": "#0"},
				"east": {"uv": [0, 13, 1, 16], "texture": "#0"},
				"south": {"uv": [3, 13, 4, 16], "texture": "#0"},
				"west": {"uv": [2, 13, 3, 16], "texture": "#0"},
				"up": {"uv": [2, 12, 1, 11], "texture": "#0"},
				"down": {"uv": [3, 12, 2, 13], "texture": "#0"}
			}
		},
		{
			"name": "zPolearm x128",
			"from": [8.16715, 19.475, 2.49375],
			"to": [9.41715, 27.6, 2.80625],
			"rotation": {"angle": 45, "axis": "y", "origin": [6.98983, 12.67544, -6.75]},
			"faces": {
				"north": {"uv": [6.625, 1.75, 7.125, 5], "texture": "#texture"},
				"east": {"uv": [7.9375, 1.75, 8.0625, 5], "texture": "#zPolearm_texture_2"},
				"south": {"uv": [8.875, 1.75, 9.375, 5], "texture": "#zPolearminv"},
				"west": {"uv": [7.9375, 1.75, 8.0625, 5], "texture": "#zPolearm_texture_2"},
				"up": {"uv": [6.625, 7.9375, 7.125, 8.0625], "rotation": 180, "texture": "#zPolearm_texture_2"},
				"down": {"uv": [9.375, 8.0625, 8.875, 7.9375], "rotation": 180, "texture": "#zPolearm_texture_2"}
			}
		},
		{
			"name": "zPolearm x128",
			"from": [6.91715, 27.6, 2.49375],
			"to": [9.10465, 27.9125, 2.80625],
			"rotation": {"angle": 45, "axis": "y", "origin": [6.98983, 12.67544, -6.75]},
			"faces": {
				"north": {"uv": [6.75, 1.625, 7.625, 1.75], "texture": "#texture"},
				"east": {"uv": [7.9375, 1.625, 8.0625, 1.75], "texture": "#zPolearm_texture_2"},
				"south": {"uv": [8.375, 1.625, 9.25, 1.75], "texture": "#zPolearminv"},
				"west": {"uv": [7.9375, 1.625, 8.0625, 1.75], "texture": "#zPolearm_texture_2"},
				"up": {"uv": [6.75, 7.9375, 7.625, 8.0625], "rotation": 180, "texture": "#zPolearm_texture_2"},
				"down": {"uv": [9.25, 8.0625, 8.375, 7.9375], "rotation": 180, "texture": "#zPolearm_texture_2"}
			}
		},
		{
			"name": "zPolearm x128",
			"from": [7.22965, 19.1625, 2.49375],
			"to": [9.10465, 19.475, 2.80625],
			"rotation": {"angle": 45, "axis": "y", "origin": [6.98983, 12.67544, -6.75]},
			"faces": {
				"north": {"uv": [6.75, 5, 7.5, 5.125], "texture": "#texture"},
				"east": {"uv": [7.9375, 5, 8.0625, 5.125], "texture": "#zPolearm_texture_2"},
				"south": {"uv": [8.5, 5, 9.25, 5.125], "texture": "#zPolearminv"},
				"west": {"uv": [7.9375, 5, 8.0625, 5.125], "texture": "#zPolearm_texture_2"},
				"up": {"uv": [6.75, 7.9375, 7.5, 8.0625], "rotation": 180, "texture": "#zPolearm_texture_2"},
				"down": {"uv": [9.25, 8.0625, 8.5, 7.9375], "rotation": 180, "texture": "#zPolearm_texture_2"}
			}
		},
		{
			"name": "zPolearm x128",
			"from": [6.91715, 27.9125, 2.49375],
			"to": [8.79215, 28.5375, 2.80625],
			"rotation": {"angle": 45, "axis": "y", "origin": [6.98983, 12.67544, -6.75]},
			"faces": {
				"north": {"uv": [6.875, 1.375, 7.625, 1.625], "texture": "#texture"},
				"east": {"uv": [7.9375, 1.375, 8.0625, 1.625], "texture": "#zPolearm_texture_2"},
				"south": {"uv": [8.375, 1.375, 9.125, 1.625], "texture": "#zPolearminv"},
				"west": {"uv": [7.9375, 1.375, 8.0625, 1.625], "texture": "#zPolearm_texture_2"},
				"up": {"uv": [6.875, 7.9375, 7.625, 8.0625], "rotation": 180, "texture": "#zPolearm_texture_2"},
				"down": {"uv": [9.125, 8.0625, 8.375, 7.9375], "rotation": 180, "texture": "#zPolearm_texture_2"}
			}
		},
		{
			"name": "zPolearm x128",
			"from": [6.91715, 28.5375, 2.49375],
			"to": [8.47965, 28.85, 2.80625],
			"rotation": {"angle": 45, "axis": "y", "origin": [6.98983, 12.67544, -6.75]},
			"faces": {
				"north": {"uv": [7, 1.25, 7.625, 1.375], "texture": "#texture"},
				"east": {"uv": [7.9375, 1.25, 8.0625, 1.375], "texture": "#zPolearm_texture_2"},
				"south": {"uv": [8.375, 1.25, 9, 1.375], "texture": "#zPolearminv"},
				"west": {"uv": [7.9375, 1.25, 8.0625, 1.375], "texture": "#zPolearm_texture_2"},
				"up": {"uv": [7, 7.9375, 7.625, 8.0625], "rotation": 180, "texture": "#zPolearm_texture_2"},
				"down": {"uv": [9, 8.0625, 8.375, 7.9375], "rotation": 180, "texture": "#zPolearm_texture_2"}
			}
		},
		{
			"name": "zPolearm x128",
			"from": [6.91715, 28.85, 2.49375],
			"to": [8.16715, 29.1625, 2.80625],
			"rotation": {"angle": 45, "axis": "y", "origin": [6.98983, 12.67544, -6.75]},
			"faces": {
				"north": {"uv": [7.125, 1.125, 7.625, 1.25], "texture": "#texture"},
				"east": {"uv": [7.9375, 1.125, 8.0625, 1.25], "texture": "#zPolearm_texture_2"},
				"south": {"uv": [8.375, 1.125, 8.875, 1.25], "texture": "#zPolearminv"},
				"west": {"uv": [7.9375, 1.125, 8.0625, 1.25], "texture": "#zPolearm_texture_2"},
				"up": {"uv": [7.125, 7.9375, 7.625, 8.0625], "rotation": 180, "texture": "#zPolearm_texture_2"},
				"down": {"uv": [8.875, 8.0625, 8.375, 7.9375], "rotation": 180, "texture": "#zPolearm_texture_2"}
			}
		},
		{
			"name": "zPolearm x128",
			"from": [6.91715, 22.6, 2.49375],
			"to": [8.16715, 27.6, 2.80625],
			"rotation": {"angle": 45, "axis": "y", "origin": [6.98983, 12.67544, -6.75]},
			"faces": {
				"north": {"uv": [7.125, 1.75, 7.625, 3.75], "texture": "#texture"},
				"east": {"uv": [7.9375, 1.75, 8.0625, 3.75], "texture": "#zPolearm_texture_2"},
				"south": {"uv": [8.375, 1.75, 8.875, 3.75], "texture": "#zPolearminv"},
				"west": {"uv": [7.9375, 1.75, 8.0625, 3.75], "texture": "#zPolearm_texture_2"},
				"up": {"uv": [7.125, 7.9375, 7.625, 8.0625], "rotation": 180, "texture": "#zPolearm_texture_2"},
				"down": {"uv": [8.875, 8.0625, 8.375, 7.9375], "rotation": 180, "texture": "#zPolearm_texture_2"}
			}
		},
		{
			"name": "zPolearm x128",
			"from": [6.91715, 20.725, 2.49375],
			"to": [8.16715, 21.975, 2.80625],
			"rotation": {"angle": 45, "axis": "y", "origin": [6.98983, 12.67544, -6.75]},
			"faces": {
				"north": {"uv": [7.125, 4, 7.625, 4.5], "texture": "#texture"},
				"east": {"uv": [7.9375, 4, 8.0625, 4.5], "texture": "#zPolearm_texture_2"},
				"south": {"uv": [8.375, 4, 8.875, 4.5], "texture": "#zPolearminv"},
				"west": {"uv": [7.9375, 4, 8.0625, 4.5], "texture": "#zPolearm_texture_2"},
				"up": {"uv": [7.125, 7.9375, 7.625, 8.0625], "rotation": 180, "texture": "#zPolearm_texture_2"},
				"down": {"uv": [8.875, 8.0625, 8.375, 7.9375], "rotation": 180, "texture": "#zPolearm_texture_2"}
			}
		},
		{
			"name": "zPolearm x128",
			"from": [6.91715, 19.475, 2.49375],
			"to": [8.16715, 20.1, 2.80625],
			"rotation": {"angle": 45, "axis": "y", "origin": [6.98983, 12.67544, -6.75]},
			"faces": {
				"north": {"uv": [7.125, 4.75, 7.625, 5], "texture": "#texture"},
				"east": {"uv": [7.9375, 4.75, 8.0625, 5], "texture": "#zPolearm_texture_2"},
				"south": {"uv": [8.375, 4.75, 8.875, 5], "texture": "#zPolearminv"},
				"west": {"uv": [7.9375, 4.75, 8.0625, 5], "texture": "#zPolearm_texture_2"},
				"up": {"uv": [7.125, 7.9375, 7.625, 8.0625], "rotation": 180, "texture": "#zPolearm_texture_2"},
				"down": {"uv": [8.875, 8.0625, 8.375, 7.9375], "rotation": 180, "texture": "#zPolearm_texture_2"}
			}
		},
		{
			"name": "zPolearm x128",
			"from": [6.91715, 29.1625, 2.49375],
			"to": [7.85465, 29.7875, 2.80625],
			"rotation": {"angle": 45, "axis": "y", "origin": [6.98983, 12.67544, -6.75]},
			"faces": {
				"north": {"uv": [7.25, 0.875, 7.625, 1.125], "texture": "#texture"},
				"east": {"uv": [7.9375, 0.875, 8.0625, 1.125], "texture": "#zPolearm_texture_2"},
				"south": {"uv": [8.375, 0.875, 8.75, 1.125], "texture": "#zPolearminv"},
				"west": {"uv": [7.9375, 0.875, 8.0625, 1.125], "texture": "#zPolearm_texture_2"},
				"up": {"uv": [7.25, 7.9375, 7.625, 8.0625], "rotation": 180, "texture": "#zPolearm_texture_2"},
				"down": {"uv": [8.75, 8.0625, 8.375, 7.9375], "rotation": 180, "texture": "#zPolearm_texture_2"}
			}
		},
		{
			"name": "zPolearm x128",
			"from": [6.91715, 29.7875, 2.49375],
			"to": [7.54215, 30.1, 2.80625],
			"rotation": {"angle": 45, "axis": "y", "origin": [6.98983, 12.67544, -6.75]},
			"faces": {
				"north": {"uv": [7.375, 0.75, 7.625, 0.875], "texture": "#texture"},
				"east": {"uv": [7.9375, 0.75, 8.0625, 0.875], "texture": "#zPolearm_texture_2"},
				"south": {"uv": [8.375, 0.75, 8.625, 0.875], "texture": "#zPolearminv"},
				"west": {"uv": [7.9375, 0.75, 8.0625, 0.875], "texture": "#zPolearm_texture_2"},
				"up": {"uv": [7.375, 7.9375, 7.625, 8.0625], "rotation": 180, "texture": "#zPolearm_texture_2"},
				"down": {"uv": [8.625, 8.0625, 8.375, 7.9375], "rotation": 180, "texture": "#zPolearm_texture_2"}
			}
		},
		{
			"name": "zPolearm x128",
			"from": [6.91715, 21.975, 2.49375],
			"to": [7.54215, 22.6, 2.80625],
			"rotation": {"angle": 45, "axis": "y", "origin": [6.98983, 12.67544, -6.75]},
			"faces": {
				"north": {"uv": [7.375, 3.75, 7.625, 4], "texture": "#texture"},
				"east": {"uv": [7.9375, 3.75, 8.0625, 4], "texture": "#zPolearm_texture_2"},
				"south": {"uv": [8.375, 3.75, 8.625, 4], "texture": "#zPolearminv"},
				"west": {"uv": [7.9375, 3.75, 8.0625, 4], "texture": "#zPolearm_texture_2"},
				"up": {"uv": [7.375, 7.9375, 7.625, 8.0625], "rotation": 180, "texture": "#zPolearm_texture_2"},
				"down": {"uv": [8.625, 8.0625, 8.375, 7.9375], "rotation": 180, "texture": "#zPolearm_texture_2"}
			}
		},
		{
			"name": "zPolearm x128",
			"from": [6.91715, 20.1, 2.49375],
			"to": [7.54215, 20.725, 2.80625],
			"rotation": {"angle": 45, "axis": "y", "origin": [6.98983, 12.67544, -6.75]},
			"faces": {
				"north": {"uv": [7.375, 4.5, 7.625, 4.75], "texture": "#texture"},
				"east": {"uv": [7.9375, 4.5, 8.0625, 4.75], "texture": "#zPolearm_texture_2"},
				"south": {"uv": [8.375, 4.5, 8.625, 4.75], "texture": "#zPolearminv"},
				"west": {"uv": [7.9375, 4.5, 8.0625, 4.75], "texture": "#zPolearm_texture_2"},
				"up": {"uv": [7.375, 7.9375, 7.625, 8.0625], "rotation": 180, "texture": "#zPolearm_texture_2"},
				"down": {"uv": [8.625, 8.0625, 8.375, 7.9375], "rotation": 180, "texture": "#zPolearm_texture_2"}
			}
		},
		{
			"name": "zPolearm x128",
			"from": [6.91715, 30.1, 2.49375],
			"to": [7.22965, 30.4125, 2.80625],
			"rotation": {"angle": 45, "axis": "y", "origin": [6.98983, 12.67544, -6.75]},
			"faces": {
				"north": {"uv": [7.5, 0.625, 7.625, 0.75], "texture": "#texture"},
				"east": {"uv": [7.9375, 0.625, 8.0625, 0.75], "texture": "#zPolearm_texture_2"},
				"south": {"uv": [8.375, 0.625, 8.5, 0.75], "texture": "#zPolearminv"},
				"west": {"uv": [7.9375, 0.625, 8.0625, 0.75], "texture": "#zPolearm_texture_2"},
				"up": {"uv": [7.5, 7.9375, 7.625, 8.0625], "rotation": 180, "texture": "#zPolearm_texture_2"},
				"down": {"uv": [8.5, 8.0625, 8.375, 7.9375], "rotation": 180, "texture": "#zPolearm_texture_2"}
			}
		},
		{
			"name": "zPolearm x128",
			"from": [5.35465, 26.0375, 2.3375],
			"to": [6.91715, 27.6, 2.9625],
			"rotation": {"angle": 45, "axis": "y", "origin": [6.98983, 12.67544, -6.75]},
			"faces": {
				"north": {"uv": [7.625, 1.75, 8.25, 2.375], "texture": "#texture"},
				"east": {"uv": [7.875, 1.75, 8.125, 2.375], "texture": "#zPolearm_texture_2"},
				"south": {"uv": [7.75, 1.75, 8.375, 2.375], "texture": "#zPolearminv"},
				"west": {"uv": [7.875, 1.75, 8.125, 2.375], "texture": "#zPolearm_texture_2"},
				"up": {"uv": [7.625, 7.875, 8.25, 8.125], "rotation": 180, "texture": "#zPolearm_texture_2"},
				"down": {"uv": [8.375, 8.125, 7.75, 7.875], "rotation": 180, "texture": "#zPolearm_texture_2"}
			}
		},
		{
			"name": "zPolearm x128",
			"from": [5.35465, 24.1625, 2.3375],
			"to": [6.91715, 25.725, 2.9625],
			"rotation": {"angle": 45, "axis": "y", "origin": [6.98983, 12.67544, -6.75]},
			"faces": {
				"north": {"uv": [7.625, 2.5, 8.25, 3.125], "texture": "#texture"},
				"east": {"uv": [7.875, 2.5, 8.125, 3.125], "texture": "#zPolearm_texture_2"},
				"south": {"uv": [7.75, 2.5, 8.375, 3.125], "texture": "#zPolearminv"},
				"west": {"uv": [7.875, 2.5, 8.125, 3.125], "texture": "#zPolearm_texture_2"},
				"up": {"uv": [7.625, 7.875, 8.25, 8.125], "rotation": 180, "texture": "#zPolearm_texture_2"},
				"down": {"uv": [8.375, 8.125, 7.75, 7.875], "rotation": 180, "texture": "#zPolearm_texture_2"}
			}
		},
		{
			"name": "zPolearm x128",
			"from": [5.04215, 15.4125, 2.3375],
			"to": [6.91715, 16.975, 2.9625],
			"rotation": {"angle": 45, "axis": "y", "origin": [6.98983, 12.67544, -6.75]},
			"faces": {
				"north": {"uv": [7.625, 6, 8.375, 6.625], "texture": "#texture"},
				"east": {"uv": [7.875, 6, 8.125, 6.625], "texture": "#zPolearm_texture_2"},
				"south": {"uv": [7.625, 6, 8.375, 6.625], "texture": "#zPolearminv"},
				"west": {"uv": [7.875, 6, 8.125, 6.625], "texture": "#zPolearm_texture_2"},
				"up": {"uv": [7.625, 7.875, 8.375, 8.125], "rotation": 180, "texture": "#zPolearm_texture_2"},
				"down": {"uv": [8.375, 8.125, 7.625, 7.875], "rotation": 180, "texture": "#zPolearm_texture_2"}
			}
		},
		{
			"name": "zPolearm x128",
			"from": [5.04215, 8.5375, 2.3375],
			"to": [6.91715, 10.1, 2.9625],
			"rotation": {"angle": 45, "axis": "y", "origin": [6.98983, 12.67544, -6.75]},
			"faces": {
				"north": {"uv": [7.625, 8.75, 8.375, 9.375], "texture": "#texture"},
				"east": {"uv": [7.875, 8.75, 8.125, 9.375], "texture": "#zPolearm_texture_2"},
				"south": {"uv": [7.625, 8.75, 8.375, 9.375], "texture": "#zPolearminv"},
				"west": {"uv": [7.875, 8.75, 8.125, 9.375], "texture": "#zPolearm_texture_2"},
				"up": {"uv": [7.625, 7.875, 8.375, 8.125], "rotation": 180, "texture": "#zPolearm_texture_2"},
				"down": {"uv": [8.375, 8.125, 7.625, 7.875], "rotation": 180, "texture": "#zPolearm_texture_2"}
			}
		},
		{
			"name": "zPolearm x128",
			"from": [5.35465, 27.6, 2.3375],
			"to": [6.60465, 27.9125, 2.9625],
			"rotation": {"angle": 45, "axis": "y", "origin": [6.98983, 12.67544, -6.75]},
			"faces": {
				"north": {"uv": [7.75, 1.625, 8.25, 1.75], "texture": "#texture"},
				"east": {"uv": [7.875, 1.625, 8.125, 1.75], "texture": "#texture"},
				"south": {"uv": [7.75, 1.625, 8.25, 1.75], "texture": "#texture"},
				"west": {"uv": [7.875, 1.625, 8.125, 1.75], "texture": "#texture"},
				"up": {"uv": [7.75, 7.875, 8.25, 8.125], "rotation": 180, "texture": "#texture"},
				"down": {"uv": [8.25, 8.125, 7.75, 7.875], "rotation": 180, "texture": "#texture"}
			}
		},
		{
			"name": "zPolearm x128",
			"from": [5.35465, 25.725, 2.3375],
			"to": [6.60465, 26.0375, 2.9625],
			"rotation": {"angle": 45, "axis": "y", "origin": [6.98983, 12.67544, -6.75]},
			"faces": {
				"north": {"uv": [7.75, 2.375, 8.25, 2.5], "texture": "#texture"},
				"east": {"uv": [7.875, 2.375, 8.125, 2.5], "texture": "#texture"},
				"south": {"uv": [7.75, 2.375, 8.25, 2.5], "texture": "#texture"},
				"west": {"uv": [7.875, 2.375, 8.125, 2.5], "texture": "#texture"},
				"up": {"uv": [7.75, 7.875, 8.25, 8.125], "rotation": 180, "texture": "#texture"},
				"down": {"uv": [8.25, 8.125, 7.75, 7.875], "rotation": 180, "texture": "#texture"}
			}
		},
		{
			"name": "zPolearm x128",
			"from": [5.35465, 16.975, 2.3375],
			"to": [6.60465, 24.1625, 2.9625],
			"rotation": {"angle": 45, "axis": "y", "origin": [6.98983, 12.67544, -6.75]},
			"faces": {
				"north": {"uv": [7.75, 3.125, 8.25, 6], "texture": "#texture"},
				"east": {"uv": [7.875, 3.125, 8.125, 6], "texture": "#texture"},
				"south": {"uv": [7.75, 3.125, 8.25, 6], "texture": "#texture"},
				"west": {"uv": [7.875, 3.125, 8.125, 6], "texture": "#texture"},
				"up": {"uv": [7.75, 7.875, 8.25, 8.125], "rotation": 180, "texture": "#texture"},
				"down": {"uv": [8.25, 8.125, 7.75, 7.875], "rotation": 180, "texture": "#texture"}
			}
		},
		{
			"name": "zPolearm x128",
			"from": [5.35465, 10.1, 2.3375],
			"to": [6.60465, 15.4125, 2.9625],
			"rotation": {"angle": 45, "axis": "y", "origin": [6.98983, 12.67544, -6.75]},
			"faces": {
				"north": {"uv": [7.75, 6.625, 8.25, 8.75], "texture": "#texture"},
				"east": {"uv": [7.875, 6.625, 8.125, 8.75], "texture": "#texture"},
				"south": {"uv": [7.75, 6.625, 8.25, 8.75], "texture": "#texture"},
				"west": {"uv": [7.875, 6.625, 8.125, 8.75], "texture": "#texture"},
				"up": {"uv": [7.75, 7.875, 8.25, 8.125], "rotation": 180, "texture": "#texture"},
				"down": {"uv": [8.25, 8.125, 7.75, 7.875], "rotation": 180, "texture": "#texture"}
			}
		},
		{
			"name": "zPolearm x128",
			"from": [5.35465, -5.8375, 2.3375],
			"to": [6.60465, 8.5375, 2.9625],
			"rotation": {"angle": 45, "axis": "y", "origin": [6.98983, 12.67544, -6.75]},
			"faces": {
				"north": {"uv": [7.75, 9.375, 8.25, 15.125], "texture": "#texture"},
				"east": {"uv": [7.875, 9.375, 8.125, 15.125], "texture": "#texture"},
				"south": {"uv": [7.75, 9.375, 8.25, 15.125], "texture": "#texture"},
				"west": {"uv": [7.875, 9.375, 8.125, 15.125], "texture": "#texture"},
				"up": {"uv": [7.75, 7.875, 8.25, 8.125], "rotation": 180, "texture": "#texture"},
				"down": {"uv": [8.25, 8.125, 7.75, 7.875], "rotation": 180, "texture": "#texture"}
			}
		},
		{
			"name": "zPolearm x128",
			"from": [5.66715, 27.9125, 2.3375],
			"to": [6.29215, 28.225, 2.9625],
			"rotation": {"angle": 45, "axis": "y", "origin": [6.98983, 12.67544, -6.75]},
			"faces": {
				"north": {"uv": [7.875, 1.5, 8.125, 1.625], "texture": "#texture"},
				"east": {"uv": [7.875, 1.5, 8.125, 1.625], "texture": "#texture"},
				"south": {"uv": [7.875, 1.5, 8.125, 1.625], "texture": "#texture"},
				"west": {"uv": [7.875, 1.5, 8.125, 1.625], "texture": "#texture"},
				"up": {"uv": [7.875, 7.875, 8.125, 8.125], "rotation": 180, "texture": "#texture"},
				"down": {"uv": [8.125, 8.125, 7.875, 7.875], "rotation": 180, "texture": "#texture"}
			}
		},
		{
			"name": "zPolearm x128",
			"from": [5.66715, -6.15, 2.3375],
			"to": [6.29215, -5.8375, 2.9625],
			"rotation": {"angle": 45, "axis": "y", "origin": [6.98983, 12.67544, -6.75]},
			"faces": {
				"north": {"uv": [7.875, 15.125, 8.125, 15.25], "texture": "#texture"},
				"east": {"uv": [7.875, 15.125, 8.125, 15.25], "texture": "#texture"},
				"south": {"uv": [7.875, 15.125, 8.125, 15.25], "texture": "#texture"},
				"west": {"uv": [7.875, 15.125, 8.125, 15.25], "texture": "#texture"},
				"up": {"uv": [7.875, 7.875, 8.125, 8.125], "rotation": 180, "texture": "#texture"},
				"down": {"uv": [8.125, 8.125, 7.875, 7.875], "rotation": 180, "texture": "#texture"}
			}
		},
		{
			"name": "zPolearm x128",
			"from": [5.04215, 26.6625, 2.3375],
			"to": [5.35465, 26.975, 2.9625],
			"rotation": {"angle": 45, "axis": "y", "origin": [6.98983, 12.67544, -6.75]},
			"faces": {
				"north": {"uv": [8.25, 2, 8.375, 2.125], "texture": "#texture"},
				"east": {"uv": [7.875, 2, 8.125, 2.125], "texture": "#zPolearm_texture_2"},
				"south": {"uv": [7.625, 2, 7.75, 2.125], "texture": "#zPolearminv"},
				"west": {"uv": [7.875, 2, 8.125, 2.125], "texture": "#zPolearm_texture_2"},
				"up": {"uv": [8.25, 7.875, 8.375, 8.125], "rotation": 180, "texture": "#zPolearm_texture_2"},
				"down": {"uv": [7.75, 8.125, 7.625, 7.875], "rotation": 180, "texture": "#zPolearm_texture_2"}
			}
		},
		{
			"name": "zPolearm x128",
			"from": [5.04215, 24.7875, 2.3375],
			"to": [5.35465, 25.1, 2.9625],
			"rotation": {"angle": 45, "axis": "y", "origin": [6.98983, 12.67544, -6.75]},
			"faces": {
				"north": {"uv": [8.25, 2.75, 8.375, 2.875], "texture": "#texture"},
				"east": {"uv": [7.875, 2.75, 8.125, 2.875], "texture": "#zPolearm_texture_2"},
				"south": {"uv": [7.625, 2.75, 7.75, 2.875], "texture": "#zPolearminv"},
				"west": {"uv": [7.875, 2.75, 8.125, 2.875], "texture": "#zPolearm_texture_2"},
				"up": {"uv": [8.25, 7.875, 8.375, 8.125], "rotation": 180, "texture": "#zPolearm_texture_2"},
				"down": {"uv": [7.75, 8.125, 7.625, 7.875], "rotation": 180, "texture": "#zPolearm_texture_2"}
			}
		},
		{
			"from": [5.66715, -5.8375, 2.025],
			"to": [6.29215, 27.9125, 3.275],
			"rotation": {"angle": 45, "axis": "y", "origin": [6.98983, 12.67544, -6.75]},
			"faces": {
				"north": {"uv": [7.875, 1.625, 8.125, 15.125], "texture": "#texture"},
				"east": {"uv": [7.75, 1.625, 8.25, 15.125], "texture": "#texture"},
				"south": {"uv": [7.875, 1.625, 8.125, 15.125], "texture": "#zPolearminv"},
				"west": {"uv": [7.75, 1.625, 8.25, 15.125], "texture": "#texture"},
				"up": {"uv": [7.875, 7.75, 8.125, 8.25], "rotation": 180, "texture": "#texture"},
				"down": {"uv": [8.125, 8.25, 7.875, 7.75], "rotation": 180, "texture": "#texture"}
			}
		},
		{
			"from": [5.35465, 15.4125, 2.025],
			"to": [6.60465, 16.975, 3.275],
			"rotation": {"angle": 45, "axis": "y", "origin": [6.98983, 12.67544, -6.75]},
			"faces": {
				"north": {"uv": [7.75, 6, 8.25, 6.625], "texture": "#texture"},
				"east": {"uv": [7.75, 6, 8.25, 6.625], "texture": "#zPolearm_texture_2"},
				"south": {"uv": [7.75, 6, 8.25, 6.625], "texture": "#zPolearminv"},
				"west": {"uv": [7.75, 6, 8.25, 6.625], "texture": "#zPolearm_texture_2"},
				"up": {"uv": [7.75, 7.75, 8.25, 8.25], "rotation": 180, "texture": "#zPolearm_texture_2"},
				"down": {"uv": [8.25, 8.25, 7.75, 7.75], "rotation": 180, "texture": "#zPolearm_texture_2"}
			}
		},
		{
			"from": [5.35465, 8.5375, 2.025],
			"to": [6.60465, 10.1, 3.275],
			"rotation": {"angle": 45, "axis": "y", "origin": [6.98983, 12.67544, -6.75]},
			"faces": {
				"north": {"uv": [7.75, 8.75, 8.25, 9.375], "texture": "#texture"},
				"east": {"uv": [7.75, 8.75, 8.25, 9.375], "texture": "#zPolearm_texture_2"},
				"south": {"uv": [7.75, 8.75, 8.25, 9.375], "texture": "#zPolearminv"},
				"west": {"uv": [7.75, 8.75, 8.25, 9.375], "texture": "#zPolearm_texture_2"},
				"up": {"uv": [7.75, 7.75, 8.25, 8.25], "rotation": 180, "texture": "#zPolearm_texture_2"},
				"down": {"uv": [8.25, 8.25, 7.75, 7.75], "rotation": 180, "texture": "#zPolearm_texture_2"}
			}
		},
		{
			"from": [5.66715, 15.4125, 1.7125],
			"to": [6.29215, 16.975, 3.5875],
			"rotation": {"angle": 45, "axis": "y", "origin": [6.98983, 12.67544, -6.75]},
			"faces": {
				"north": {"uv": [7.875, 6, 8.125, 6.625], "texture": "#texture"},
				"east": {"uv": [7.625, 6, 8.375, 6.625], "texture": "#zPolearm_texture_2"},
				"south": {"uv": [7.875, 6, 8.125, 6.625], "texture": "#zPolearminv"},
				"west": {"uv": [7.625, 6, 8.375, 6.625], "texture": "#zPolearm_texture_2"},
				"up": {"uv": [7.875, 7.625, 8.125, 8.375], "rotation": 180, "texture": "#zPolearm_texture_2"},
				"down": {"uv": [8.125, 8.375, 7.875, 7.625], "rotation": 180, "texture": "#zPolearm_texture_2"}
			}
		},
		{
			"from": [5.66715, 8.5375, 1.7125],
			"to": [6.29215, 10.1, 3.5875],
			"rotation": {"angle": 45, "axis": "y", "origin": [6.98983, 12.67544, -6.75]},
			"faces": {
				"north": {"uv": [7.875, 8.75, 8.125, 9.375], "texture": "#texture"},
				"east": {"uv": [7.625, 8.75, 8.375, 9.375], "texture": "#zPolearm_texture_2"},
				"south": {"uv": [7.875, 8.75, 8.125, 9.375], "texture": "#zPolearminv"},
				"west": {"uv": [7.625, 8.75, 8.375, 9.375], "texture": "#zPolearm_texture_2"},
				"up": {"uv": [7.875, 7.625, 8.125, 8.375], "rotation": 180, "texture": "#zPolearm_texture_2"},
				"down": {"uv": [8.125, 8.375, 7.875, 7.625], "rotation": 180, "texture": "#zPolearm_texture_2"}
			}
		},
		{
			"from": [5.35465, 24.7875, 2.025],
			"to": [6.91715, 25.1, 3.275],
			"rotation": {"angle": 45, "axis": "y", "origin": [6.98983, 12.67544, -6.75]},
			"faces": {
				"north": {"uv": [7.625, 2.75, 8.25, 2.875], "texture": "#texture"},
				"east": {"uv": [7.75, 2.75, 8.25, 2.875], "texture": "#zPolearm_texture_2"},
				"south": {"uv": [7.75, 2.75, 8.375, 2.875], "texture": "#zPolearminv"},
				"west": {"uv": [7.75, 2.75, 8.25, 2.875], "texture": "#zPolearm_texture_2"},
				"up": {"uv": [7.625, 7.75, 8.25, 8.25], "rotation": 180, "texture": "#zPolearm_texture_2"},
				"down": {"uv": [8.375, 8.25, 7.75, 7.75], "rotation": 180, "texture": "#zPolearm_texture_2"}
			}
		},
		{
			"from": [5.35465, 26.6625, 2.025],
			"to": [6.91715, 26.975, 3.275],
			"rotation": {"angle": 45, "axis": "y", "origin": [6.98983, 12.67544, -6.75]},
			"faces": {
				"north": {"uv": [7.625, 2, 8.25, 2.125], "texture": "#texture"},
				"east": {"uv": [7.75, 2, 8.25, 2.125], "texture": "#zPolearm_texture_2"},
				"south": {"uv": [7.75, 2, 8.375, 2.125], "texture": "#zPolearminv"},
				"west": {"uv": [7.75, 2, 8.25, 2.125], "texture": "#zPolearm_texture_2"},
				"up": {"uv": [7.625, 7.75, 8.25, 8.25], "rotation": 180, "texture": "#zPolearm_texture_2"},
				"down": {"uv": [8.375, 8.25, 7.75, 7.75], "rotation": 180, "texture": "#zPolearm_texture_2"}
			}
		},
		{
			"from": [6.91715, 19.475, 2.3375],
			"to": [7.22965, 30.1, 2.9625],
			"rotation": {"angle": 45, "axis": "y", "origin": [6.98983, 12.67544, -6.75]},
			"faces": {
				"north": {"uv": [7.5, 0.75, 7.625, 5], "texture": "#texture"},
				"east": {"uv": [7.875, 0.75, 8.125, 5], "texture": "#zPolearm_texture_2"},
				"south": {"uv": [8.375, 0.75, 8.5, 5], "texture": "#zPolearminv"},
				"west": {"uv": [7.875, 0.75, 8.125, 5], "texture": "#zPolearm_texture_2"},
				"up": {"uv": [7.5, 7.875, 7.625, 8.125], "rotation": 180, "texture": "#zPolearm_texture_2"},
				"down": {"uv": [8.5, 8.125, 8.375, 7.875], "rotation": 180, "texture": "#zPolearm_texture_2"}
			}
		},
		{
			"from": [7.22965, 19.1625, 2.3375],
			"to": [7.54215, 29.7875, 2.9625],
			"rotation": {"angle": 45, "axis": "y", "origin": [6.98983, 12.67544, -6.75]},
			"faces": {
				"north": {"uv": [7.375, 0.875, 7.5, 5.125], "texture": "#texture"},
				"east": {"uv": [7.875, 0.875, 8.125, 5.125], "texture": "#zPolearm_texture_2"},
				"south": {"uv": [8.5, 0.875, 8.625, 5.125], "texture": "#zPolearminv"},
				"west": {"uv": [7.875, 0.875, 8.125, 5.125], "texture": "#zPolearm_texture_2"},
				"up": {"uv": [7.375, 7.875, 7.5, 8.125], "rotation": 180, "texture": "#zPolearm_texture_2"},
				"down": {"uv": [8.625, 8.125, 8.5, 7.875], "rotation": 180, "texture": "#zPolearm_texture_2"}
			}
		},
		{
			"from": [7.54215, 22.9125, 2.3375],
			"to": [7.85465, 27.9125, 2.9625],
			"rotation": {"angle": 45, "axis": "y", "origin": [6.98983, 12.67544, -6.75]},
			"faces": {
				"north": {"uv": [7.25, 1.625, 7.375, 3.625], "texture": "#texture"},
				"east": {"uv": [7.875, 1.625, 8.125, 3.625], "texture": "#zPolearm_texture_2"},
				"south": {"uv": [8.625, 1.625, 8.75, 3.625], "texture": "#zPolearminv"},
				"west": {"uv": [7.875, 1.625, 8.125, 3.625], "texture": "#zPolearm_texture_2"},
				"up": {"uv": [7.25, 7.875, 7.375, 8.125], "rotation": 180, "texture": "#zPolearm_texture_2"},
				"down": {"uv": [8.75, 8.125, 8.625, 7.875], "rotation": 180, "texture": "#zPolearm_texture_2"}
			}
		},
		{
			"from": [7.85465, 22.9125, 2.3375],
			"to": [8.16715, 27.6, 2.9625],
			"rotation": {"angle": 45, "axis": "y", "origin": [6.98983, 12.67544, -6.75]},
			"faces": {
				"north": {"uv": [7.125, 1.75, 7.25, 3.625], "texture": "#texture"},
				"east": {"uv": [7.875, 1.75, 8.125, 3.625], "texture": "#zPolearm_texture_2"},
				"south": {"uv": [8.75, 1.75, 8.875, 3.625], "texture": "#zPolearminv"},
				"west": {"uv": [7.875, 1.75, 8.125, 3.625], "texture": "#zPolearm_texture_2"},
				"up": {"uv": [7.125, 7.875, 7.25, 8.125], "rotation": 180, "texture": "#zPolearm_texture_2"},
				"down": {"uv": [8.875, 8.125, 8.75, 7.875], "rotation": 180, "texture": "#zPolearm_texture_2"}
			}
		},
		{
			"from": [7.54215, 21.0375, 2.3375],
			"to": [8.16715, 21.6625, 2.9625],
			"rotation": {"angle": 45, "axis": "y", "origin": [6.98983, 12.67544, -6.75]},
			"faces": {
				"north": {"uv": [7.125, 4.125, 7.375, 4.375], "texture": "#texture"},
				"east": {"uv": [7.875, 4.125, 8.125, 4.375], "texture": "#zPolearm_texture_2"},
				"south": {"uv": [8.625, 4.125, 8.875, 4.375], "texture": "#zPolearminv"},
				"west": {"uv": [7.875, 4.125, 8.125, 4.375], "texture": "#zPolearm_texture_2"},
				"up": {"uv": [7.125, 7.875, 7.375, 8.125], "rotation": 180, "texture": "#zPolearm_texture_2"},
				"down": {"uv": [8.875, 8.125, 8.625, 7.875], "rotation": 180, "texture": "#zPolearm_texture_2"}
			}
		},
		{
			"from": [7.54215, 19.1625, 2.3375],
			"to": [8.79215, 19.475, 2.9625],
			"rotation": {"angle": 45, "axis": "y", "origin": [6.98983, 12.67544, -6.75]},
			"faces": {
				"north": {"uv": [6.875, 5, 7.375, 5.125], "texture": "#texture"},
				"east": {"uv": [7.875, 5, 8.125, 5.125], "texture": "#zPolearm_texture_2"},
				"south": {"uv": [8.625, 5, 9.125, 5.125], "texture": "#zPolearminv"},
				"west": {"uv": [7.875, 5, 8.125, 5.125], "texture": "#zPolearm_texture_2"},
				"up": {"uv": [6.875, 7.875, 7.375, 8.125], "rotation": 180, "texture": "#zPolearm_texture_2"},
				"down": {"uv": [9.125, 8.125, 8.625, 7.875], "rotation": 180, "texture": "#zPolearm_texture_2"}
			}
		},
		{
			"from": [8.16715, 19.475, 2.3375],
			"to": [8.47965, 20.1, 2.9625],
			"rotation": {"angle": 45, "axis": "y", "origin": [6.98983, 12.67544, -6.75]},
			"faces": {
				"north": {"uv": [7, 4.75, 7.125, 5], "texture": "#texture"},
				"east": {"uv": [7.875, 4.75, 8.125, 5], "texture": "#zPolearm_texture_2"},
				"south": {"uv": [8.875, 4.75, 9, 5], "texture": "#zPolearminv"},
				"west": {"uv": [7.875, 4.75, 8.125, 5], "texture": "#zPolearm_texture_2"},
				"up": {"uv": [7, 7.875, 7.125, 8.125], "rotation": 180, "texture": "#zPolearm_texture_2"},
				"down": {"uv": [9, 8.125, 8.875, 7.875], "rotation": 180, "texture": "#zPolearm_texture_2"}
			}
		},
		{
			"from": [8.47965, 19.475, 2.3375],
			"to": [8.79215, 19.7875, 2.9625],
			"rotation": {"angle": 45, "axis": "y", "origin": [6.98983, 12.67544, -6.75]},
			"faces": {
				"north": {"uv": [6.875, 4.875, 7, 5], "texture": "#texture"},
				"east": {"uv": [7.875, 4.875, 8.125, 5], "texture": "#zPolearm_texture_2"},
				"south": {"uv": [9, 4.875, 9.125, 5], "texture": "#zPolearminv"},
				"west": {"uv": [7.875, 4.875, 8.125, 5], "texture": "#zPolearm_texture_2"},
				"up": {"uv": [6.875, 7.875, 7, 8.125], "rotation": 180, "texture": "#zPolearm_texture_2"},
				"down": {"uv": [9.125, 8.125, 9, 7.875], "rotation": 180, "texture": "#zPolearm_texture_2"}
			}
		},
		{
			"from": [10.66715, 29.475, 2.3375],
			"to": [13.16715, 31.975, 2.9625],
			"rotation": {"angle": 45, "axis": "y", "origin": [6.98983, 12.67544, -6.75]},
			"faces": {
				"north": {"uv": [5.125, 0, 6.125, 1], "texture": "#texture"},
				"east": {"uv": [7.875, 0, 8.125, 1], "texture": "#texture"},
				"south": {"uv": [9.875, 0, 10.875, 1], "texture": "#texture"},
				"west": {"uv": [7.875, 0, 8.125, 1], "texture": "#texture"},
				"up": {"uv": [5.125, 7.875, 6.125, 8.125], "rotation": 180, "texture": "#texture"},
				"down": {"uv": [10.875, 8.125, 9.875, 7.875], "rotation": 180, "texture": "#texture"}
			}
		}
	],
	"display": {
		"thirdperson_righthand": {
			"rotation": [0, 2, 0],
			"translation": [0, -2.739, 0.25],
			"scale": [0.26, 0.26, 0.27]
		},
		"thirdperson_lefthand": {
			"rotation": [0, 2, 0],
			"translation": [0, -2.739, 0.25],
			"scale": [0.26, 0.26, 0.27]
		},
		"firstperson_righthand": {
			"rotation": [0, 2, 0],
			"translation": [0, -2.739, 0.25],
			"scale": [0.26, 0.26, 0.27]
		},
		"firstperson_lefthand": {
			"rotation": [0, 2, 0],
			"translation": [0, -2.739, 0.25],
			"scale": [0.26, 0.26, 0.27]
		},
		"ground": {
			"rotation": [0, 2, 0],
			"translation": [0, -2.739, 0.25],
			"scale": [0.26, 0.26, 0.27]
		},
		"gui": {
			"rotation": [0, -164.5, 0],
			"translation": [0, -2.739, 0.25],
			"scale": [0.26, 0.26, 0.27]
		},
		"head": {
			"rotation": [0, 2, 0],
			"translation": [0, -2.739, 0.25],
			"scale": [0.26, 0.26, 0.27]
		},
		"fixed": {
			"rotation": [-90, 0, 0],
			"translation": [0, -3, -25],
			"scale": [2, 2, 2]
		}
	},
	"groups": [
		{
			"name": "steve",
			"origin": [8, 8, 8],
			"children": [0, 1, 2, 3, 4, 5, 6, 7, 8, 9, 10, 11]
		},
		{
			"name": "polearm",
			"origin": [8, 8, 8],
			"children": [12, 13, 14, 15, 16, 17, 18, 19, 20, 21, 22, 23, 24, 25, 26, 27, 28, 29, 30, 31, 32, 33, 34, 35, 36, 37, 38, 39, 40, 41, 42, 43, 44, 45, 46, 47, 48, 49, 50, 51, 52, 53, 54]
		}
	]
}