{
	"credit": "Made with Blockbench",
	"textures": {
		"0": "./pilgrim",
		"particle": "./Custom-MC-Stuff/girl-2"
	},
	"elements": [
		{
			"name": "head",
			"from": [4, 18.525, 0],
			"to": [12, 26.525, 8],
			"rotation": {"angle": -45, "axis": "x", "origin": [8, 21.525, 8]},
			"faces": {
				"north": {"uv": [2, 2, 4, 4], "texture": "#0"},
				"east": {"uv": [0, 2, 2, 4], "texture": "#0"},
				"south": {"uv": [6, 2, 8, 4], "texture": "#0"},
				"west": {"uv": [4, 2, 6, 4], "texture": "#0"},
				"up": {"uv": [4, 2, 2, 0], "texture": "#0"},
				"down": {"uv": [6, 0, 4, 2], "texture": "#0"}
			}
		},
		{
			"name": "body",
			"from": [4, 5.525, 6],
			"to": [12, 17.525, 10],
			"faces": {
				"north": {"uv": [5, 5, 7, 8], "texture": "#0"},
				"east": {"uv": [4, 5, 5, 8], "texture": "#0"},
				"south": {"uv": [8, 5, 10, 8], "texture": "#0"},
				"west": {"uv": [7, 5, 8, 8], "texture": "#0"},
				"up": {"uv": [7, 5, 5, 4], "texture": "#0"},
				"down": {"uv": [9, 4, 7, 5], "texture": "#0"}
			}
		},
		{
			"name": "right_arm",
			"from": [12, 5.525, 4],
			"to": [15, 17.525, 8],
			"rotation": {"angle": 22.5, "axis": "x", "origin": [13.5, 11.525, 8]},
			"faces": {
				"north": {"uv": [11, 5, 11.75, 8], "texture": "#0"},
				"east": {"uv": [10, 5, 11, 8], "texture": "#0"},
				"south": {"uv": [12.75, 5, 13.5, 8], "texture": "#0"},
				"west": {"uv": [11.75, 5, 12.75, 8], "texture": "#0"},
				"up": {"uv": [11.75, 5, 11, 4], "texture": "#0"},
				"down": {"uv": [12.5, 4, 11.75, 5], "texture": "#0"}
			}
		},
		{
			"name": "left_arm",
			"from": [1, 5.525, 5],
			"to": [4, 17.525, 9],
			"rotation": {"angle": 22.5, "axis": "x", "origin": [2.5, 11.525, 8]},
			"faces": {
				"north": {"uv": [9, 13, 9.75, 16], "texture": "#0"},
				"east": {"uv": [8, 13, 9, 16], "texture": "#0"},
				"south": {"uv": [10.75, 13, 11.5, 16], "texture": "#0"},
				"west": {"uv": [9.75, 13, 10.75, 16], "texture": "#0"},
				"up": {"uv": [9.75, 13, 9, 12], "texture": "#0"},
				"down": {"uv": [10.5, 12, 9.75, 13], "texture": "#0"}
			}
		},
		{
			"name": "right_leg",
			"from": [4, 1.525, 6.4],
			"to": [8, 5.525, 13.4],
			"rotation": {"angle": 0, "axis": "x", "origin": [8, 3, 8]},
			"faces": {
				"north": {"uv": [6, 13, 5, 12], "rotation": 180, "texture": "#0"},
				"east": {"uv": [4, 13, 5, 16], "rotation": 90, "texture": "#0"},
				"south": {"uv": [7, 12, 6, 13], "texture": "#0"},
				"west": {"uv": [6, 13, 7, 16], "rotation": 270, "texture": "#0"},
				"up": {"uv": [7, 13, 8, 16], "texture": "#0"},
				"down": {"uv": [5, 13, 6, 16], "rotation": 180, "texture": "#0"}
			}
		},
		{
			"name": "customLegs",
			"from": [4, 1.375, 2.325],
			"to": [8, 5.55, 6.325],
			"rotation": {"angle": 0, "axis": "x", "origin": [8, 5.5, 8]},
			"faces": {
				"north": {"uv": [2, 9.75, 3, 12.75], "texture": "#0"},
				"east": {"uv": [2, 9.75, 3, 12.75], "texture": "#0"},
				"south": {"uv": [2, 9.75, 3, 12.75], "texture": "#0"},
				"west": {"uv": [2, 9.75, 3, 12.75], "texture": "#0"},
				"up": {"uv": [2, 9.75, 3, 12.75], "texture": "#0"},
				"down": {"uv": [2, 9.75, 3, 12.75], "texture": "#0"}
			}
		},
		{
			"name": "left_leg",
			"from": [8, 1.525, 6.4],
			"to": [12, 5.525, 13.4],
			"rotation": {"angle": 0, "axis": "x", "origin": [8, 3, 8]},
			"faces": {
				"north": {"uv": [2, 5, 1, 4], "rotation": 180, "texture": "#0"},
				"east": {"uv": [0, 5, 1, 8], "rotation": 90, "texture": "#0"},
				"south": {"uv": [3, 4, 2, 5], "texture": "#0"},
				"west": {"uv": [2, 5, 3, 8], "rotation": 270, "texture": "#0"},
				"up": {"uv": [3, 5, 4, 8], "texture": "#0"},
				"down": {"uv": [1, 5, 2, 8], "rotation": 180, "texture": "#0"}
			}
		},
		{
			"name": "customLegs",
			"from": [8, 1.375, 2.325],
			"to": [12, 5.55, 6.325],
			"rotation": {"angle": 0, "axis": "x", "origin": [8, 5.5, 8]},
			"faces": {
				"north": {"uv": [2, 9.75, 3, 12.75], "texture": "#0"},
				"east": {"uv": [2, 9.75, 3, 12.75], "texture": "#0"},
				"south": {"uv": [2, 9.75, 3, 12.75], "texture": "#0"},
				"west": {"uv": [2, 9.75, 3, 12.75], "texture": "#0"},
				"up": {"uv": [2, 9.75, 3, 12.75], "texture": "#0"},
				"down": {"uv": [2, 9.75, 3, 12.75], "texture": "#0"}
			}
		},
		{
			"name": "head_2nd_layer",
			"from": [3.5, 18.025, -0.5],
			"to": [12.5, 27.025, 8.5],
			"rotation": {"angle": -45, "axis": "x", "origin": [8, 21.525, 8]},
			"faces": {
				"north": {"uv": [10, 2, 12, 4], "texture": "#0"},
				"east": {"uv": [8, 2, 10, 4], "texture": "#0"},
				"south": {"uv": [14, 2, 16, 4], "texture": "#0"},
				"west": {"uv": [12, 2, 14, 4], "texture": "#0"},
				"up": {"uv": [12, 2, 10, 0], "texture": "#0"},
				"down": {"uv": [14, 0, 12, 2], "texture": "#0"}
			}
		},
		{
			"name": "body_2nd_layer",
			"from": [4, 5.045, 5.49],
			"to": [12, 18.055, 10.49],
			"faces": {
				"north": {"uv": [5, 9, 7, 12], "texture": "#0"},
				"east": {"uv": [4, 9, 5, 12], "texture": "#0"},
				"south": {"uv": [8, 9, 10, 12], "texture": "#0"},
				"west": {"uv": [7, 9, 8, 12], "texture": "#0"},
				"up": {"uv": [7, 9, 5, 8], "texture": "#0"},
				"down": {"uv": [9, 8, 7, 9], "texture": "#0"}
			}
		},
		{
			"name": "right_arm_2nd_layer",
			"from": [11.5, 5.025, 3.5],
			"to": [15.5, 18.025, 8.5],
			"rotation": {"angle": 22.5, "axis": "x", "origin": [13.5, 11.525, 8]},
			"faces": {
				"north": {"uv": [10.75, 9, 11.5, 12], "texture": "#0"},
				"east": {"uv": [10, 9, 11, 12], "texture": "#0"},
				"south": {"uv": [12.75, 9, 13.5, 12], "texture": "#0"},
				"west": {"uv": [11.75, 9, 12.75, 12], "texture": "#0"},
				"up": {"uv": [11.75, 9, 11, 8], "texture": "#0"},
				"down": {"uv": [12.5, 8, 11.75, 9], "texture": "#0"}
			}
		},
		{
			"name": "left_arm_2nd_layer",
			"from": [0.5, 5.025, 4.5],
			"to": [4.5, 18.025, 9.5],
			"rotation": {"angle": 22.5, "axis": "x", "origin": [2.5, 11.525, 8]},
			"faces": {
				"north": {"uv": [13, 13, 13.75, 16], "texture": "#0"},
				"east": {"uv": [12, 13, 13, 16], "texture": "#0"},
				"south": {"uv": [14.75, 13, 15.5, 16], "texture": "#0"},
				"west": {"uv": [13.75, 13, 14.75, 16], "texture": "#0"},
				"up": {"uv": [13.75, 13, 13, 12], "texture": "#0"},
				"down": {"uv": [14.5, 12, 13.75, 13], "texture": "#0"}
			}
		},
		{
			"name": "right_leg_2nd_layer",
			"from": [7.5, 1.025, 5.9],
			"to": [12.5, 6.025, 13.9],
			"rotation": {"angle": 0, "axis": "x", "origin": [8, 3, 8]},
			"faces": {
				"north": {"uv": [2, 9, 1, 8], "rotation": 180, "texture": "#0"},
				"east": {"uv": [0, 9, 1, 12], "rotation": 90, "texture": "#0"},
				"south": {"uv": [3, 8, 2, 9], "texture": "#0"},
				"west": {"uv": [0, 9, 1, 12], "rotation": 270, "texture": "#0"},
				"up": {"uv": [3, 9, 4, 12], "texture": "#0"},
				"down": {"uv": [1, 9, 2, 12], "rotation": 180, "texture": "#0"}
			}
		},
		{
			"name": "customLegs",
			"from": [7.5, 0.875, 1.825],
			"to": [12.5, 6.05, 6.825],
			"rotation": {"angle": 0, "axis": "x", "origin": [8, 5.5, 8]},
			"faces": {
				"north": {"uv": [2, 9.75, 3, 12.75], "texture": "#0"},
				"east": {"uv": [2, 9.75, 3, 12.75], "texture": "#0"},
				"south": {"uv": [2, 9.75, 3, 12.75], "texture": "#0"},
				"west": {"uv": [2, 9.75, 3, 12.75], "texture": "#0"},
				"up": {"uv": [2, 9.75, 3, 12.75], "texture": "#0"},
				"down": {"uv": [2, 9.75, 3, 12.75], "texture": "#0"}
			}
		},
		{
			"name": "left_leg_2nd_layer",
			"from": [3.5, 1.025, 5.9],
			"to": [8.5, 6.025, 13.9],
			"rotation": {"angle": 0, "axis": "x", "origin": [8, 3, 8]},
			"faces": {
				"north": {"uv": [2, 13, 1, 12], "rotation": 180, "texture": "#0"},
				"east": {"uv": [0, 13, 1, 16], "rotation": 90, "texture": "#0"},
				"south": {"uv": [3, 12, 2, 13], "texture": "#0"},
				"west": {"uv": [2, 13, 3, 16], "rotation": 270, "texture": "#0"},
				"up": {"uv": [3, 13, 4, 16], "texture": "#0"},
				"down": {"uv": [1, 13, 2, 16], "rotation": 180, "texture": "#0"}
			}
		},
		{
			"name": "customLegs",
			"from": [3.5, 0.875, 1.825],
			"to": [8.5, 6.05, 6.825],
			"rotation": {"angle": 0, "axis": "x", "origin": [8, 5.5, 8]},
			"faces": {
				"north": {"uv": [2, 9.75, 3, 12.75], "texture": "#0"},
				"east": {"uv": [2, 9.75, 3, 12.75], "texture": "#0"},
				"south": {"uv": [2, 9.75, 3, 12.75], "texture": "#0"},
				"west": {"uv": [2, 9.75, 3, 12.75], "texture": "#0"},
				"up": {"uv": [2, 9.75, 3, 12.75], "texture": "#0"},
				"down": {"uv": [2, 9.75, 3, 12.75], "texture": "#0"}
			}
		}
	],
	"display": {
		"thirdperson_righthand": {
			"rotation": [79, 0, -5],
			"scale": [0.35, 0.35, 0.34]
		},
		"thirdperson_lefthand": {
			"rotation": [79, 0, -5],
			"scale": [0.35, 0.35, 0.34]
		},
		"firstperson_righthand": {
			"rotation": [79, 0, -5],
			"scale": [0.35, 0.35, 0.34]
		},
		"firstperson_lefthand": {
			"rotation": [79, 0, -5],
			"scale": [0.35, 0.35, 0.34]
		},
		"ground": {
			"rotation": [79, 0, -5],
			"scale": [0.35, 0.35, 0.34]
		},
		"gui": {
			"rotation": [-14, 157.25, -5],
			"scale": [0.54, 0.54, 0.53]
		},
		"head": {
			"rotation": [79, 0, -5],
			"scale": [0.35, 0.35, 0.34]
		},
		"fixed": {
			"rotation": [-90, 0, 0],
			"translation": [0, 0, -13.25],
			"scale": [2, 2, 2]
		}
	},
	"groups": [
		{
			"name": "alex",
			"origin": [8, 8, 8],
			"children": [0, 1, 2, 3, 4, 5, 6, 7, 8, 9, 10, 11, 12, 13, 14, 15]
		}
	]
}