{
	"credit": "Made with Blockbench",
	"textures": {
		"0": "./ronald",
		"particle": "./ronald",
		"claymore": "./claymore"
	},
	"elements": [
		{
			"name": "head",
			"from": [4, 23.5, 4],
			"to": [12, 31.5, 12],
			"faces": {
				"north": {"uv": [2, 2, 4, 4], "texture": "#0"},
				"east": {"uv": [0, 2, 2, 4], "texture": "#0"},
				"south": {"uv": [6, 2, 8, 4], "texture": "#0"},
				"west": {"uv": [4, 2, 6, 4], "texture": "#0"},
				"up": {"uv": [4, 2, 2, 0], "texture": "#0"},
				"down": {"uv": [6, 0, 4, 2], "texture": "#0"}
			}
		},
		{
			"name": "body",
			"from": [4, 11.5, 6],
			"to": [12, 23.5, 10],
			"faces": {
				"north": {"uv": [5, 5, 7, 7.98], "texture": "#0"},
				"east": {"uv": [4, 5, 5, 8], "texture": "#0"},
				"south": {"uv": [8, 5, 10, 8], "texture": "#0"},
				"west": {"uv": [7, 5, 8, 7.98], "texture": "#0"},
				"up": {"uv": [7, 5, 5, 4], "texture": "#0"},
				"down": {"uv": [9, 4, 7, 5], "texture": "#0"}
			}
		},
		{
			"name": "right_arm",
			"from": [12, 11.5, 6],
			"to": [16, 23.5, 10],
			"faces": {
				"north": {"uv": [11, 5, 12, 8], "texture": "#0"},
				"east": {"uv": [10, 5, 11, 8], "texture": "#0"},
				"south": {"uv": [13, 5, 14, 8], "texture": "#0"},
				"west": {"uv": [12, 5, 13, 8], "texture": "#0"},
				"up": {"uv": [12, 5, 11, 4], "texture": "#0"},
				"down": {"uv": [13, 4, 12, 5], "texture": "#0"}
			}
		},
		{
			"name": "left_arm",
			"from": [0, 11.5, 6],
			"to": [4, 23.5, 10],
			"faces": {
				"north": {"uv": [9, 13, 10, 16], "texture": "#0"},
				"east": {"uv": [8, 13, 9, 16], "texture": "#0"},
				"south": {"uv": [11, 13, 12, 16], "texture": "#0"},
				"west": {"uv": [10, 13, 11, 16], "texture": "#0"},
				"up": {"uv": [10, 13, 9, 12], "texture": "#0"},
				"down": {"uv": [11, 12, 10, 13], "texture": "#0"}
			}
		},
		{
			"name": "right_leg",
			"from": [8, -0.5, 6],
			"to": [12, 11.5, 10],
			"faces": {
				"north": {"uv": [1, 5, 2, 8], "texture": "#0"},
				"east": {"uv": [0, 5, 1, 8], "texture": "#0"},
				"south": {"uv": [3, 5, 4, 8], "texture": "#0"},
				"west": {"uv": [2, 5, 3, 8], "texture": "#0"},
				"up": {"uv": [2, 5, 1, 4], "texture": "#0"},
				"down": {"uv": [3, 4, 2, 5], "texture": "#0"}
			}
		},
		{
			"name": "left_leg",
			"from": [4, -0.5, 6],
			"to": [8, 11.5, 10],
			"faces": {
				"north": {"uv": [5, 13, 6, 16], "texture": "#0"},
				"east": {"uv": [4, 13, 5, 16], "texture": "#0"},
				"south": {"uv": [7, 13, 8, 16], "texture": "#0"},
				"west": {"uv": [6, 13, 7, 16], "texture": "#0"},
				"up": {"uv": [6, 13, 5, 12], "texture": "#0"},
				"down": {"uv": [7, 12, 6, 13], "texture": "#0"}
			}
		},
		{
			"name": "head_2nd_layer",
			"from": [3.5, 23, 3.5],
			"to": [12.5, 32, 12.5],
			"faces": {
				"north": {"uv": [10, 2, 12, 4], "texture": "#0"},
				"east": {"uv": [8, 2, 10, 4], "texture": "#0"},
				"south": {"uv": [14, 2, 16, 4], "texture": "#0"},
				"west": {"uv": [12, 2, 14, 4], "texture": "#0"},
				"up": {"uv": [12, 2, 10, 0], "texture": "#0"},
				"down": {"uv": [14, 0, 12, 2], "texture": "#0"}
			}
		},
		{
			"name": "body_2nd_layer",
			"from": [4, 11.02, 5.5],
			"to": [12, 24.03, 10.5],
			"faces": {
				"north": {"uv": [5, 9, 7, 12], "texture": "#0"},
				"east": {"uv": [4, 9, 5, 12], "texture": "#0"},
				"south": {"uv": [8, 9, 10, 12], "texture": "#0"},
				"west": {"uv": [7, 9, 8, 12], "texture": "#0"},
				"up": {"uv": [7, 9, 5, 8], "texture": "#0"},
				"down": {"uv": [9, 8, 7, 9], "texture": "#0"}
			}
		},
		{
			"name": "right_arm_2nd_layer",
			"from": [11.5, 11, 5.5],
			"to": [16.49, 24, 10.5],
			"faces": {
				"north": {"uv": [11, 9, 12, 12], "texture": "#0"},
				"east": {"uv": [10, 9, 11, 12], "texture": "#0"},
				"south": {"uv": [13, 9, 14, 12], "texture": "#0"},
				"west": {"uv": [12, 9, 13, 12], "texture": "#0"},
				"up": {"uv": [12, 9, 11, 8], "texture": "#0"},
				"down": {"uv": [13, 8, 12, 9], "texture": "#0"}
			}
		},
		{
			"name": "left_arm_2nd_layer",
			"from": [-0.5, 11, 5.5],
			"to": [4.5, 24, 10.5],
			"faces": {
				"north": {"uv": [13, 13, 14, 16], "texture": "#0"},
				"east": {"uv": [12, 13, 13, 16], "texture": "#0"},
				"south": {"uv": [15, 13, 16, 16], "texture": "#0"},
				"west": {"uv": [14, 13, 15, 16], "texture": "#0"},
				"up": {"uv": [14, 13, 13, 12], "texture": "#0"},
				"down": {"uv": [15, 12, 14, 13], "texture": "#0"}
			}
		},
		{
			"name": "right_leg_2nd_layer",
			"from": [7.5, -1, 5.5],
			"to": [12.5, 12, 10.5],
			"faces": {
				"north": {"uv": [1, 9, 2, 12], "texture": "#0"},
				"east": {"uv": [0, 9, 1, 12], "texture": "#0"},
				"south": {"uv": [3, 9, 4, 12], "texture": "#0"},
				"west": {"uv": [2, 9, 3, 12], "texture": "#0"},
				"up": {"uv": [2, 9, 1, 8], "texture": "#0"},
				"down": {"uv": [3, 8, 2, 9], "texture": "#0"}
			}
		},
		{
			"name": "left_leg_2nd_layer",
			"from": [3.5, -1, 5.5],
			"to": [8.5, 12, 10.5],
			"faces": {
				"north": {"uv": [1, 13, 2, 16], "texture": "#0"},
				"east": {"uv": [0, 13, 1, 16], "texture": "#0"},
				"south": {"uv": [3, 13, 4, 16], "texture": "#0"},
				"west": {"uv": [2, 13, 3, 16], "texture": "#0"},
				"up": {"uv": [2, 12, 1, 11], "texture": "#0"},
				"down": {"uv": [3, 12, 2, 13], "texture": "#0"}
			}
		},
		{
			"name": "Box1",
			"from": [9.25, 22.44559, 10.575],
			"to": [9.5, 22.69559, 10.85626],
			"rotation": {"angle": -45, "axis": "z", "origin": [8, 14.96029, 12.48603]},
			"faces": {
				"north": {"uv": [6.875, 10.125, 6.75, 10.25], "rotation": 180, "texture": "#claymore"},
				"east": {"uv": [6.75, 10.125, 6.875, 10.25], "rotation": 180, "texture": "#claymore"},
				"south": {"uv": [6.75, 10.125, 6.875, 10.25], "rotation": 180, "texture": "#claymore"},
				"west": {"uv": [6.875, 10.25, 6.75, 10.125], "texture": "#claymore"},
				"up": {"uv": [6.75, 10.125, 6.875, 10.25], "rotation": 180, "texture": "#claymore"},
				"down": {"uv": [6.75, 10.25, 6.875, 10.125], "rotation": 180, "texture": "#claymore"}
			}
		},
		{
			"name": "Box2",
			"from": [9, 22.19559, 10.575],
			"to": [9.25, 22.44559, 10.85626],
			"rotation": {"angle": -45, "axis": "z", "origin": [8, 14.96029, 12.48603]},
			"faces": {
				"north": {"uv": [7, 10, 6.875, 10.125], "rotation": 180, "texture": "#claymore"},
				"east": {"uv": [6.875, 10, 7, 10.125], "rotation": 180, "texture": "#claymore"},
				"south": {"uv": [6.875, 10, 7, 10.125], "rotation": 180, "texture": "#claymore"},
				"west": {"uv": [7, 10.125, 6.875, 10], "texture": "#claymore"},
				"up": {"uv": [6.875, 10, 7, 10.125], "rotation": 180, "texture": "#claymore"},
				"down": {"uv": [6.875, 10.125, 7, 10], "rotation": 180, "texture": "#claymore"}
			}
		},
		{
			"name": "Box3",
			"from": [8, 22.69559, 10.575],
			"to": [9.25, 22.94559, 10.85626],
			"rotation": {"angle": -45, "axis": "z", "origin": [8, 14.96029, 12.48603]},
			"faces": {
				"north": {"uv": [7.5, 10.25, 6.875, 10.375], "rotation": 180, "texture": "#claymore"},
				"east": {"uv": [6.875, 10.25, 7, 10.375], "rotation": 180, "texture": "#claymore"},
				"south": {"uv": [6.875, 10.25, 7.5, 10.375], "rotation": 180, "texture": "#claymore"},
				"west": {"uv": [7.5, 10.375, 7.375, 10.25], "texture": "#claymore"},
				"up": {"uv": [6.875, 10.25, 7.5, 10.375], "rotation": 180, "texture": "#claymore"},
				"down": {"uv": [6.875, 10.375, 7.5, 10.25], "rotation": 180, "texture": "#claymore"}
			}
		},
		{
			"name": "Box4",
			"from": [8.5, 22.44559, 10.575],
			"to": [9, 22.69559, 10.85626],
			"rotation": {"angle": -45, "axis": "z", "origin": [8, 14.96029, 12.48603]},
			"faces": {
				"north": {"uv": [7.25, 10.125, 7, 10.25], "rotation": 180, "texture": "#claymore"},
				"east": {"uv": [7, 10.125, 7.125, 10.25], "rotation": 180, "texture": "#claymore"},
				"south": {"uv": [7, 10.125, 7.25, 10.25], "rotation": 180, "texture": "#claymore"},
				"west": {"uv": [7.25, 10.25, 7.125, 10.125], "texture": "#claymore"},
				"up": {"uv": [7, 10.125, 7.25, 10.25], "rotation": 180, "texture": "#claymore"},
				"down": {"uv": [7, 10.25, 7.25, 10.125], "rotation": 180, "texture": "#claymore"}
			}
		},
		{
			"name": "Box5",
			"from": [5.25, 22.94559, 10.575],
			"to": [8.75, 23.19559, 10.85626],
			"rotation": {"angle": -45, "axis": "z", "origin": [8, 14.96029, 12.48603]},
			"faces": {
				"north": {"uv": [8.875, 10.375, 7.125, 10.5], "rotation": 180, "texture": "#claymore"},
				"east": {"uv": [7.125, 10.375, 7.25, 10.5], "rotation": 180, "texture": "#claymore"},
				"south": {"uv": [7.125, 10.375, 8.875, 10.5], "rotation": 180, "texture": "#claymore"},
				"west": {"uv": [8.875, 10.5, 8.75, 10.375], "texture": "#claymore"},
				"up": {"uv": [7.125, 10.375, 8.875, 10.5], "rotation": 180, "texture": "#claymore"},
				"down": {"uv": [7.125, 10.5, 8.875, 10.375], "rotation": 180, "texture": "#claymore"}
			}
		},
		{
			"name": "Box6",
			"from": [5.5, 23.19559, 10.575],
			"to": [8.5, 23.44559, 10.85626],
			"rotation": {"angle": -45, "axis": "z", "origin": [8, 14.96029, 12.48603]},
			"faces": {
				"north": {"uv": [8.75, 10.5, 7.25, 10.625], "rotation": 180, "texture": "#claymore"},
				"east": {"uv": [7.25, 10.5, 7.375, 10.625], "rotation": 180, "texture": "#claymore"},
				"south": {"uv": [7.25, 10.5, 8.75, 10.625], "rotation": 180, "texture": "#claymore"},
				"west": {"uv": [8.75, 10.625, 8.625, 10.5], "texture": "#claymore"},
				"up": {"uv": [7.25, 10.5, 8.75, 10.625], "rotation": 180, "texture": "#claymore"},
				"down": {"uv": [7.25, 10.625, 8.75, 10.5], "rotation": 180, "texture": "#claymore"}
			}
		},
		{
			"name": "Box7",
			"from": [5.75, 23.44559, 10.575],
			"to": [8.25, 23.69559, 10.85626],
			"rotation": {"angle": -45, "axis": "z", "origin": [8, 14.96029, 12.48603]},
			"faces": {
				"north": {"uv": [8.625, 10.625, 7.375, 10.75], "rotation": 180, "texture": "#claymore"},
				"east": {"uv": [7.375, 10.625, 7.5, 10.75], "rotation": 180, "texture": "#claymore"},
				"south": {"uv": [7.375, 10.625, 8.625, 10.75], "rotation": 180, "texture": "#claymore"},
				"west": {"uv": [8.625, 10.75, 8.5, 10.625], "texture": "#claymore"},
				"up": {"uv": [7.375, 10.625, 8.625, 10.75], "rotation": 180, "texture": "#claymore"},
				"down": {"uv": [7.375, 10.75, 8.625, 10.625], "rotation": 180, "texture": "#claymore"}
			}
		},
		{
			"name": "Box8",
			"from": [6, 23.69559, 10.575],
			"to": [8, 23.94559, 10.85626],
			"rotation": {"angle": -45, "axis": "z", "origin": [8, 14.96029, 12.48603]},
			"faces": {
				"north": {"uv": [8.5, 10.75, 7.5, 10.875], "rotation": 180, "texture": "#claymore"},
				"east": {"uv": [7.5, 10.75, 7.625, 10.875], "rotation": 180, "texture": "#claymore"},
				"south": {"uv": [7.5, 10.75, 8.5, 10.875], "rotation": 180, "texture": "#claymore"},
				"west": {"uv": [8.5, 10.875, 8.375, 10.75], "texture": "#claymore"},
				"up": {"uv": [7.5, 10.75, 8.5, 10.875], "rotation": 180, "texture": "#claymore"},
				"down": {"uv": [7.5, 10.875, 8.5, 10.75], "rotation": 180, "texture": "#claymore"}
			}
		},
		{
			"name": "Box9",
			"from": [6.25, 5.44559, 10.45],
			"to": [7.75, 22.94559, 10.95],
			"rotation": {"angle": -45, "axis": "z", "origin": [8, 14.96029, 12.48603]},
			"faces": {
				"north": {"uv": [8.375, 1.625, 7.625, 10.375], "rotation": 180, "texture": "#claymore"},
				"east": {"uv": [7.625, 1.625, 7.75, 10.375], "rotation": 180, "texture": "#claymore"},
				"south": {"uv": [7.625, 1.625, 8.375, 10.375], "rotation": 180, "texture": "#claymore"},
				"west": {"uv": [8.375, 10.375, 8.25, 1.625], "texture": "#claymore"},
				"up": {"uv": [7.625, 10.25, 8.375, 10.375], "rotation": 180, "texture": "#claymore"},
				"down": {"uv": [7.625, 1.75, 8.375, 1.625], "rotation": 180, "texture": "#claymore"}
			}
		},
		{
			"name": "Box10",
			"from": [6.5, 5.19559, 10.45],
			"to": [7.5, 29.69559, 10.95],
			"rotation": {"angle": -45, "axis": "z", "origin": [8, 14.96029, 12.48603]},
			"faces": {
				"north": {"uv": [8.25, 1.5, 7.75, 13.75], "rotation": 180, "texture": "#claymore"},
				"east": {"uv": [7.75, 1.5, 7.875, 13.75], "rotation": 180, "texture": "#claymore"},
				"south": {"uv": [7.75, 1.5, 8.25, 13.75], "rotation": 180, "texture": "#claymore"},
				"west": {"uv": [8.25, 13.75, 8.125, 1.5], "texture": "#claymore"},
				"up": {"uv": [7.75, 13.625, 8.25, 13.75], "rotation": 180, "texture": "#claymore"},
				"down": {"uv": [7.75, 1.625, 8.25, 1.5], "rotation": 180, "texture": "#claymore"}
			}
		},
		{
			"name": "Box11",
			"from": [6.75, 4.94559, 10.45],
			"to": [7.25, 29.94559, 10.95],
			"rotation": {"angle": -45, "axis": "z", "origin": [8, 14.96029, 12.48603]},
			"faces": {
				"north": {"uv": [8.125, 1.375, 7.875, 13.875], "rotation": 180, "texture": "#claymore"},
				"east": {"uv": [7.875, 1.375, 8, 13.875], "rotation": 180, "texture": "#claymore"},
				"south": {"uv": [7.875, 1.375, 8.125, 13.875], "rotation": 180, "texture": "#claymore"},
				"west": {"uv": [8.125, 13.875, 8, 1.375], "texture": "#claymore"},
				"up": {"uv": [7.875, 13.75, 8.125, 13.875], "rotation": 180, "texture": "#claymore"},
				"down": {"uv": [7.875, 1.5, 8.125, 1.375], "rotation": 180, "texture": "#claymore"}
			}
		},
		{
			"name": "Box12",
			"from": [4.75, 22.69559, 10.575],
			"to": [6, 22.94559, 10.85626],
			"rotation": {"angle": -45, "axis": "z", "origin": [8, 14.96029, 12.48603]},
			"faces": {
				"north": {"uv": [9.125, 10.25, 8.5, 10.375], "rotation": 180, "texture": "#claymore"},
				"east": {"uv": [8.5, 10.25, 8.625, 10.375], "rotation": 180, "texture": "#claymore"},
				"south": {"uv": [8.5, 10.25, 9.125, 10.375], "rotation": 180, "texture": "#claymore"},
				"west": {"uv": [9.125, 10.375, 9, 10.25], "texture": "#claymore"},
				"up": {"uv": [8.5, 10.25, 9.125, 10.375], "rotation": 180, "texture": "#claymore"},
				"down": {"uv": [8.5, 10.375, 9.125, 10.25], "rotation": 180, "texture": "#claymore"}
			}
		},
		{
			"name": "Box13",
			"from": [5, 22.44559, 10.575],
			"to": [5.5, 22.69559, 10.85626],
			"rotation": {"angle": -45, "axis": "z", "origin": [8, 14.96029, 12.48603]},
			"faces": {
				"north": {"uv": [9, 10.125, 8.75, 10.25], "rotation": 180, "texture": "#claymore"},
				"east": {"uv": [8.75, 10.125, 8.875, 10.25], "rotation": 180, "texture": "#claymore"},
				"south": {"uv": [8.75, 10.125, 9, 10.25], "rotation": 180, "texture": "#claymore"},
				"west": {"uv": [9, 10.25, 8.875, 10.125], "texture": "#claymore"},
				"up": {"uv": [8.75, 10.125, 9, 10.25], "rotation": 180, "texture": "#claymore"},
				"down": {"uv": [8.75, 10.25, 9, 10.125], "rotation": 180, "texture": "#claymore"}
			}
		},
		{
			"name": "Box14",
			"from": [4.75, 22.19559, 10.575],
			"to": [5, 22.44559, 10.85626],
			"rotation": {"angle": -45, "axis": "z", "origin": [8, 14.96029, 12.48603]},
			"faces": {
				"north": {"uv": [9.125, 10, 9, 10.125], "rotation": 180, "texture": "#claymore"},
				"east": {"uv": [9, 10, 9.125, 10.125], "rotation": 180, "texture": "#claymore"},
				"south": {"uv": [9, 10, 9.125, 10.125], "rotation": 180, "texture": "#claymore"},
				"west": {"uv": [9.125, 10.125, 9, 10], "texture": "#claymore"},
				"up": {"uv": [9, 10, 9.125, 10.125], "rotation": 180, "texture": "#claymore"},
				"down": {"uv": [9, 10.125, 9.125, 10], "rotation": 180, "texture": "#claymore"}
			}
		},
		{
			"name": "Box15",
			"from": [4.5, 22.44559, 10.575],
			"to": [4.75, 22.69559, 10.85626],
			"rotation": {"angle": -45, "axis": "z", "origin": [8, 14.96029, 12.48603]},
			"faces": {
				"north": {"uv": [9.25, 10.125, 9.125, 10.25], "rotation": 180, "texture": "#claymore"},
				"east": {"uv": [9.125, 10.125, 9.25, 10.25], "rotation": 180, "texture": "#claymore"},
				"south": {"uv": [9.125, 10.125, 9.25, 10.25], "rotation": 180, "texture": "#claymore"},
				"west": {"uv": [9.25, 10.25, 9.125, 10.125], "texture": "#claymore"},
				"up": {"uv": [9.125, 10.125, 9.25, 10.25], "rotation": 180, "texture": "#claymore"},
				"down": {"uv": [9.125, 10.25, 9.25, 10.125], "rotation": 180, "texture": "#claymore"}
			}
		},
		{
			"name": "Box10",
			"from": [6.75, 22.94559, 10.325],
			"to": [7.25, 29.69559, 11.075],
			"rotation": {"angle": -45, "axis": "z", "origin": [8, 14.96029, 12.48603]},
			"faces": {
				"north": {"uv": [8.125, 10.375, 7.875, 13.75], "rotation": 180, "texture": "#claymore"},
				"east": {"uv": [7.875, 10.375, 8, 13.75], "rotation": 180, "texture": "#claymore"},
				"south": {"uv": [7.875, 10.375, 8.125, 13.75], "rotation": 180, "texture": "#claymore"},
				"west": {"uv": [8.125, 10.375, 8, 13.75], "rotation": 180, "texture": "#claymore"},
				"up": {"uv": [7.875, 13.625, 8.125, 13.75], "rotation": 180, "texture": "#claymore"},
				"down": {"uv": [7.875, 10.5, 8.125, 10.375], "rotation": 180, "texture": "#claymore"}
			}
		},
		{
			"name": "Box6",
			"from": [6.5, 22.94559, 10.2],
			"to": [7.5, 24.19559, 11.2],
			"rotation": {"angle": -45, "axis": "z", "origin": [8, 14.96029, 12.48603]},
			"faces": {
				"north": {"uv": [8.25, 10.375, 7.75, 11], "rotation": 180, "texture": "#claymore"},
				"east": {"uv": [7.75, 10.375, 7.875, 11], "rotation": 180, "texture": "#claymore"},
				"south": {"uv": [7.75, 10.375, 8.25, 11], "rotation": 180, "texture": "#claymore"},
				"west": {"uv": [8.25, 10.375, 8.125, 11], "rotation": 180, "texture": "#claymore"},
				"up": {"uv": [7.75, 10.875, 8.25, 11], "rotation": 180, "texture": "#claymore"},
				"down": {"uv": [7.75, 10.5, 8.25, 10.375], "rotation": 180, "texture": "#claymore"}
			}
		}
	],
	"display": {
		"thirdperson_righthand": {
			"translation": [0.4, 0.25, 0.25],
			"scale": [0.37, 0.38, 0.37]
		},
		"thirdperson_lefthand": {
			"translation": [0.4, 0.25, 0.25],
			"scale": [0.37, 0.38, 0.37]
		},
		"firstperson_righthand": {
			"translation": [0.4, 0.25, 0.25],
			"scale": [0.37, 0.38, 0.37]
		},
		"firstperson_lefthand": {
			"translation": [0.4, 0.25, 0.25],
			"scale": [0.37, 0.38, 0.37]
		},
		"ground": {
			"translation": [0.4, 0.25, 0.25],
			"scale": [0.37, 0.38, 0.37]
		},
		"gui": {
			"rotation": [0, 176.5, 0],
			"translation": [0.4, -1.75, 0.25],
			"scale": [0.37, 0.38, 0.37]
		},
		"head": {
			"translation": [0.4, 0.25, 0.25],
			"scale": [0.37, 0.38, 0.37]
		},
		"fixed": {
			"rotation": [-90, 0, 0],
			"translation": [0, 0, -16.75],
			"scale": [2, 2, 2]
		}
	},
	"groups": [
		{
			"name": "steve",
			"origin": [8, 8, 8],
			"children": [0, 1, 2, 3, 4, 5, 6, 7, 8, 9, 10, 11]
		},
		{
			"name": "claymore",
			"origin": [8, 8, 8],
			"children": [12, 13, 14, 15, 16, 17, 18, 19, 20, 21, 22, 23, 24, 25, 26, 27, 28]
		}
	]
}