{
	"credit": "Made with Blockbench",
	"textures": {
		"0": "./solair",
		"particle": "./solair"
	},
	"elements": [
		{
			"name": "head",
			"from": [4, 3.93055, 15.61695],
			"to": [12, 11.93055, 23.61695],
			"rotation": {"angle": -22.5, "axis": "x", "origin": [8, 10.9318, 10.12007]},
			"faces": {
				"north": {"uv": [6, 0, 4, 2], "rotation": 180, "texture": "#0"},
				"east": {"uv": [0, 2, 2, 4], "rotation": 270, "texture": "#0"},
				"south": {"uv": [4, 2, 2, 0], "texture": "#0"},
				"west": {"uv": [4, 2, 6, 4], "rotation": 90, "texture": "#0"},
				"up": {"uv": [2, 2, 4, 4], "rotation": 180, "texture": "#0"},
				"down": {"uv": [6, 2, 8, 4], "texture": "#0"}
			}
		},
		{
			"name": "body",
			"from": [4, 5.93055, 3.61695],
			"to": [12, 9.93055, 15.61695],
			"rotation": {"angle": -22.5, "axis": "x", "origin": [8, 10.9318, 10.12007]},
			"faces": {
				"north": {"uv": [9, 4, 7, 5], "rotation": 180, "texture": "#0"},
				"east": {"uv": [4, 5, 5, 8], "rotation": 270, "texture": "#0"},
				"south": {"uv": [7, 5, 5, 4], "texture": "#0"},
				"west": {"uv": [7, 5, 8, 8], "rotation": 90, "texture": "#0"},
				"up": {"uv": [5, 5, 7, 8], "rotation": 180, "texture": "#0"},
				"down": {"uv": [8, 5, 10, 8], "texture": "#0"}
			}
		},
		{
			"name": "right_arm",
			"from": [12, 5.93055, 3.61695],
			"to": [15, 9.93055, 15.61695],
			"rotation": {"angle": -22.5, "axis": "x", "origin": [8, 10.9318, 10.12007]},
			"faces": {
				"north": {"uv": [12.5, 4, 11.75, 5], "rotation": 180, "texture": "#0"},
				"east": {"uv": [10, 5, 11, 8], "rotation": 270, "texture": "#0"},
				"south": {"uv": [11.75, 5, 11, 4], "texture": "#0"},
				"west": {"uv": [11.75, 5, 12.75, 8], "rotation": 90, "texture": "#0"},
				"up": {"uv": [11, 5, 11.75, 8], "rotation": 180, "texture": "#0"},
				"down": {"uv": [12.75, 5, 13.5, 8], "texture": "#0"}
			}
		},
		{
			"name": "left_arm",
			"from": [1, 5.93055, 3.61695],
			"to": [4, 9.93055, 15.61695],
			"rotation": {"angle": -22.5, "axis": "x", "origin": [8, 10.9318, 10.12007]},
			"faces": {
				"north": {"uv": [10.5, 12, 9.75, 13], "rotation": 180, "texture": "#0"},
				"east": {"uv": [8, 13, 9, 16], "rotation": 270, "texture": "#0"},
				"south": {"uv": [9.75, 13, 9, 12], "texture": "#0"},
				"west": {"uv": [9.75, 13, 10.75, 16], "rotation": 90, "texture": "#0"},
				"up": {"uv": [9, 13, 9.75, 16], "rotation": 180, "texture": "#0"},
				"down": {"uv": [10.75, 13, 11.5, 16], "texture": "#0"}
			}
		},
		{
			"name": "right_leg",
			"from": [4, 3.5, -7.125],
			"to": [8, 7.5, 4.875],
			"rotation": {"angle": 0, "axis": "x", "origin": [8, 5.5, 8]},
			"faces": {
				"north": {"uv": [7, 12, 6, 13], "rotation": 180, "texture": "#0"},
				"east": {"uv": [4, 13, 5, 16], "rotation": 270, "texture": "#0"},
				"south": {"uv": [6, 13, 5, 12], "texture": "#0"},
				"west": {"uv": [6, 13, 7, 16], "rotation": 90, "texture": "#0"},
				"up": {"uv": [5, 13, 6, 16], "rotation": 180, "texture": "#0"},
				"down": {"uv": [7, 13, 8, 16], "texture": "#0"}
			}
		},
		{
			"name": "left_leg",
			"from": [8, 3.5, -7.125],
			"to": [12, 7.5, 4.875],
			"rotation": {"angle": 0, "axis": "x", "origin": [8, 5.5, 8]},
			"faces": {
				"north": {"uv": [3, 4, 2, 5], "rotation": 180, "texture": "#0"},
				"east": {"uv": [0, 5, 1, 8], "rotation": 270, "texture": "#0"},
				"south": {"uv": [2, 5, 1, 4], "texture": "#0"},
				"west": {"uv": [2, 5, 3, 8], "rotation": 90, "texture": "#0"},
				"up": {"uv": [1, 5, 2, 8], "rotation": 180, "texture": "#0"},
				"down": {"uv": [3, 5, 4, 8], "texture": "#0"}
			}
		},
		{
			"name": "head_2nd_layer",
			"from": [3.5, 3.43055, 15.11695],
			"to": [12.5, 12.43055, 24.11695],
			"rotation": {"angle": -22.5, "axis": "x", "origin": [8, 10.9318, 10.12007]},
			"faces": {
				"north": {"uv": [14, 0, 12, 2], "rotation": 180, "texture": "#0"},
				"east": {"uv": [8, 2, 10, 4], "rotation": 270, "texture": "#0"},
				"south": {"uv": [12, 2, 10, 0], "texture": "#0"},
				"west": {"uv": [12, 2, 14, 4], "rotation": 90, "texture": "#0"},
				"up": {"uv": [10, 2, 12, 4], "rotation": 180, "texture": "#0"},
				"down": {"uv": [14, 2, 16, 4], "texture": "#0"}
			}
		},
		{
			"name": "body_2nd_layer",
			"from": [4, 5.44055, 3.13695],
			"to": [12, 10.44055, 16.14695],
			"rotation": {"angle": -22.5, "axis": "x", "origin": [8, 10.9318, 10.12007]},
			"faces": {
				"north": {"uv": [9, 8, 7, 9], "rotation": 180, "texture": "#0"},
				"east": {"uv": [4, 9, 5, 12], "rotation": 270, "texture": "#0"},
				"south": {"uv": [7, 9, 5, 8], "texture": "#0"},
				"west": {"uv": [7, 9, 8, 12], "rotation": 90, "texture": "#0"},
				"up": {"uv": [5, 9, 7, 12], "rotation": 180, "texture": "#0"},
				"down": {"uv": [8, 9, 10, 12], "texture": "#0"}
			}
		},
		{
			"name": "right_arm_2nd_layer",
			"from": [11.5, 5.43055, 3.11695],
			"to": [15.5, 10.43055, 16.11695],
			"rotation": {"angle": -22.5, "axis": "x", "origin": [8, 10.9318, 10.12007]},
			"faces": {
				"north": {"uv": [12.5, 8, 11.75, 9], "rotation": 180, "texture": "#0"},
				"east": {"uv": [10, 9, 11, 12], "rotation": 270, "texture": "#0"},
				"south": {"uv": [11.75, 9, 11, 8], "texture": "#0"},
				"west": {"uv": [11.75, 9, 12.75, 12], "rotation": 90, "texture": "#0"},
				"up": {"uv": [10.75, 9, 11.5, 12], "rotation": 180, "texture": "#0"},
				"down": {"uv": [12.75, 9, 13.5, 12], "texture": "#0"}
			}
		},
		{
			"name": "left_arm_2nd_layer",
			"from": [0.5, 5.43055, 3.11695],
			"to": [4.5, 10.43055, 16.11695],
			"rotation": {"angle": -22.5, "axis": "x", "origin": [8, 10.9318, 10.12007]},
			"faces": {
				"north": {"uv": [14.5, 12, 13.75, 13], "rotation": 180, "texture": "#0"},
				"east": {"uv": [12, 13, 13, 16], "rotation": 270, "texture": "#0"},
				"south": {"uv": [13.75, 13, 13, 12], "texture": "#0"},
				"west": {"uv": [13.75, 13, 14.75, 16], "rotation": 90, "texture": "#0"},
				"up": {"uv": [13, 13, 13.75, 16], "rotation": 180, "texture": "#0"},
				"down": {"uv": [14.75, 13, 15.5, 16], "texture": "#0"}
			}
		},
		{
			"name": "right_leg_2nd_layer",
			"from": [7.5, 3, -7.625],
			"to": [12.5, 8, 5.375],
			"rotation": {"angle": 0, "axis": "x", "origin": [8, 5.5, 8]},
			"faces": {
				"north": {"uv": [3, 8, 2, 9], "rotation": 180, "texture": "#0"},
				"east": {"uv": [0, 9, 1, 12], "rotation": 270, "texture": "#0"},
				"south": {"uv": [2, 9, 1, 8], "texture": "#0"},
				"west": {"uv": [0, 9, 1, 12], "rotation": 90, "texture": "#0"},
				"up": {"uv": [1, 9, 2, 12], "rotation": 180, "texture": "#0"},
				"down": {"uv": [3, 9, 4, 12], "texture": "#0"}
			}
		},
		{
			"name": "left_leg_2nd_layer",
			"from": [3.5, 3, -7.625],
			"to": [8.5, 8, 5.375],
			"rotation": {"angle": 0, "axis": "x", "origin": [8, 5.5, 8]},
			"faces": {
				"north": {"uv": [3, 12, 2, 13], "rotation": 180, "texture": "#0"},
				"east": {"uv": [0, 13, 1, 16], "rotation": 270, "texture": "#0"},
				"south": {"uv": [2, 13, 1, 12], "texture": "#0"},
				"west": {"uv": [2, 13, 3, 16], "rotation": 90, "texture": "#0"},
				"up": {"uv": [1, 13, 2, 16], "rotation": 180, "texture": "#0"},
				"down": {"uv": [3, 13, 4, 16], "texture": "#0"}
			}
		}
	],
	"display": {
		"thirdperson_righthand": {
			"scale": [0.26, 0.27, 0.26]
		},
		"thirdperson_lefthand": {
			"scale": [0.26, 0.27, 0.26]
		},
		"firstperson_righthand": {
			"scale": [0.26, 0.27, 0.26]
		},
		"firstperson_lefthand": {
			"scale": [0.26, 0.27, 0.26]
		},
		"ground": {
			"scale": [0.26, 0.27, 0.26]
		},
		"gui": {
			"rotation": [62.5, -146.25, 0],
			"scale": [0.26, 0.27, 0.26]
		},
		"head": {
			"scale": [0.26, 0.27, 0.26]
		},
		"fixed": {
			"rotation": [-90, 0, -30],
			"translation": [0, 0, -6.5],
			"scale": [2.01, 2.01, 2.01]
		}
	},
	"groups": [
		{
			"name": "alex",
			"origin": [8, 8, 8],
			"children": [0, 1, 2, 3, 4, 5, 6, 7, 8, 9, 10, 11]
		}
	]
}