{
	"credit": "Made with Blockbench",
	"textures": {
		"0": "./anotherBarrel",
		"particle": "./anotherBarrel"
	},
	"elements": [
		{
			"name": "head",
			"from": [2.75, 0.75, 2.75],
			"to": [13.75, 15.75, 13.75],
			"rotation": {"angle": 0, "axis": "y", "origin": [8, 8, 8]},
			"faces": {
				"north": {"uv": [2, 2, 4, 4], "texture": "#0"},
				"east": {"uv": [0, 2, 2, 4], "texture": "#0"},
				"south": {"uv": [6, 2, 8, 4], "texture": "#0"},
				"west": {"uv": [4, 2, 6, 4], "texture": "#0"},
				"up": {"uv": [4, 2, 2, 0], "texture": "#0"},
				"down": {"uv": [6, 0, 4, 2], "texture": "#0"}
			}
		},
		{
			"name": "head_2nd_layer",
			"from": [2.25, 0.25, 2.25],
			"to": [13.25, 15.25, 13.25],
			"rotation": {"angle": 0, "axis": "y", "origin": [8, 8, 8]},
			"faces": {
				"north": {"uv": [10, 2, 12, 4], "texture": "#0"},
				"east": {"uv": [8, 2, 10, 4], "texture": "#0"},
				"south": {"uv": [14, 2, 16, 4], "texture": "#0"},
				"west": {"uv": [12, 2, 14, 4], "texture": "#0"},
				"up": {"uv": [12, 2, 10, 0], "texture": "#0"},
				"down": {"uv": [14, 0, 12, 2], "texture": "#0"}
			}
		}
	],
	"display": {
		"thirdperson_righthand": {
			"scale": [0.32617, 0.32617, 0.32617]
		},
		"thirdperson_lefthand": {
			"scale": [0.32617, 0.32617, 0.32617]
		},
		"firstperson_righthand": {
			"scale": [0.32617, 0.32617, 0.32617]
		},
		"firstperson_lefthand": {
			"scale": [0.32617, 0.32617, 0.32617]
		},
		"ground": {
			"scale": [0.32617, 0.32617, 0.32617]
		},
		"gui": {
			"scale": [0.32617, 0.32617, 0.32617]
		},
		"head": {
			"scale": [0.32617, 0.32617, 0.32617]
		},
		"fixed": {
			"rotation": [90, 0, 0],
			"translation": [0, 0, -13.25],
			"scale": [1.75, 1.75, 1.75]
		}
	},
	"groups": [
		{
			"name": "steve",
			"origin": [8, 8, 8],
			"children": [0, 1]
		}
	]
}